fund,company,weight,isin,sector,pe,pb
Quant Large Cap Fund,Treps 01-Jul-2026 Depo 10,16.85,,,,
Quant Large Cap Fund,Nca-Net Current Assets,15.81,,,,
Quant Mid Cap Fund,Treps 01-Jul-2026 Depo 10,14.08,,,,
Quant Flexi Cap Fund,Treps 01-Jul-2026 Depo 10,13.1,,,,
WhiteOak Capital Mid Cap Fund,Cash Offset For Derivatives,12.34,,,,
AXIS Midcap Fund,Clearing Corporation Of India Ltd,11.44,,,,
DSP Small Cap Fund,Treps / Reverse Repo Investments,11.36,,,,
Quant Flexi Cap Fund,Nca-Net Current Assets,11.31,,,,
Quant Mid Cap Fund,Aurobindo Pharma Ltd,10.41,,Healthcare,25.90625,2.5414207
DSP Large Cap Fund,HDFC Bank Ltd,10.06,,Financial Services,16.051823,1.856211
WhiteOak Capital Large Cap Fund,HDFC Bank Ltd,9.99,,Financial Services,16.051823,1.856211
WhiteOak Capital Large Cap Fund,ICICI Bank Ltd,9.96,,Financial Services,18.382923,2.6792262
DSP Large Cap Fund,ICICI Bank Ltd,9.91,,Financial Services,18.382923,2.6792262
Nippon India Large Cap Fund,HDFC Bank Ltd,9.91,,Financial Services,16.051823,1.856211
Mahindra Manulife Large Cap Fund,ICICI Bank Ltd,9.83,,Financial Services,18.382923,2.6792262
UTI-Large Cap Fund,HDFC Bank Ltd,9.82,,Financial Services,16.051823,1.856211
WhiteOak Capital Large Cap Fund,Cash Offset For Derivatives,9.8,,,,
Motilal Oswal Large Cap Fund,HDFC Bank Ltd,9.76,,Financial Services,16.051823,1.856211
HDFC Large Cap Fund,ICICI Bank Ltd,9.73,,Financial Services,18.382923,2.6792262
AXIS Large Cap Fund,ICICI Bank Ltd,9.63,,Financial Services,18.382923,2.6792262
Quant Large Cap Fund,Adani Green Energy Ltd,9.62,,Utilities,131.58197,11.718897
Franklin India Large Cap Fund,ICICI Bank Ltd,9.55,,Financial Services,18.382923,2.6792262
UTI-Large Cap Fund,ICICI Bank Ltd,9.52,,Financial Services,18.382923,2.6792262
Quant Mid Cap Fund,Tata Communications Ltd,9.5,,Communication Services,52.915287,14.511902
Mirae Asset Large Cap Fund,HDFC Bank Ltd,9.43,,Financial Services,16.051823,1.856211
Mahindra Manulife Large Cap Fund,HDFC Bank Ltd,9.35,,Financial Services,16.051823,1.856211
LIC MF Large Cap Fund,ICICI Bank Ltd,9.34,,Financial Services,18.382923,2.6792262
Quant Large Cap Fund,Adani Enterprises Ltd,9.24,,Energy,52.359394,4.8032765
DSP Flexi Cap Fund,ICICI Bank Ltd,9.24,,Financial Services,18.382923,2.6792262
DSP Flexi Cap Fund,HDFC Bank Ltd,9.23,,Financial Services,16.051823,1.856211
HDFC Flexi Cap Fund,ICICI Bank Ltd,9.18,,Financial Services,18.382923,2.6792262
Union Largecap Fund,ICICI Bank Ltd,9.15,,Financial Services,18.382923,2.6792262
Quant Large Cap Fund,ICICI Bank Ltd,9.04,,Financial Services,18.382923,2.6792262
Quant Flexi Cap Fund,Adani Power Ltd,9.0,,Utilities,28.167116,6.2067533
Bandhan Large Cap Fund,ICICI Bank Ltd,8.93,,Financial Services,18.382923,2.6792262
ICICI Pru Large Cap Fund,ICICI Bank Ltd,8.92,,Financial Services,18.382923,2.6792262
Tata Large Cap Fund,ICICI Bank Ltd,8.9,,Financial Services,18.382923,2.6792262
HSBC Large Cap Fund,HDFC Bank Ltd,8.8,,Financial Services,16.051823,1.856211
SBI Large Cap Fund,HDFC Bank Ltd,8.77,,Financial Services,16.051823,1.856211
ICICI Pru Large Cap Fund,HDFC Bank Ltd,8.74,,Financial Services,16.051823,1.856211
HSBC Large Cap Fund,ICICI Bank Ltd,8.72,,Financial Services,18.382923,2.6792262
Bandhan Flexi Cap Fund,HDFC Bank Ltd,8.71,,Financial Services,16.051823,1.856211
Mirae Asset Large Cap Fund,ICICI Bank Ltd,8.66,,Financial Services,18.382923,2.6792262
Franklin India Large Cap Fund,HDFC Bank Ltd,8.65,,Financial Services,16.051823,1.856211
Quant Flexi Cap Fund,Adani Enterprises Ltd,8.62,,Energy,52.359394,4.8032765
WhiteOak Capital Flexi Cap Fund,ICICI Bank Ltd,8.61,,Financial Services,18.382923,2.6792262
PGIM India Large Cap Fund,HDFC Bank Ltd,8.57,,Financial Services,16.051823,1.856211
Canara Robeco Large Cap Fund,HDFC Bank Ltd,8.54,,Financial Services,16.051823,1.856211
Nippon India Large Cap Fund,ICICI Bank Ltd,8.53,,Financial Services,18.382923,2.6792262
Quant Flexi Cap Fund,Samvardhana Motherson International Ltd,8.52,,Consumer Cyclical,,
Taurus Flexi Cap Fund,HDFC Bank Ltd,8.35,,Financial Services,16.051823,1.856211
Parag Parikh Flexi Cap Fund,HDFC Bank Ltd,8.33,,Financial Services,16.051823,1.856211
PGIM India Large Cap Fund,ICICI Bank Ltd,8.33,,Financial Services,18.382923,2.6792262
Canara Robeco Large Cap Fund,ICICI Bank Ltd,8.32,,Financial Services,18.382923,2.6792262
SBI Large Cap Fund,ICICI Bank Ltd,8.2,,Financial Services,18.382923,2.6792262
Quant Mid Cap Fund,Lloyds Metals & Energy Ltd,8.17,,Basic Materials,,
Mahindra Manulife Flexi Cap Fund,ICICI Bank Ltd,8.16,,Financial Services,18.382923,2.6792262
LIC MF Large Cap Fund,HDFC Bank Ltd,8.14,,Financial Services,16.051823,1.856211
ITI Large Cap Fund,HDFC Bank Ltd,8.11,,Financial Services,16.051823,1.856211
HDFC Mid Cap Fund,Treps - Tri-Party Repo,8.11,,,,
Bandhan Small Cap Fund,Triparty Repo Trp_010726,8.04,,,,
Bandhan Large Cap Fund,HDFC Bank Ltd,7.92,,Financial Services,16.051823,1.856211
HDFC Large Cap Fund,HDFC Bank Ltd,7.92,,Financial Services,16.051823,1.856211
AXIS Large Cap Fund,HDFC Bank Ltd,7.86,,Financial Services,16.051823,1.856211
Franklin India Flexi Cap Fund,HDFC Bank Ltd,7.83,,Financial Services,16.051823,1.856211
Bandhan Flexi Cap Fund,ICICI Bank Ltd,7.83,,Financial Services,18.382923,2.6792262
TRUSTMF Flexi Cap Fund,ICICI Bank Ltd,7.79,,Financial Services,18.382923,2.6792262
Quantum Small Cap Fund,Treps ^,7.78,,,,
AXIS Flexi Cap Fund,ICICI Bank Ltd,7.77,,Financial Services,18.382923,2.6792262
Aditya Birla SL Large Cap Fund,ICICI Bank Ltd,7.74,,Financial Services,18.382923,2.6792262
Shriram Flexi Cap Fund,HDFC Bank Ltd,7.71,,Financial Services,16.051823,1.856211
Quant Large Cap Fund,Samvardhana Motherson International Ltd,7.66,,Consumer Cyclical,,
Kotak Large Cap Fund,ICICI Bank Ltd,7.56,,Financial Services,18.382923,2.6792262
Sundaram Large Cap Fund,ICICI Bank Ltd,7.53,,Financial Services,18.382923,2.6792262
Edelweiss Large Cap Fund,HDFC Bank Ltd,7.4,,Financial Services,16.051823,1.856211
Edelweiss Large Cap Fund,ICICI Bank Ltd,7.38,,Financial Services,18.382923,2.6792262
Motilal Oswal Midcap Fund,One97 Communications Ltd,7.34,,Technology,,
DSP Flexi Cap Fund,Treps / Reverse Repo Investments,7.33,,,,
Union Largecap Fund,HDFC Bank Ltd,7.31,,Financial Services,16.051823,1.856211
Motilal Oswal Large Cap Fund,ICICI Bank Ltd,7.24,,Financial Services,18.382923,2.6792262
Invesco India Largecap Fund,ICICI Bank Ltd,7.22,,Financial Services,18.382923,2.6792262
Bank of India Large Cap Fund,HDFC Bank Ltd,7.22,,Financial Services,16.051823,1.856211
WhiteOak Capital Flexi Cap Fund,HDFC Bank Ltd,7.22,,Financial Services,16.051823,1.856211
Taurus Flexi Cap Fund,ITC Ltd,7.15,,Consumer Defensive,18.050472,4.9439254
Invesco India Midcap Fund,Prestige Estates Projects Ltd,7.09,,Real Estate,59.86932,4.183585
Nippon India Flexi Cap Fund,ICICI Bank Ltd,7.06,,Financial Services,18.382923,2.6792262
Samco Flexi Cap Fund,Bank of Maharashtra,7.05,,Financial Services,7.995914,1.6871054
Aditya Birla SL Large Cap Fund,HDFC Bank Ltd,7.01,,Financial Services,16.051823,1.856211
Quant Large Cap Fund,Capri Global Capital Ltd,6.97,,Financial Services,19.612436,3.0815866
Quant Large Cap Fund,Tech Mahindra Ltd,6.93,,Technology,31.637583,5.315708
JM Large Cap Fund,HDFC Bank Ltd,6.9,,Financial Services,16.051823,1.856211
HDFC Flexi Cap Fund,Axis Bank Ltd,6.84,,Financial Services,13.927326,1.7253225
Navi Flexi Cap Fund,Treps/Reverse Repo/Net Current Assets/Cash/Cash Equivalent,6.79,,,,
WhiteOak Capital Mid Cap Fund,Clearing Corporation Of India Ltd,6.78,,,,
HDFC Flexi Cap Fund,HDFC Bank Ltd,6.77,,Financial Services,16.051823,1.856211
Quant Large Cap Fund,Larsen & Toubro Ltd,6.77,,Industrials,33.67093,5.1052904
Samco Flexi Cap Fund,Marico Ltd,6.74,,Consumer Defensive,65.507576,27.663319
Motilal Oswal Flexi Cap Fund,CG Power & Industrial Solutions Ltd,6.66,,Industrials,,
Quant Large Cap Fund,LG Electronics India Ltd,6.66,,Technology,63.68928,14.048153
Kotak Large Cap Fund,HDFC Bank Ltd,6.65,,Financial Services,16.051823,1.856211
Quant Flexi Cap Fund,Aurobindo Pharma Ltd,6.64,,Healthcare,25.90625,2.5414207
Motilal Oswal Flexi Cap Fund,Kalyan Jewellers India Ltd,6.63,,Consumer Cyclical,,
Samco Flexi Cap Fund,Nestle India Ltd,6.61,,Consumer Defensive,90.96278,66.96817
Quant Mid Cap Fund,IRB Infrastructure Developers Ltd,6.57,,Industrials,,
Sundaram Large Cap Fund,Axis Bank Ltd,6.57,,Financial Services,13.927326,1.7253225
Tata Small Cap Fund,Kirloskar Pneumatic Co Ltd,6.55,,Industrials,,
Motilal Oswal Large Cap Fund,Reliance Industries Ltd,6.49,,Energy,24.154905,1.9980692
AXIS Midcap Fund,Nifty July 2026 Future,6.48,,,,
AXIS Flexi Cap Fund,Clearing Corporation Of India Ltd,6.45,,,,
ITI Large Cap Fund,ICICI Bank Ltd,6.44,,Financial Services,18.382923,2.6792262
SBI Small Cap Fund,Treps,6.41,,,,
Tata Large Cap Fund,HDFC Bank Ltd,6.37,,Financial Services,16.051823,1.856211
Motilal Oswal Midcap Fund,Kalyan Jewellers India Ltd,6.34,,Consumer Cyclical,,
Franklin India Flexi Cap Fund,ICICI Bank Ltd,6.34,,Financial Services,18.382923,2.6792262
Nippon India Flexi Cap Fund,HDFC Bank Ltd,6.32,,Financial Services,16.051823,1.856211
Quant Flexi Cap Fund,ICICI Prudential Asset Management Co Ltd,6.27,,Financial Services,,
UTI-Flexi Cap Fund,Bajaj Finance Ltd,6.26,,Financial Services,,
Quant Large Cap Fund,Varun Beverages Ltd,6.25,,Consumer Defensive,,
Quant Large Cap Fund,India (Republic of),6.24,,,,
UTI-Flexi Cap Fund,ICICI Bank Ltd,6.24,,Financial Services,18.382923,2.6792262
Parag Parikh Flexi Cap Fund,Power Grid Corp Of India Ltd,6.23,,Utilities,,
Quant Flexi Cap Fund,ICICI Bank Ltd,6.21,,Financial Services,18.382923,2.6792262
Sundaram Large Cap Fund,HDFC Bank Ltd,6.18,,Financial Services,16.051823,1.856211
Baroda BNP Paribas Large Cap Fund,HDFC Bank Ltd,6.15,,Financial Services,16.051823,1.856211
Tata Flexi Cap Fund,HDFC Bank Ltd,6.14,,Financial Services,16.051823,1.856211
Kotak Large Cap Fund,Reliance Industries Ltd,6.12,,Energy,24.154905,1.9980692
Baroda BNP Paribas Large Cap Fund,ICICI Bank Ltd,6.11,,Financial Services,18.382923,2.6792262
Mirae Asset Flexi Cap Fund,HDFC Bank Ltd,6.1,,Financial Services,16.051823,1.856211
PGIM India Flexi Cap Fund,HDFC Bank Ltd,6.1,,Financial Services,16.051823,1.856211
Aditya Birla SL Flexi Cap Fund,ICICI Bank Ltd,6.1,,Financial Services,18.382923,2.6792262
Invesco India Flexi Cap Fund,ICICI Bank Ltd,6.1,,Financial Services,18.382923,2.6792262
Parag Parikh Flexi Cap Fund,ITC Ltd,6.07,,Consumer Defensive,18.050472,4.9439254
Union Flexi Cap Fund,ICICI Bank Ltd,6.05,,Financial Services,18.382923,2.6792262
Tata Flexi Cap Fund,ICICI Bank Ltd,6.05,,Financial Services,18.382923,2.6792262
Motilal Oswal Midcap Fund,Coforge Ltd,6.04,,Technology,,
Quant Small Cap Fund,HFCL Ltd,6.03,,Technology,,
DSP Large Cap Fund,Axis Bank Ltd,5.99,,Financial Services,13.927326,1.7253225
Edelweiss Flexi Cap Fund,ICICI Bank Ltd,5.98,,Financial Services,18.382923,2.6792262
PGIM India Flexi Cap Fund,ICICI Bank Ltd,5.98,,Financial Services,18.382923,2.6792262
Invesco India Largecap Fund,HDFC Bank Ltd,5.98,,Financial Services,16.051823,1.856211
Motilal Oswal Midcap Fund,Eternal Ltd,5.96,,Consumer Cyclical,,
Bank of India Large Cap Fund,ICICI Bank Ltd,5.93,,Financial Services,18.382923,2.6792262
UTI-Flexi Cap Fund,Eternal Ltd,5.93,,Consumer Cyclical,,
Taurus Mid Cap Fund,Linde India Ltd,5.91,,Basic Materials,,
Sundaram Large Cap Fund,Bharti Airtel Ltd,5.91,,Communication Services,40.983265,7.5497437
Bandhan Large Cap Fund,Reliance Industries Ltd,5.86,,Energy,24.154905,1.9980692
WhiteOak Capital Flexi Cap Fund,Cash Offset For Derivatives,5.79,,,,
SBI Large Cap Fund,Reliance Industries Ltd,5.76,,Energy,24.154905,1.9980692
Tata Large Cap Fund,Bharti Airtel Ltd,5.75,,Communication Services,40.983265,7.5497437
Samco Flexi Cap Fund,AIA Engineering Ltd,5.74,,Industrials,38.096615,6.013975
SBI Small Cap Fund,Ather Energy Ltd,5.71,,Consumer Cyclical,,
HSBC Large Cap Fund,Larsen & Toubro Ltd,5.71,,Industrials,33.67093,5.1052904
LIC MF Large Cap Fund,Larsen & Toubro Ltd,5.7,,Industrials,33.67093,5.1052904
Baroda BNP Paribas Large Cap Fund,Reliance Industries Ltd,5.66,,Energy,24.154905,1.9980692
AXIS Midcap Fund,Net Receivables / (Payables),5.66,,,,
HDFC Large Cap Fund,Bharti Airtel Ltd,5.66,,Communication Services,40.983265,7.5497437
Edelweiss Flexi Cap Fund,HDFC Bank Ltd,5.65,,Financial Services,16.051823,1.856211
Quant Mid Cap Fund,Indus Towers Ltd Ordinary Shares,5.65,,Communication Services,,
WhiteOak Capital Large Cap Fund,Clearing Corporation Of India Ltd,5.64,,,,
Mirae Asset Flexi Cap Fund,ICICI Bank Ltd,5.64,,Financial Services,18.382923,2.6792262
DSP Large Cap Fund,ITC Ltd,5.62,,Consumer Defensive,18.050472,4.9439254
Motilal Oswal Midcap Fund,KEI Industries Ltd,5.61,,Industrials,53.76344,8.032405
ICICI Pru Large Cap Fund,Reliance Industries Ltd,5.61,,Energy,24.154905,1.9980692
Invesco India Midcap Fund,The Federal Bank Ltd,5.58,,Financial Services,,
ITI Large Cap Fund,Reliance Industries Ltd,5.57,,Energy,24.154905,1.9980692
SBI Large Cap Fund,Larsen & Toubro Ltd,5.57,,Industrials,33.67093,5.1052904
JM Small Cap Fund,Garware Hi-Tech Films Ltd,5.56,,Basic Materials,47.845478,6.0986433
Franklin India Flexi Cap Fund,Axis Bank Ltd,5.56,,Financial Services,13.927326,1.7253225
Edelweiss Large Cap Fund,Reliance Industries Ltd,5.54,,Energy,24.154905,1.9980692
Parag Parikh Flexi Cap Fund,ICICI Bank Ltd,5.52,,Financial Services,18.382923,2.6792262
ITI Large Cap Fund,Bharti Airtel Ltd,5.5,,Communication Services,40.983265,7.5497437
Motilal Oswal Midcap Fund,Aditya Birla Capital Ltd,5.49,,Financial Services,26.376858,3.1052613
Bajaj Finserv Flexi Cap Fund,ICICI Bank Ltd,5.49,,Financial Services,18.382923,2.6792262
Union Largecap Fund,Reliance Industries Ltd,5.48,,Energy,24.154905,1.9980692
Motilal Oswal Flexi Cap Fund,Eternal Ltd,5.47,,Consumer Cyclical,,
HDFC Large Cap Fund,Kotak Mahindra Bank Ltd,5.46,,Financial Services,19.154411,2.1446095
Quant Small Cap Fund,RBL Bank Ltd,5.46,,Financial Services,,
Sundaram Large Cap Fund,State Bank of India,5.42,,Financial Services,12.03334,1.698928
HSBC Large Cap Fund,Reliance Industries Ltd,5.35,,Energy,24.154905,1.9980692
Parag Parikh Flexi Cap Fund,Coal India Ltd,5.35,,Energy,8.216264,2.1484375
UTI-Flexi Cap Fund,HDFC Bank Ltd,5.33,,Financial Services,16.051823,1.856211
Invesco India Largecap Fund,ICICI Prudential Asset Management Co Ltd,5.33,,Financial Services,,
JM Flexicap Fund,HDFC Bank Ltd,5.32,,Financial Services,16.051823,1.856211
Mirae Asset Large Cap Fund,Bharti Airtel Ltd,5.29,,Communication Services,40.983265,7.5497437
Mahindra Manulife Large Cap Fund,Bharti Airtel Ltd,5.29,,Communication Services,40.983265,7.5497437
TRUSTMF Small Cap Fund,Treps 01-Jul-2026,5.28,,,,
Shriram Flexi Cap Fund,ICICI Bank Ltd,5.28,,Financial Services,18.382923,2.6792262
Baroda BNP Paribas Large Cap Fund,Hitachi Energy India Ltd Ordinary Shares,5.26,,Industrials,,
Franklin India Large Cap Fund,Reliance Industries Ltd,5.24,,Energy,24.154905,1.9980692
Mirae Asset Large Cap Fund,Reliance Industries Ltd,5.19,,Energy,24.154905,1.9980692
Quant Small Cap Fund,Nca-Net Current Assets,5.18,,,,
UTI-Large Cap Fund,Reliance Industries Ltd,5.18,,Energy,24.154905,1.9980692
JM Flexicap Fund,ICICI Bank Ltd,5.18,,Financial Services,18.382923,2.6792262
WhiteOak Capital Large Cap Fund,Bharti Airtel Ltd,5.16,,Communication Services,40.983265,7.5497437
Taurus Mid Cap Fund,Aurobindo Pharma Ltd,5.16,,Healthcare,25.90625,2.5414207
DSP Flexi Cap Fund,Axis Bank Ltd,5.15,,Financial Services,13.927326,1.7253225
JM Large Cap Fund,ICICI Bank Ltd,5.15,,Financial Services,18.382923,2.6792262
360 ONE FlexiCap Fund,ICICI Bank Ltd,5.11,,Financial Services,18.382923,2.6792262
Invesco India Midcap Fund,BSE Ltd,5.08,,Financial Services,,
Aditya Birla SL Large Cap Fund,Reliance Industries Ltd,5.08,,Energy,24.154905,1.9980692
Nippon India Large Cap Fund,Axis Bank Ltd,5.06,,Financial Services,13.927326,1.7253225
Bank of India Large Cap Fund,State Bank of India,5.05,,Financial Services,12.03334,1.698928
DSP Large Cap Fund,Bharti Airtel Ltd,5.04,,Communication Services,40.983265,7.5497437
Mahindra Manulife Large Cap Fund,Reliance Industries Ltd,5.01,,Energy,24.154905,1.9980692
DSP Large Cap Fund,Mahindra & Mahindra Ltd,5.0,,Consumer Cyclical,21.322454,4.203955
Franklin India Large Cap Fund,Eternal Ltd,4.99,,Consumer Cyclical,,
Tata Large Cap Fund,Reliance Industries Ltd,4.99,,Energy,24.154905,1.9980692
AXIS Large Cap Fund,Larsen & Toubro Ltd,4.98,,Industrials,33.67093,5.1052904
HDFC Large Cap Fund,Reliance Industries Ltd,4.96,,Energy,24.154905,1.9980692
Canara Robeco Large Cap Fund,Reliance Industries Ltd,4.96,,Energy,24.154905,1.9980692
PGIM India Large Cap Fund,Bharti Airtel Ltd,4.92,,Communication Services,40.983265,7.5497437
LIC MF Small Cap Fund,Garware Hi-Tech Films Ltd,4.91,,Basic Materials,47.845478,6.0986433
Union Flexi Cap Fund,HDFC Bank Ltd,4.91,,Financial Services,16.051823,1.856211
Invesco India Smallcap Fund,Sai Life Sciences Ltd,4.9,,Healthcare,,
Franklin India Large Cap Fund,Mahindra & Mahindra Ltd,4.88,,Consumer Cyclical,21.322454,4.203955
HSBC Large Cap Fund,Shriram Finance Ltd,4.88,,Financial Services,,
Bajaj Finserv Flexi Cap Fund,HDFC Bank Ltd,4.87,,Financial Services,16.051823,1.856211
ITI Large Cap Fund,Axis Bank Ltd,4.86,,Financial Services,13.927326,1.7253225
Taurus Mid Cap Fund,Pace Digitek Ltd,4.85,,Technology,,
Taurus Mid Cap Fund,Persistent Systems Ltd,4.84,,Technology,44.642857,10.92834
Taurus Mid Cap Fund,The Federal Bank Ltd,4.83,,Financial Services,,
ITI Flexi Cap Fund,ICICI Bank Ltd,4.82,,Financial Services,18.382923,2.6792262
Franklin India Large Cap Fund,Axis Bank Ltd,4.82,,Financial Services,13.927326,1.7253225
DSP Small Cap Fund,Thangamayil Jewellery Ltd,4.81,,Consumer Cyclical,40.815536,11.578927
ITI Large Cap Fund,State Bank of India,4.8,,Financial Services,12.03334,1.698928
Quant Mid Cap Fund,Premier Energies Ltd,4.79,,Technology,,
Shriram Flexi Cap Fund,Reliance Industries Ltd,4.79,,Energy,24.154905,1.9980692
LIC MF Flexi Cap Fund,ICICI Bank Ltd,4.76,,Financial Services,18.382923,2.6792262
Mahindra Manulife Flexi Cap Fund,HDFC Bank Ltd,4.74,,Financial Services,16.051823,1.856211
Union Largecap Fund,State Bank of India,4.73,,Financial Services,12.03334,1.698928
Quant Mid Cap Fund,Bharat Heavy Electricals Ltd,4.72,,Industrials,58.142857,5.4202347
Motilal Oswal Flexi Cap Fund,Coforge Ltd,4.72,,Technology,,
AXIS Large Cap Fund,Bajaj Finance Ltd,4.71,,Financial Services,,
Bank of India Large Cap Fund,Adani Ports & Special Economic Zone Ltd,4.7,,Industrials,,
ITI Flexi Cap Fund,HDFC Bank Ltd,4.69,,Financial Services,16.051823,1.856211
Motilal Oswal Small Cap Fund,Triparty Repo,4.68,,,,
ITI Large Cap Fund,Larsen & Toubro Ltd,4.67,,Industrials,33.67093,5.1052904
HSBC Midcap Fund,FSN E-Commerce Ventures Ltd,4.67,,Consumer Cyclical,,
AXIS Large Cap Fund,Bharti Airtel Ltd,4.66,,Communication Services,40.983265,7.5497437
DSP Large Cap Fund,Larsen & Toubro Ltd,4.66,,Industrials,33.67093,5.1052904
Samco Flexi Cap Fund,KEI Industries Ltd,4.66,,Industrials,53.76344,8.032405
HDFC Large Cap Fund,Titan Co Ltd,4.65,,Consumer Cyclical,,
Edelweiss Large Cap Fund,Larsen & Toubro Ltd,4.63,,Industrials,33.67093,5.1052904
Parag Parikh Flexi Cap Fund,Bajaj Holdings and Investment Ltd,4.63,,Financial Services,,
Taurus Flexi Cap Fund,Divi's Laboratories Ltd,4.62,,Healthcare,85.46783,13.0643635
Canara Robeco Large Cap Fund,Bharti Airtel Ltd,4.62,,Communication Services,40.983265,7.5497437
PGIM India Midcap Fund,Clearing Corporation Of India Ltd.,4.61,,,,
Taurus Flexi Cap Fund,Park Medi World Ltd,4.6,,Healthcare,,
UTI-Large Cap Fund,Kotak Mahindra Bank Ltd,4.6,,Financial Services,19.154411,2.1446095
Tata Small Cap Fund,Usha Martin Ltd,4.6,,Basic Materials,29.498856,4.7534885
Taurus Flexi Cap Fund,ICICI Bank Ltd,4.59,,Financial Services,18.382923,2.6792262
Motilal Oswal Midcap Fund,Persistent Systems Ltd,4.59,,Technology,44.642857,10.92834
Baroda BNP Paribas Large Cap Fund,Larsen & Toubro Ltd,4.57,,Industrials,33.67093,5.1052904
Motilal Oswal Midcap Fund,Billionbrains Garage Ventures Ltd,4.56,,Financial Services,,
ICICI Pru Large Cap Fund,Larsen & Toubro Ltd,4.55,,Industrials,33.67093,5.1052904
Kotak Large Cap Fund,State Bank of India,4.55,,Financial Services,12.03334,1.698928
Tata Small Cap Fund,Cash / Net Current Asset,4.55,,,,
Quant Large Cap Fund,Bharti Airtel Limited,4.55,,,40.984943,7.553212
Invesco India Smallcap Fund,Aditya Infotech Ltd,4.55,,Industrials,,
Kotak Large Cap Fund,Larsen & Toubro Ltd,4.54,,Industrials,33.67093,5.1052904
Quant Mid Cap Fund,Anthem Biosciences Ltd,4.53,,Healthcare,83.34985,15.526631
HSBC Large Cap Fund,State Bank of India,4.53,,Financial Services,12.03334,1.698928
Quant Mid Cap Fund,Nippon Life India Asset Management Ltd Ordinary Shares,4.52,,Financial Services,,
HSBC Flexi Cap Fund,ICICI Bank Ltd,4.52,,Financial Services,18.382923,2.6792262
ITI Small Cap Fund,Acutaas Chemicals Ltd,4.51,,Basic Materials,,
Invesco India Smallcap Fund,Krishna Institute of Medical Sciences Ltd,4.49,,Healthcare,,
Bank of India Flexi Cap Fund,State Bank of India,4.48,,Financial Services,12.03334,1.698928
PGIM India Large Cap Fund,Reliance Industries Ltd,4.47,,Energy,24.154905,1.9980692
LIC MF Large Cap Fund,Bharti Airtel Ltd,4.47,,Communication Services,40.983265,7.5497437
Invesco India Midcap Fund,AU Small Finance Bank Ltd,4.47,,Financial Services,28.249933,3.9927256
WhiteOak Capital Flexi Cap Fund,Bharti Airtel Ltd,4.47,,Communication Services,40.983265,7.5497437
Quantum Small Cap Fund,Supriya Lifescience Ltd,4.47,,Healthcare,35.585743,6.207191
Invesco India Midcap Fund,Meesho Ltd,4.47,,Consumer Cyclical,,
Parag Parikh Flexi Cap Fund,Alphabet Inc Class A,4.46,,Communication Services,,
LIC MF Small Cap Fund,Treps,4.46,,,,
Quant Large Cap Fund,Adani Energy Solutions Ltd,4.46,,Utilities,,
Taurus Mid Cap Fund,Ratnaveer Precision Engineering Ltd,4.46,,Basic Materials,,
NJ Flexi Cap Fund,Marico Ltd,4.43,,Consumer Defensive,65.507576,27.663319
Quant Mid Cap Fund,ICICI Bank Ltd,4.42,,Financial Services,18.382923,2.6792262
Motilal Oswal Small Cap Fund,Rubicon Research Ltd,4.41,,Healthcare,,
Motilal Oswal Flexi Cap Fund,Shriram Finance Ltd,4.41,,Financial Services,,
Quant Mid Cap Fund,India (Republic of),4.4,,,,
Quant Flexi Cap Fund,Adani Green Energy Ltd,4.39,,Utilities,131.58197,11.718897
Franklin India Large Cap Fund,Kotak Mahindra Bank Ltd,4.38,,Financial Services,19.154411,2.1446095
Tata Flexi Cap Fund,Reliance Industries Ltd,4.37,,Energy,24.154905,1.9980692
Invesco India Midcap Fund,Global Health Ltd,4.37,,Healthcare,,
NJ Flexi Cap Fund,Bosch Ltd,4.34,,Consumer Cyclical,46.152832,8.837203
Invesco India Flexi Cap Fund,Larsen & Toubro Ltd,4.34,,Industrials,33.67093,5.1052904
Canara Robeco Large Cap Fund,Larsen & Toubro Ltd,4.33,,Industrials,33.67093,5.1052904
Motilal Oswal Large Cap Fund,Bharti Airtel Ltd,4.31,,Communication Services,40.983265,7.5497437
Navi Flexi Cap Fund,ICICI Bank Ltd,4.31,,Financial Services,18.382923,2.6792262
HDFC Flexi Cap Fund,State Bank of India,4.3,,Financial Services,12.03334,1.698928
UTI-Large Cap Fund,Infosys Ltd,4.3,,Technology,,
DSP Large Cap Fund,Infosys Ltd,4.3,,Technology,,
Samco Flexi Cap Fund,Aditya Birla Sun Life AMC Ltd,4.3,,Financial Services,,
Invesco India Midcap Fund,Max Healthcare Institute Ltd Ordinary Shares,4.3,,Healthcare,,
Motilal Oswal Flexi Cap Fund,Ather Energy Ltd,4.29,,Consumer Cyclical,,
DSP Midcap Fund,Treps / Reverse Repo Investments,4.29,,,,
Motilal Oswal Small Cap Fund,VA Tech Wabag Ltd,4.29,,Industrials,33.3339,4.749209
Taurus Mid Cap Fund,Coforge Ltd,4.28,,Technology,,
Canara Robeco Large Cap Fund,State Bank of India,4.28,,Financial Services,12.03334,1.698928
NJ Flexi Cap Fund,ICICI Bank Ltd,4.27,,Financial Services,18.382923,2.6792262
Sundaram Large Cap Fund,Reliance Industries Ltd,4.27,,Energy,24.154905,1.9980692
AXIS Midcap Fund,The Federal Bank Ltd,4.25,,Financial Services,,
ICICI Pru Large Cap Fund,Axis Bank Ltd,4.25,,Financial Services,13.927326,1.7253225
Samco Flexi Cap Fund,Engineers India Ltd,4.25,,Industrials,19.576893,4.309897
Samco Flexi Cap Fund,Hero MotoCorp Ltd,4.24,,Consumer Cyclical,21.683006,5.4568286
Mirae Asset Flexi Cap Fund,Reliance Industries Ltd,4.24,,Energy,24.154905,1.9980692
Quant Small Cap Fund,Cash Offsets For Shorts & Derivatives,4.24,,,,
AXIS Flexi Cap Fund,Bajaj Finance Ltd,4.24,,Financial Services,,
Nippon India Large Cap Fund,Reliance Industries Ltd,4.24,,Energy,24.154905,1.9980692
JM Large Cap Fund,State Bank of India,4.24,,Financial Services,12.03334,1.698928
TRUSTMF Flexi Cap Fund,Reliance Industries Ltd,4.23,,Energy,24.154905,1.9980692
Parag Parikh Flexi Cap Fund,Kotak Mahindra Bank Ltd,4.23,,Financial Services,19.154411,2.1446095
DSP Small Cap Fund,Kirloskar Oil Engines Ltd,4.23,,Industrials,55.561123,8.686619
ICICI Pru Large Cap Fund,Bharti Airtel Ltd,4.22,,Communication Services,40.983265,7.5497437
HSBC Midcap Fund,The Federal Bank Ltd,4.21,,Financial Services,,
ICICI Pru Large Cap Fund,Treps,4.2,,,,
Invesco India Smallcap Fund,Amber Enterprises India Ltd Ordinary Shares,4.2,,Consumer Cyclical,,
Bandhan Flexi Cap Fund,Reliance Industries Ltd,4.19,,Energy,24.154905,1.9980692
HDFC Mid Cap Fund,The Federal Bank Ltd,4.18,,Financial Services,,
Invesco India Midcap Fund,InterGlobe Aviation Ltd,4.18,,Industrials,23.408157,29.576513
PGIM India Large Cap Fund,Larsen & Toubro Ltd,4.17,,Industrials,33.67093,5.1052904
DSP Small Cap Fund,Lumax Auto Technologies Ltd,4.17,,Consumer Cyclical,55.389194,11.1216955
Helios Flexi Cap Fund,Adani Ports & Special Economic Zone Ltd,4.16,,Industrials,,
Samco Flexi Cap Fund,Alkem Laboratories Ltd,4.15,,Healthcare,29.153913,4.8621597
Franklin India Flexi Cap Fund,"Call, Cash & Other Assets",4.14,,,,
Bandhan Midcap Fund,GE Vernova T&D India Ltd,4.13,,Industrials,84.030495,40.910908
Sundaram Large Cap Fund,Treps,4.13,,,,
Nippon India Flexi Cap Fund,Axis Bank Ltd,4.12,,Financial Services,13.927326,1.7253225
Union Largecap Fund,Bharti Airtel Ltd,4.12,,Communication Services,40.983265,7.5497437
UTI-Large Cap Fund,Bharti Airtel Ltd,4.12,,Communication Services,40.983265,7.5497437
NJ Flexi Cap Fund,Eicher Motors Ltd,4.11,,Consumer Cyclical,37.87843,8.764883
PGIM India Large Cap Fund,State Bank of India,4.11,,Financial Services,12.03334,1.698928
Edelweiss Flexi Cap Fund,Larsen & Toubro Ltd,4.1,,Industrials,33.67093,5.1052904
HDFC Mid Cap Fund,Max Financial Services Ltd,4.1,,Financial Services,,
LIC MF Large Cap Fund,Axis Bank Ltd,4.08,,Financial Services,13.927326,1.7253225
HDFC Mid Cap Fund,AU Small Finance Bank Ltd,4.08,,Financial Services,28.249933,3.9927256
UTI-Large Cap Fund,Larsen & Toubro Ltd,4.08,,Industrials,33.67093,5.1052904
DSP Large Cap Fund,Reliance Industries Ltd,4.08,,Energy,24.154905,1.9980692
Aditya Birla SL Large Cap Fund,Axis Bank Ltd,4.06,,Financial Services,13.927326,1.7253225
JM Small Cap Fund,Acutaas Chemicals Ltd,4.05,,Basic Materials,,
UTI-Flexi Cap Fund,Titan Co Ltd,4.05,,Consumer Cyclical,,
ITI Flexi Cap Fund,Reliance Industries Ltd,4.05,,Energy,24.154905,1.9980692
Navi Flexi Cap Fund,Axis Bank Ltd,4.05,,Financial Services,13.927326,1.7253225
WhiteOak Capital Large Cap Fund,Nestle India Ltd,4.05,,Consumer Defensive,90.96278,66.96817
Taurus Flexi Cap Fund,SAMHI Hotels Ltd,4.05,,Consumer Cyclical,,
Kotak Large Cap Fund,Triparty Repo,4.05,,,,
Samco Flexi Cap Fund,JSW Dulux Ltd,4.05,,Basic Materials,,
Taurus Mid Cap Fund,GMR Airports Ltd,4.03,,Industrials,,
Quant Flexi Cap Fund,India (Republic of),4.03,,,,
Shriram Flexi Cap Fund,State Bank of India,4.03,,Financial Services,12.03334,1.698928
JM Large Cap Fund,Bharti Airtel Ltd,4.03,,Communication Services,40.983265,7.5497437
Samco Flexi Cap Fund,Karur Vysya Bank Ltd,4.01,,Financial Services,11.819303,2.299122
Quant Small Cap Fund,Treps 01-Jul-2026 Depo 10,4.01,,,,
Helios Flexi Cap Fund,HDFC Bank Ltd,4.0,,Financial Services,16.051823,1.856211
NJ Flexi Cap Fund,Britannia Industries Ltd,4.0,,Consumer Defensive,52.356518,25.98983
LIC MF Flexi Cap Fund,Treps,4.0,,,,
Union Midcap Fund,The Federal Bank Ltd,4.0,,Financial Services,,
NJ Flexi Cap Fund,Dr. Lal PathLabs Ltd,4.0,,Healthcare,,
HSBC Midcap Fund,GE Vernova T&D India Ltd,3.99,,Industrials,84.030495,40.910908
Samco Flexi Cap Fund,Hindustan Zinc Ltd,3.99,,Basic Materials,21.51808,18.537941
Canara Robeco Mid Cap Fund,Treps,3.99,,,,
Shriram Flexi Cap Fund,Axis Bank Ltd,3.99,,Financial Services,13.927326,1.7253225
Invesco India Smallcap Fund,InterGlobe Aviation Ltd,3.99,,Industrials,23.408157,29.576513
LIC MF Flexi Cap Fund,Axis Bank Ltd,3.99,,Financial Services,13.927326,1.7253225
Kotak Midcap Fund,Fortis Healthcare Ltd,3.98,,Healthcare,69.465454,7.287105
LIC MF Large Cap Fund,State Bank of India,3.97,,Financial Services,12.03334,1.698928
Franklin India Flexi Cap Fund,Larsen & Toubro Ltd,3.97,,Industrials,33.67093,5.1052904
Quant Small Cap Fund,Adani Power Ltd,3.97,,Utilities,28.167116,6.2067533
Helios Flexi Cap Fund,Eternal Ltd,3.96,,Consumer Cyclical,,
Helios Flexi Cap Fund,ICICI Bank Ltd,3.96,,Financial Services,18.382923,2.6792262
Baroda BNP Paribas Large Cap Fund,Bharti Airtel Ltd,3.96,,Communication Services,40.983265,7.5497437
UTI-Large Cap Fund,Bajaj Finance Ltd,3.96,,Financial Services,,
LIC MF Small Cap Fund,Avalon Technologies Ltd,3.95,,Technology,116.28995,18.191496
Invesco India Midcap Fund,Eternal Ltd,3.95,,Consumer Cyclical,,
Franklin India Large Cap Fund,Larsen & Toubro Ltd,3.93,,Industrials,33.67093,5.1052904
Baroda BNP Paribas Small Cap Fund,Laurus Labs Ltd,3.92,,Healthcare,,
Kotak Large Cap Fund,Bharti Airtel Ltd,3.92,,Communication Services,40.983265,7.5497437
Invesco India Smallcap Fund,Eternal Ltd,3.91,,Consumer Cyclical,,
NJ Flexi Cap Fund,Cipla Ltd,3.9,,Healthcare,35.08629,3.4341109
360 ONE FlexiCap Fund,Axis Bank Ltd,3.9,,Financial Services,13.927326,1.7253225
Invesco India Largecap Fund,Larsen & Toubro Ltd,3.89,,Industrials,33.67093,5.1052904
Union Largecap Fund,Larsen & Toubro Ltd,3.89,,Industrials,33.67093,5.1052904
360 ONE FlexiCap Fund,GE Vernova T&D India Ltd,3.88,,Industrials,84.030495,40.910908
Motilal Oswal Small Cap Fund,Aditya Infotech Ltd,3.88,,Industrials,,
Edelweiss Mid Cap Fund,The Federal Bank Ltd,3.87,,Financial Services,,
Mahindra Manulife Flexi Cap Fund,Triparty Repo,3.86,,,,
Invesco India Smallcap Fund,Max Healthcare Institute Ltd Ordinary Shares,3.86,,Healthcare,,
Quant Mid Cap Fund,Linde India Ltd,3.86,,Basic Materials,,
Baroda BNP Paribas Small Cap Fund,Clearing Corporation Of India Ltd,3.86,,,,
Baroda BNP Paribas Flexi Cap Fund,The Federal Bank Ltd,3.86,,Financial Services,,
Bandhan Flexi Cap Fund,Kotak Mahindra Bank Ltd,3.86,,Financial Services,19.154411,2.1446095
Union Flexi Cap Fund,Axis Bank Ltd,3.85,,Financial Services,13.927326,1.7253225
Nippon India Large Cap Fund,Larsen & Toubro Ltd,3.85,,Industrials,33.67093,5.1052904
Quant Large Cap Fund,Hyundai Motor India Ltd,3.85,,Consumer Cyclical,36.36589,8.935097
HSBC Midcap Fund,Lenskart Solutions Ltd,3.84,,Healthcare,195.7732,11.320417
Bandhan Large Cap Fund,State Bank of India,3.83,,Financial Services,12.03334,1.698928
Taurus Mid Cap Fund,Net Receivable / Payable,3.83,,,,
Bank of India Large Cap Fund,ICICI Prudential Asset Management Co Ltd,3.82,,Financial Services,,
Bandhan Flexi Cap Fund,Infosys Ltd,3.81,,Technology,,
NJ Flexi Cap Fund,Torrent Pharmaceuticals Ltd,3.8,,Healthcare,78.29249,19.85032
Invesco India Midcap Fund,L&T Finance Ltd,3.8,,Financial Services,,
Quant Large Cap Fund,Max Healthcare Institute Ltd Ordinary Shares,3.8,,Healthcare,,
Parag Parikh Flexi Cap Fund,Trp_010726,3.8,,,,
Tata Flexi Cap Fund,Bharti Airtel Ltd,3.8,,Communication Services,40.983265,7.5497437
Tata Flexi Cap Fund,Axis Bank Ltd,3.79,,Financial Services,13.927326,1.7253225
Tata Small Cap Fund,IDFC First Bank Ltd,3.79,,Financial Services,,
Samco Flexi Cap Fund,Godawari Power & Ispat Ltd,3.78,,Basic Materials,19.164679,2.5475888
Nippon India Large Cap Fund,Bajaj Finance Ltd,3.78,,Financial Services,,
Motilal Oswal Midcap Fund,Shriram Finance Ltd,3.78,,Financial Services,,
ITI Flexi Cap Fund,Net Receivables / (Payables),3.78,,,,
360 ONE FlexiCap Fund,Cholamandalam Investment and Finance Co Ltd,3.77,,Financial Services,,
AXIS Large Cap Fund,Reliance Industries Ltd,3.77,,Energy,24.154905,1.9980692
Invesco India Midcap Fund,IndusInd Bank Ltd,3.77,,Financial Services,60.223267,1.2141788
Taurus Flexi Cap Fund,Axis Bank Ltd,3.77,,Financial Services,13.927326,1.7253225
Motilal Oswal Flexi Cap Fund,Waaree Energies Ltd,3.77,,Technology,,
HDFC Large Cap Fund,Torrent Pharmaceuticals Ltd,3.77,,Healthcare,78.29249,19.85032
HSBC Midcap Fund,PB Fintech Ltd,3.76,,Financial Services,,
Sundaram Large Cap Fund,Larsen & Toubro Ltd,3.76,,Industrials,33.67093,5.1052904
AXIS Large Cap Fund,Axis Bank Ltd,3.76,,Financial Services,13.927326,1.7253225
Shriram Flexi Cap Fund,Bharti Airtel Ltd,3.75,,Communication Services,40.983265,7.5497437
Union Small Cap Fund,Navin Fluorine International Ltd,3.75,,Basic Materials,,
Navi Flexi Cap Fund,HDFC Bank Ltd,3.74,,Financial Services,16.051823,1.856211
Bandhan Large Cap Fund,NTPC Ltd,3.74,,Utilities,10.470804,1.635282
LIC MF Flexi Cap Fund,Solar Industries India Ltd,3.73,,Basic Materials,99.0099,26.524855
ITI Flexi Cap Fund,Cash Offset For Derivatives,3.73,,,,
Quant Flexi Cap Fund,Future on Tata Power Co Ltd,3.73,,,,
Union Small Cap Fund,GE Vernova T&D India Ltd,3.72,,Industrials,84.030495,40.910908
TRUSTMF Flexi Cap Fund,HDFC Bank Ltd,3.71,,Financial Services,16.051823,1.856211
Bajaj Finserv Flexi Cap Fund,Reliance Industries Ltd,3.71,,Energy,24.154905,1.9980692
AXIS Flexi Cap Fund,Eternal Ltd,3.71,,Consumer Cyclical,,
Tata Small Cap Fund,Godrej Industries Ltd,3.7,,Industrials,35.590233,3.9522178
Sundaram Large Cap Fund,Avenue Supermarts Ltd,3.7,,Consumer Defensive,,
HDFC Large Cap Fund,Axis Bank Ltd,3.69,,Financial Services,13.927326,1.7253225
Quant Flexi Cap Fund,Adani Energy Solutions Ltd,3.69,,Utilities,,
Baroda BNP Paribas Flexi Cap Fund,Larsen & Toubro Ltd,3.68,,Industrials,33.67093,5.1052904
Bank of India Flexi Cap Fund,ICICI Bank Ltd,3.68,,Financial Services,18.382923,2.6792262
Samco Flexi Cap Fund,Cummins India Ltd,3.67,,Industrials,63.69292,17.746988
LIC MF Midcap Fund,Treps,3.67,,,,
Mirae Asset Midcap Fund,Laurus Labs Ltd,3.67,,Healthcare,,
Quant Large Cap Fund,Bharti Airtel Ltd,3.66,,Communication Services,40.983265,7.5497437
Taurus Mid Cap Fund,REC Ltd,3.66,,Financial Services,34.348328,5.7735553
HSBC Midcap Fund,Piramal Finance Ltd,3.66,,Financial Services,,
Edelweiss Large Cap Fund,Bharti Airtel Ltd,3.66,,Communication Services,40.983265,7.5497437
HSBC Large Cap Fund,Eternal Ltd,3.65,,Consumer Cyclical,,
AXIS Flexi Cap Fund,Apar Industries Ltd,3.65,,Industrials,56.81733,12.386799
Invesco India Largecap Fund,Bajaj Finance Ltd,3.65,,Financial Services,,
AXIS Flexi Cap Fund,Bharat Electronics Ltd,3.64,,Industrials,47.852028,12.219276
Motilal Oswal Large Cap Fund,Larsen & Toubro Ltd,3.64,,Industrials,33.67093,5.1052904
Quant Small Cap Fund,Adani Enterprises Ltd,3.64,,Energy,52.359394,4.8032765
Motilal Oswal Small Cap Fund,CCL Products (India) Ltd,3.64,,Consumer Defensive,40.142097,7.670013
Aditya Birla SL Large Cap Fund,Kotak Mahindra Bank Ltd,3.63,,Financial Services,19.154411,2.1446095
UTI-Flexi Cap Fund,Avenue Supermarts Ltd,3.63,,Consumer Defensive,,
NJ Flexi Cap Fund,Dr Reddy's Laboratories Ltd,3.62,,Healthcare,,
NJ Flexi Cap Fund,ITC Ltd,3.61,,Consumer Defensive,18.050472,4.9439254
Motilal Oswal Midcap Fund,BSE Ltd,3.61,,Financial Services,,
ITI Large Cap Fund,Bajaj Finance Ltd,3.61,,Financial Services,,
Edelweiss Mid Cap Fund,Clearing Corporation Of India Ltd.,3.6,,,,
Quant Flexi Cap Fund,Larsen & Toubro Ltd,3.6,,Industrials,33.67093,5.1052904
Taurus Flexi Cap Fund,Bharti Airtel Ltd,3.59,,Communication Services,40.983265,7.5497437
Motilal Oswal Flexi Cap Fund,IndusInd Bank Ltd,3.59,,Financial Services,60.223267,1.2141788
Aditya Birla SL Large Cap Fund,Infosys Ltd,3.58,,Technology,,
Bank of India Large Cap Fund,Reliance Industries Ltd,3.58,,Energy,24.154905,1.9980692
Mahindra Manulife Large Cap Fund,Infosys Ltd,3.58,,Technology,,
Aditya Birla SL Flexi Cap Fund,HDFC Bank Ltd,3.58,,Financial Services,16.051823,1.856211
Mirae Asset Large Cap Fund,Larsen & Toubro Ltd,3.57,,Industrials,33.67093,5.1052904
HSBC Large Cap Fund,Bharti Airtel Ltd,3.57,,Communication Services,40.983265,7.5497437
Mirae Asset Large Cap Fund,Axis Bank Ltd,3.56,,Financial Services,13.927326,1.7253225
Parag Parikh Flexi Cap Fund,Mahindra & Mahindra Ltd,3.56,,Consumer Cyclical,21.322454,4.203955
SBI Large Cap Fund,State Bank of India,3.56,,Financial Services,12.03334,1.698928
Bandhan Large Cap Fund,Larsen & Toubro Ltd,3.55,,Industrials,33.67093,5.1052904
Nippon India Flexi Cap Fund,Reliance Industries Ltd,3.55,,Energy,24.154905,1.9980692
AXIS Midcap Fund,Fortis Healthcare Ltd,3.55,,Healthcare,69.465454,7.287105
HSBC Midcap Fund,Aditya Infotech Ltd,3.54,,Industrials,,
Union Small Cap Fund,Kirloskar Oil Engines Ltd,3.54,,Industrials,55.561123,8.686619
SBI Large Cap Fund,Asian Paints Ltd,3.54,,Basic Materials,67.65291,13.316042
Canara Robeco Large Cap Fund,Axis Bank Ltd,3.54,,Financial Services,13.927326,1.7253225
Edelweiss Flexi Cap Fund,Reliance Industries Ltd,3.54,,Energy,24.154905,1.9980692
Franklin India Mid Cap Fund,"Call, Cash & Other Assets",3.53,,,,
Mahindra Manulife Large Cap Fund,Larsen & Toubro Ltd,3.53,,Industrials,33.67093,5.1052904
JM Midcap Fund,Bharat Forge Ltd,3.52,,Consumer Cyclical,100.00883,11.304634
DSP Flexi Cap Fund,State Bank of India,3.52,,Financial Services,12.03334,1.698928
LIC MF Large Cap Fund,InterGlobe Aviation Ltd,3.51,,Industrials,23.408157,29.576513
Motilal Oswal Flexi Cap Fund,Samvardhana Motherson International Ltd,3.51,,Consumer Cyclical,,
Tata Small Cap Fund,Sudarshan Chemical Industries Ltd,3.51,,Basic Materials,,
Bandhan Flexi Cap Fund,Bharti Airtel Ltd,3.5,,Communication Services,40.983265,7.5497437
Bandhan Large Cap Fund,Infosys Ltd,3.5,,Technology,,
Invesco India Largecap Fund,Infosys Ltd,3.5,,Technology,,
NJ Flexi Cap Fund,Sun Pharmaceuticals Industries Ltd,3.5,,Healthcare,,
Aditya Birla SL Large Cap Fund,State Bank of India,3.5,,Financial Services,12.03334,1.698928
Bandhan Midcap Fund,Apar Industries Ltd,3.5,,Industrials,56.81733,12.386799
DSP Midcap Fund,Coforge Ltd,3.49,,Technology,,
Aditya Birla SL Large Cap Fund,Bharti Airtel Ltd,3.49,,Communication Services,40.983265,7.5497437
360 ONE FlexiCap Fund,Treps,3.49,,,,
Samco Flexi Cap Fund,NMDC Ltd,3.49,,Basic Materials,10.014152,2.1878703
NJ Flexi Cap Fund,Clearing Corporation Of India Ltd,3.48,,,,
NJ Flexi Cap Fund,Alkem Laboratories Ltd,3.48,,Healthcare,29.153913,4.8621597
Motilal Oswal Midcap Fund,Multi Commodity Exchange of India Ltd,3.48,,Financial Services,,
PGIM India Flexi Cap Fund,Bharti Airtel Ltd,3.48,,Communication Services,40.983265,7.5497437
Tata Mid Cap Fund,Mankind Pharma Ltd,3.47,,Healthcare,,
Franklin India Flexi Cap Fund,State Bank of India,3.47,,Financial Services,12.03334,1.698928
LIC MF Midcap Fund,Hitachi Energy India Ltd Ordinary Shares,3.47,,Industrials,,
HDFC Flexi Cap Fund,SBI Life Insurance Co Ltd,3.47,,Financial Services,71.42033,9.250212
Quant Mid Cap Fund,LG Electronics India Ltd,3.46,,Technology,63.68928,14.048153
LIC MF Large Cap Fund,Treps,3.46,,,,
Motilal Oswal Small Cap Fund,Karur Vysya Bank Ltd,3.45,,Financial Services,11.819303,2.299122
AXIS Large Cap Fund,Mahindra & Mahindra Ltd,3.45,,Consumer Cyclical,21.322454,4.203955
Tata Small Cap Fund,Tega Industries Ltd,3.45,,Industrials,,
Mirae Asset Large Cap Fund,Infosys Ltd,3.45,,Technology,,
HDFC Flexi Cap Fund,Larsen & Toubro Ltd,3.45,,Industrials,33.67093,5.1052904
Motilal Oswal Midcap Fund,Tube Investments of India Ltd Ordinary Shares,3.44,,Industrials,,
Parag Parikh Flexi Cap Fund,HCL Technologies Ltd,3.44,,Technology,21.097977,4.9742002
UTI-Flexi Cap Fund,Bharti Airtel Ltd,3.44,,Communication Services,40.983265,7.5497437
AXIS Large Cap Fund,Eternal Ltd,3.44,,Consumer Cyclical,,
Bank of India Flexi Cap Fund,HDFC Bank Ltd,3.43,,Financial Services,16.051823,1.856211
Quant Flexi Cap Fund,Icici Bank Limited,3.43,,,18.382923,2.6792262
Mirae Asset Midcap Fund,Lupin Ltd,3.42,,Healthcare,25.007946,5.4900575
Baroda BNP Paribas Small Cap Fund,Navin Fluorine International Ltd,3.42,,Basic Materials,,
Canara Robeco Small Cap Fund,Treps,3.42,,,,
Union Small Cap Fund,Gabriel India Ltd,3.39,,Consumer Cyclical,86.94493,15.764137
Aditya Birla SL Flexi Cap Fund,Kotak Mahindra Bank Ltd,3.39,,Financial Services,19.154411,2.1446095
WhiteOak Capital Large Cap Fund,Mahindra & Mahindra Ltd,3.39,,Consumer Cyclical,21.322454,4.203955
Mahindra Manulife Large Cap Fund,Kotak Mahindra Bank Ltd,3.39,,Financial Services,19.154411,2.1446095
Baroda BNP Paribas Small Cap Fund,Multi Commodity Exchange of India Ltd,3.38,,Financial Services,,
UTI-Flexi Cap Fund,Kotak Mahindra Bank Ltd,3.38,,Financial Services,19.154411,2.1446095
HSBC Large Cap Fund,Net Current Assets (Including Cash & Bank Balances),3.37,,,,
JM Midcap Fund,Avalon Technologies Ltd,3.37,,Technology,116.28995,18.191496
Tata Mid Cap Fund,The Federal Bank Ltd,3.37,,Financial Services,,
Sundaram Large Cap Fund,Craftsman Automation Ltd,3.37,,Consumer Cyclical,54.34704,7.6615663
SBI Large Cap Fund,Axis Bank Ltd,3.36,,Financial Services,13.927326,1.7253225
Union Small Cap Fund,Karur Vysya Bank Ltd,3.36,,Financial Services,11.819303,2.299122
Taurus Flexi Cap Fund,Reliance Industries Ltd,3.36,,Energy,24.154905,1.9980692
Sundaram Large Cap Fund,Infosys Ltd,3.35,,Technology,,
Franklin India Large Cap Fund,Infosys Ltd,3.34,,Technology,,
AXIS Flexi Cap Fund,Axis Bank Ltd,3.34,,Financial Services,13.927326,1.7253225
Taurus Mid Cap Fund,Bharat Heavy Electricals Ltd,3.33,,Industrials,58.142857,5.4202347
LIC MF Flexi Cap Fund,InterGlobe Aviation Ltd,3.32,,Industrials,23.408157,29.576513
Aditya Birla SL Large Cap Fund,Larsen & Toubro Ltd,3.32,,Industrials,33.67093,5.1052904
Tata Flexi Cap Fund,F) Repo,3.32,,,,
Mahindra Manulife Mid Cap Fund,The Federal Bank Ltd,3.32,,Financial Services,,
AXIS Flexi Cap Fund,Krishna Institute of Medical Sciences Ltd,3.32,,Healthcare,,
Taurus Flexi Cap Fund,Mahindra & Mahindra Ltd,3.31,,Consumer Cyclical,21.322454,4.203955
HSBC Flexi Cap Fund,HDFC Bank Ltd,3.31,,Financial Services,16.051823,1.856211
Invesco India Largecap Fund,Eternal Ltd,3.3,,Consumer Cyclical,,
UTI-Flexi Cap Fund,Coforge Ltd,3.3,,Technology,,
Invesco India Largecap Fund,InterGlobe Aviation Ltd,3.3,,Industrials,23.408157,29.576513
LIC MF Flexi Cap Fund,Larsen & Toubro Ltd,3.3,,Industrials,33.67093,5.1052904
Baroda BNP Paribas Mid Cap Fund,Bharat Heavy Electricals Ltd,3.3,,Industrials,58.142857,5.4202347
Motilal Oswal Flexi Cap Fund,Apollo Hospitals Enterprise Ltd,3.3,,Healthcare,,
Canara Robeco Large Cap Fund,Bajaj Finance Ltd,3.3,,Financial Services,,
Motilal Oswal Flexi Cap Fund,Aditya Infotech Ltd,3.29,,Industrials,,
Taurus Flexi Cap Fund,Net Receivable / Payable,3.28,,,,
HSBC Midcap Fund,Billionbrains Garage Ventures Ltd,3.28,,Financial Services,,
Motilal Oswal Flexi Cap Fund,Multi Commodity Exchange of India Ltd,3.28,,Financial Services,,
JM Midcap Fund,Godfrey Phillips India Ltd,3.28,,Consumer Defensive,27.37881,6.106945
360 ONE FlexiCap Fund,Indus Towers Ltd Ordinary Shares,3.28,,Communication Services,,
Canara Robeco Large Cap Fund,Infosys Ltd,3.27,,Technology,,
SBI Large Cap Fund,Samvardhana Motherson International Ltd,3.27,,Consumer Cyclical,,
JM Large Cap Fund,Larsen & Toubro Ltd,3.27,,Industrials,33.67093,5.1052904
ICICI Pru Large Cap Fund,Maruti Suzuki India Ltd,3.27,,Consumer Cyclical,30.770073,4.1185155
HDFC Flexi Cap Fund,Kotak Mahindra Bank Ltd,3.26,,Financial Services,19.154411,2.1446095
WhiteOak Capital Large Cap Fund,Reliance Industries Ltd,3.26,,Energy,24.154905,1.9980692
HDFC Flexi Cap Fund,InterGlobe Aviation Ltd,3.26,,Industrials,23.408157,29.576513
LIC MF Flexi Cap Fund,Apollo Hospitals Enterprise Ltd,3.26,,Healthcare,,
Motilal Oswal Midcap Fund,Dixon Technologies (India) Ltd,3.26,,Technology,,
Mahindra Manulife Small Cap Fund,Neuland Laboratories Ltd,3.26,,Healthcare,75.7588,15.6353445
Franklin India Flexi Cap Fund,Bharti Airtel Ltd,3.25,,Communication Services,40.983265,7.5497437
360 ONE FlexiCap Fund,Premier Energies Ltd,3.25,,Technology,,
Tata Small Cap Fund,Wockhardt Ltd,3.25,,Healthcare,155.19968,7.174966
Bandhan Midcap Fund,The Federal Bank Ltd,3.25,,Financial Services,,
DSP Large Cap Fund,Cipla Ltd,3.25,,Healthcare,35.08629,3.4341109
Baroda BNP Paribas Mid Cap Fund,GE Vernova T&D India Ltd,3.25,,Industrials,84.030495,40.910908
Samco Flexi Cap Fund,Can Fin Homes Ltd,3.25,,Financial Services,9.523417,1.8063651
AXIS Flexi Cap Fund,State Bank of India,3.24,,Financial Services,12.03334,1.698928
SBI Large Cap Fund,Infosys Ltd,3.24,,Technology,,
360 ONE FlexiCap Fund,Eternal Ltd,3.24,,Consumer Cyclical,,
Kotak Large Cap Fund,Axis Bank Ltd,3.23,,Financial Services,13.927326,1.7253225
Quant Small Cap Fund,Adani Green Energy Ltd,3.22,,Utilities,131.58197,11.718897
Baroda BNP Paribas Flexi Cap Fund,HDFC Bank Ltd,3.22,,Financial Services,16.051823,1.856211
Kotak Large Cap Fund,Bajaj Finance Ltd,3.22,,Financial Services,,
Motilal Oswal Large Cap Fund,State Bank of India,3.22,,Financial Services,12.03334,1.698928
LIC MF Midcap Fund,The Federal Bank Ltd,3.22,,Financial Services,,
Samco Flexi Cap Fund,Nippon Life India Asset Management Ltd Ordinary Shares,3.22,,Financial Services,,
Baroda BNP Paribas Large Cap Fund,Clearing Corporation Of India Ltd,3.21,,,,
Mahindra Manulife Flexi Cap Fund,Bharti Airtel Ltd,3.21,,Communication Services,40.983265,7.5497437
Bandhan Large Cap Fund,Mahindra & Mahindra Ltd,3.21,,Consumer Cyclical,21.322454,4.203955
Samco Flexi Cap Fund,Angel One Ltd Ordinary Shares,3.21,,Financial Services,,
LIC MF Flexi Cap Fund,Navin Fluorine International Ltd,3.21,,Basic Materials,,
Samco Flexi Cap Fund,Polycab India Ltd,3.21,,Industrials,,
360 ONE FlexiCap Fund,Tata Motors Ltd,3.21,,Consumer Cyclical,,
Invesco India Largecap Fund,Bharti Airtel Ltd,3.21,,Communication Services,40.983265,7.5497437
Mirae Asset Midcap Fund,IndusInd Bank Ltd,3.2,,Financial Services,60.223267,1.2141788
WhiteOak Capital Mid Cap Fund,Phoenix Mills Ltd,3.2,,Real Estate,51.817932,6.168099
WhiteOak Capital Large Cap Fund,Kotak Mahindra Bank Ltd,3.2,,Financial Services,19.154411,2.1446095
Bandhan Small Cap Fund,REC Ltd,3.19,,Financial Services,34.348328,5.7735553
HSBC Midcap Fund,Bharat Forge Ltd,3.19,,Consumer Cyclical,100.00883,11.304634
Tata Mid Cap Fund,Bharat Heavy Electricals Ltd,3.19,,Industrials,58.142857,5.4202347
Sundaram Large Cap Fund,Kotak Mahindra Bank Ltd,3.18,,Financial Services,19.154411,2.1446095
JM Large Cap Fund,Reliance Industries Ltd,3.18,,Energy,24.154905,1.9980692
Edelweiss Small Cap Fund,City Union Bank Ltd,3.18,,Financial Services,14.732452,1.988053
HDFC Flexi Cap Fund,Treps - Tri-Party Repo,3.18,,,,
LIC MF Small Cap Fund,Manorama Industries Ltd,3.17,,Consumer Defensive,45.386963,14.322103
Baroda BNP Paribas Flexi Cap Fund,IndusInd Bank Ltd,3.17,,Financial Services,60.223267,1.2141788
Quant Flexi Cap Fund,Tata Power Co Ltd,3.17,,Utilities,31.554724,3.080304
Aditya Birla SL Large Cap Fund,Mahindra & Mahindra Ltd,3.17,,Consumer Cyclical,21.322454,4.203955
UTI-Large Cap Fund,Net Current Assets,3.17,,,,
Union Flexi Cap Fund,State Bank of India,3.16,,Financial Services,12.03334,1.698928
Parag Parikh Flexi Cap Fund,Axis Bank Ltd,3.16,,Financial Services,13.927326,1.7253225
Sundaram Large Cap Fund,TVS Motor Co Ltd,3.15,,Consumer Cyclical,61.730606,63.15901
Mahindra Manulife Flexi Cap Fund,Bajaj Finance Ltd,3.15,,Financial Services,,
Taurus Mid Cap Fund,Petronet LNG Ltd,3.14,,Energy,10.671012,1.8728886
DSP Flexi Cap Fund,Mahindra & Mahindra Ltd,3.14,,Consumer Cyclical,21.322454,4.203955
DSP Large Cap Fund,NTPC Ltd,3.14,,Utilities,10.470804,1.635282
Tata Large Cap Fund,Bajaj Finance Ltd,3.14,,Financial Services,,
Taurus Flexi Cap Fund,Ambika Cotton Mills Ltd,3.14,,Consumer Cyclical,15.221252,1.1411486
JM Small Cap Fund,Navin Fluorine International Ltd,3.14,,Basic Materials,,
WhiteOak Capital Mid Cap Fund,Max Financial Services Ltd,3.14,,Financial Services,,
Samco Flexi Cap Fund,Coal India Ltd,3.13,,Energy,8.216264,2.1484375
Motilal Oswal Flexi Cap Fund,Polycab India Ltd,3.13,,Industrials,,
Mahindra Manulife Large Cap Fund,Axis Bank Ltd,3.13,,Financial Services,13.927326,1.7253225
Bandhan Midcap Fund,Triparty Repo Trp_010726,3.12,,,,
Bandhan Flexi Cap Fund,Bajaj Finserv Ltd,3.12,,Financial Services,31.746208,4.122072
Bank of India Flexi Cap Fund,Sky Gold and Diamonds Ltd,3.12,,Consumer Cyclical,38.30671,9.299259
Navi Flexi Cap Fund,Usha Martin Ltd,3.12,,Basic Materials,29.498856,4.7534885
Motilal Oswal Flexi Cap Fund,Persistent Systems Ltd,3.12,,Technology,44.642857,10.92834
SBI Small Cap Fund,Navin Fluorine International Ltd,3.12,,Basic Materials,,
ICICI Pru Large Cap Fund,Infosys Ltd,3.11,,Technology,,
Kotak Midcap Fund,Ipca Laboratories Ltd,3.11,,Healthcare,38.607655,5.4611874
HDFC Mid Cap Fund,Balkrishna Industries Ltd,3.1,,Consumer Cyclical,36.381264,4.568192
Union Largecap Fund,Axis Bank Ltd,3.1,,Financial Services,13.927326,1.7253225
Tata Large Cap Fund,State Bank of India,3.1,,Financial Services,12.03334,1.698928
Motilal Oswal Midcap Fund,Prestige Estates Projects Ltd,3.1,,Real Estate,59.86932,4.183585
Baroda BNP Paribas Large Cap Fund,State Bank of India,3.09,,Financial Services,12.03334,1.698928
DSP Midcap Fund,Cholamandalam Investment and Finance Co Ltd,3.09,,Financial Services,,
Bandhan Flexi Cap Fund,Tata Consultancy Services Ltd,3.09,,Technology,17.2117,8.097646
JM Midcap Fund,Tube Investments of India Ltd Ordinary Shares,3.09,,Industrials,,
Union Midcap Fund,Max Financial Services Ltd,3.08,,Financial Services,,
Mirae Asset Midcap Fund,Tata Communications Ltd,3.08,,Communication Services,52.915287,14.511902
UTI-Flexi Cap Fund,Dixon Technologies (India) Ltd,3.08,,Technology,,
Invesco India Midcap Fund,JK Cement Ltd,3.08,,Basic Materials,,
WhiteOak Capital Flexi Cap Fund,Nestle India Ltd,3.08,,Consumer Defensive,90.96278,66.96817
Bank of India Flexi Cap Fund,Hindustan Aeronautics Ltd Ordinary Shares,3.08,,Industrials,,
Tata Large Cap Fund,Axis Bank Ltd,3.07,,Financial Services,13.927326,1.7253225
Invesco India Flexi Cap Fund,InterGlobe Aviation Ltd,3.07,,Industrials,23.408157,29.576513
HDFC Mid Cap Fund,Fortis Healthcare Ltd,3.07,,Healthcare,69.465454,7.287105
Mahindra Manulife Small Cap Fund,Arvind Ltd,3.06,,Consumer Cyclical,36.28562,3.82178
Kotak Midcap Fund,Vishal Mega Mart Ltd,3.06,,Consumer Cyclical,,
Mirae Asset Large Cap Fund,State Bank of India,3.06,,Financial Services,12.03334,1.698928
Baroda BNP Paribas Flexi Cap Fund,Clearing Corporation Of India Ltd,3.06,,,,
Invesco India Midcap Fund,Sai Life Sciences Ltd,3.06,,Healthcare,,
HDFC Mid Cap Fund,Ipca Laboratories Ltd,3.05,,Healthcare,38.607655,5.4611874
HDFC Flexi Cap Fund,Eternal Ltd,3.05,,Consumer Cyclical,,
Bandhan Small Cap Fund,Sobha Ltd,3.05,,Real Estate,,
Invesco India Midcap Fund,Max Financial Services Ltd,3.05,,Financial Services,,
HSBC Midcap Fund,Treps,3.05,,,,
JM Midcap Fund,Acutaas Chemicals Ltd,3.04,,Basic Materials,,
Motilal Oswal Small Cap Fund,Vijaya Diagnostic Centre Ltd,3.04,,Healthcare,,
SBI Large Cap Fund,HDFC Life Insurance Co Ltd,3.03,,Financial Services,,
DSP Flexi Cap Fund,Cholamandalam Investment and Finance Co Ltd,3.03,,Financial Services,,
TRUSTMF Flexi Cap Fund,Larsen & Toubro Ltd,3.03,,Industrials,33.67093,5.1052904
AXIS Large Cap Fund,Kotak Mahindra Bank Ltd,3.03,,Financial Services,19.154411,2.1446095
LIC MF Small Cap Fund,Navin Fluorine International Ltd,3.03,,Basic Materials,,
NJ Flexi Cap Fund,Oil & Natural Gas Corp Ltd,3.03,,Energy,,
Sundaram Mid Cap Fund,Cummins India Ltd,3.03,,Industrials,63.69292,17.746988
UTI-Flexi Cap Fund,Info Edge (India) Ltd,3.03,,Communication Services,54.93524,2.101429
Helios Flexi Cap Fund,Reliance Industries Ltd,3.03,,Energy,24.154905,1.9980692
Union Small Cap Fund,SJS Enterprises Ltd,3.03,,Consumer Cyclical,,
UTI-Large Cap Fund,Eternal Ltd,3.03,,Consumer Cyclical,,
LIC MF Flexi Cap Fund,IndusInd Bank Ltd,3.02,,Financial Services,60.223267,1.2141788
Franklin India Flexi Cap Fund,Kotak Mahindra Bank Ltd,3.02,,Financial Services,19.154411,2.1446095
Taurus Flexi Cap Fund,Narayana Hrudayalaya Ltd,3.02,,Healthcare,46.511227,8.438228
JM Midcap Fund,Arvind Ltd,3.02,,Consumer Cyclical,36.28562,3.82178
Franklin India Flexi Cap Fund,Reliance Industries Ltd,3.02,,Energy,24.154905,1.9980692
ITI Mid Cap Fund,The Federal Bank Ltd,3.01,,Financial Services,,
WhiteOak Capital Large Cap Fund,Torrent Pharmaceuticals Limited,3.01,,,78.7462,19.866693
JM Large Cap Fund,Axis Bank Ltd,3.01,,Financial Services,13.927326,1.7253225
Taurus Flexi Cap Fund,State Bank of India,3.01,,Financial Services,12.03334,1.698928
Invesco India Flexi Cap Fund,Cholamandalam Investment and Finance Co Ltd,3.01,,Financial Services,,
Edelweiss Flexi Cap Fund,NTPC Ltd,3.01,,Utilities,10.470804,1.635282
Taurus Flexi Cap Fund,Advit Jewels Ltd,3.0,,Consumer Cyclical,,
NJ Flexi Cap Fund,Nestle India Ltd,3.0,,Consumer Defensive,90.96278,66.96817
WhiteOak Capital Large Cap Fund,Eternal Ltd,3.0,,Consumer Cyclical,,
HDFC Large Cap Fund,Bajaj Finserv Ltd,3.0,,Financial Services,31.746208,4.122072
Mirae Asset Midcap Fund,Bharat Forge Ltd,3.0,,Consumer Cyclical,100.00883,11.304634
JM Midcap Fund,Marico Ltd,2.99,,Consumer Defensive,65.507576,27.663319
Baroda BNP Paribas Flexi Cap Fund,Axis Bank Ltd,2.99,,Financial Services,13.927326,1.7253225
TRUSTMF Flexi Cap Fund,Treps 01-Jul-2026,2.99,,,,
Nippon India Growth Mid Cap Fund,BSE Ltd,2.99,,Financial Services,,
Bank of India Small Cap Fund,Treps,2.99,,,,
JM Midcap Fund,Bank of Maharashtra,2.99,,Financial Services,7.995914,1.6871054
HDFC Flexi Cap Fund,Maruti Suzuki India Ltd,2.99,,Consumer Cyclical,30.770073,4.1185155
Quant Flexi Cap Fund,Bharti Airtel Ltd,2.99,,Communication Services,40.983265,7.5497437
DSP Large Cap Fund,Treps / Reverse Repo Investments,2.99,,,,
UTI-Large Cap Fund,Axis Bank Ltd,2.98,,Financial Services,13.927326,1.7253225
HDFC Mid Cap Fund,Indian Bank,2.98,,Financial Services,9.372036,1.4279683
Invesco India Midcap Fund,Glenmark Pharmaceuticals Ltd,2.98,,Healthcare,35.97043,6.1400094
Franklin India Large Cap Fund,Bharti Airtel Ltd,2.98,,Communication Services,40.983265,7.5497437
Parag Parikh Flexi Cap Fund,Infosys Ltd,2.98,,Technology,,
Canara Robeco Large Cap Fund,Mahindra & Mahindra Ltd,2.98,,Consumer Cyclical,21.322454,4.203955
Union Flexi Cap Fund,Treps,2.97,,,,
Mahindra Manulife Small Cap Fund,Jindal Saw Ltd,2.97,,Basic Materials,15.391157,1.4340041
Canara Robeco Small Cap Fund,Multi Commodity Exchange of India Ltd,2.97,,Financial Services,,
HSBC Large Cap Fund,Axis Bank Ltd,2.97,,Financial Services,13.927326,1.7253225
WhiteOak Capital Flexi Cap Fund,Clearing Corporation Of India Ltd,2.97,,,,
Motilal Oswal Midcap Fund,Bharti Hexacom Ltd,2.97,,Communication Services,,
Bandhan Large Cap Fund,Bharti Airtel Ltd,2.96,,Communication Services,40.983265,7.5497437
Baroda BNP Paribas Small Cap Fund,PhysicsWallah Ltd,2.96,,Consumer Defensive,,
Invesco India Largecap Fund,Axis Bank Ltd,2.96,,Financial Services,13.927326,1.7253225
AXIS Large Cap Fund,Sun Pharmaceuticals Industries Ltd,2.96,,Healthcare,,
Bank of India Large Cap Fund,Dr Reddy's Laboratories Ltd,2.96,,Healthcare,,
HSBC Large Cap Fund,Mahindra & Mahindra Ltd,2.96,,Consumer Cyclical,21.322454,4.203955
Motilal Oswal Small Cap Fund,Dr Agarwal’s Health Care Ltd,2.96,,Healthcare,,
HSBC Large Cap Fund,InterGlobe Aviation Ltd,2.96,,Industrials,23.408157,29.576513
LIC MF Flexi Cap Fund,Torrent Pharmaceuticals Ltd,2.95,,Healthcare,78.29249,19.85032
Quant Large Cap Fund,Oil & Natural Gas Corp Ltd,2.95,,Energy,,
Canara Robeco Mid Cap Fund,Bank of Maharashtra,2.95,,Financial Services,7.995914,1.6871054
SBI Small Cap Fund,Honeywell Automation India Ltd,2.95,,Industrials,60.97585,7.5087953
360 ONE FlexiCap Fund,Indian Hotels Co Ltd,2.94,,Consumer Cyclical,48.539177,7.9719944
Bandhan Large Cap Fund,Sun Pharmaceuticals Industries Ltd,2.94,,Healthcare,,
Parag Parikh Flexi Cap Fund,Bharti Airtel Ltd,2.94,,Communication Services,40.983265,7.5497437
Union Small Cap Fund,Multi Commodity Exchange of India Ltd,2.94,,Financial Services,,
HDFC Mid Cap Fund,Glenmark Pharmaceuticals Ltd,2.93,,Healthcare,35.97043,6.1400094
Mirae Asset Midcap Fund,Hero MotoCorp Ltd,2.93,,Consumer Cyclical,21.683006,5.4568286
SBI Midcap Fund,Torrent Power Ltd,2.93,,Utilities,28.734314,3.5683436
Quant Mid Cap Fund,Nca-Net Current Assets,2.93,,,,
LIC MF Small Cap Fund,Allied Blenders and Distillers Ltd,2.93,,Consumer Defensive,,
AXIS Large Cap Fund,Apollo Hospitals Enterprise Ltd,2.92,,Healthcare,,
Motilal Oswal Flexi Cap Fund,Sterlite Technologies Ltd,2.92,,Technology,138.89131,13.750727
PGIM India Large Cap Fund,Kotak Mahindra Bank Ltd,2.92,,Financial Services,19.154411,2.1446095
SBI Midcap Fund,Bharat Heavy Electricals Ltd,2.92,,Industrials,58.142857,5.4202347
Edelweiss Large Cap Fund,Axis Bank Ltd,2.92,,Financial Services,13.927326,1.7253225
SBI Large Cap Fund,Tata Motors Ltd,2.92,,Consumer Cyclical,,
JM Small Cap Fund,Godfrey Phillips India Ltd,2.92,,Consumer Defensive,27.37881,6.106945
Bank of India Small Cap Fund,Acutaas Chemicals Ltd,2.92,,Basic Materials,,
Sundaram Mid Cap Fund,GE Vernova T&D India Ltd,2.91,,Industrials,84.030495,40.910908
Taurus Flexi Cap Fund,Linde India Ltd,2.91,,Basic Materials,,
Invesco India Flexi Cap Fund,HDFC Bank Ltd,2.91,,Financial Services,16.051823,1.856211
Samco Flexi Cap Fund,Clearing Corporation Of India Ltd,2.91,,,,
Franklin India Large Cap Fund,SBI Life Insurance Co Ltd,2.9,,Financial Services,71.42033,9.250212
Bandhan Flexi Cap Fund,ITC Ltd,2.9,,Consumer Defensive,18.050472,4.9439254
Baroda BNP Paribas Flexi Cap Fund,Bharat Heavy Electricals Ltd,2.9,,Industrials,58.142857,5.4202347
Mahindra Manulife Mid Cap Fund,IndusInd Bank Ltd,2.89,,Financial Services,60.223267,1.2141788
Taurus Flexi Cap Fund,Ratnaveer Precision Engineering Ltd,2.89,,Basic Materials,,
Tata Large Cap Fund,Adani Energy Solutions Ltd,2.89,,Utilities,,
Tata Large Cap Fund,Kotak Mahindra Bank Ltd,2.88,,Financial Services,19.154411,2.1446095
LIC MF Flexi Cap Fund,Samvardhana Motherson International Ltd,2.88,,Consumer Cyclical,,
Motilal Oswal Flexi Cap Fund,HDFC Asset Management Co Ltd,2.88,,Financial Services,,
Franklin India Large Cap Fund,Bajaj Finserv Ltd,2.88,,Financial Services,31.746208,4.122072
DSP Small Cap Fund,Sansera Engineering Ltd,2.88,,Consumer Cyclical,74.63396,7.787878
WhiteOak Capital Large Cap Fund,India (Republic of),2.88,,,,
Navi Flexi Cap Fund,Kotak Mahindra Bank Ltd,2.87,,Financial Services,19.154411,2.1446095
HSBC Midcap Fund,Meesho Ltd,2.87,,Consumer Cyclical,,
Bandhan Large Cap Fund,Axis Bank Ltd,2.87,,Financial Services,13.927326,1.7253225
DSP Flexi Cap Fund,Bharti Airtel Ltd,2.87,,Communication Services,40.983265,7.5497437
HDFC Flexi Cap Fund,Bharti Airtel Ltd,2.87,,Communication Services,40.983265,7.5497437
TRUSTMF Flexi Cap Fund,Axis Bank Ltd,2.86,,Financial Services,13.927326,1.7253225
Edelweiss Large Cap Fund,State Bank of India,2.86,,Financial Services,12.03334,1.698928
WhiteOak Capital Large Cap Fund,Bharat Electronics Ltd,2.86,,Industrials,47.852028,12.219276
Motilal Oswal Flexi Cap Fund,OneSource Specialty Pharma Ltd,2.86,,Healthcare,,
Mirae Asset Midcap Fund,HDB Financial Services Ltd,2.86,,Financial Services,,
Kotak Large Cap Fund,NTPC Ltd,2.86,,Utilities,10.470804,1.635282
HDFC Large Cap Fund,Lupin Ltd,2.86,,Healthcare,25.007946,5.4900575
SBI Midcap Fund,CRISIL Ltd,2.86,,Financial Services,38.169014,10.298539
DSP Midcap Fund,Fortis Healthcare Ltd,2.85,,Healthcare,69.465454,7.287105
Bajaj Finserv Flexi Cap Fund,The Federal Bank Ltd,2.85,,Financial Services,,
Mirae Asset Midcap Fund,The Federal Bank Ltd,2.85,,Financial Services,,
Parag Parikh Flexi Cap Fund,Maruti Suzuki India Ltd,2.84,,Consumer Cyclical,30.770073,4.1185155
Mirae Asset Large Cap Fund,Mahindra & Mahindra Ltd,2.84,,Consumer Cyclical,21.322454,4.203955
Tata Small Cap Fund,Cello World Ltd,2.84,,Consumer Cyclical,,
SBI Midcap Fund,Adani Energy Solutions Ltd,2.84,,Utilities,,
WhiteOak Capital Mid Cap Fund,Bharti Hexacom Ltd,2.84,,Communication Services,,
Kotak Midcap Fund,GE Vernova T&D India Ltd,2.84,,Industrials,84.030495,40.910908
Quant Small Cap Fund,Aegis Logistics Ltd,2.83,,Energy,53.76321,7.9628196
Mirae Asset Midcap Fund,Delhivery Ltd,2.83,,Industrials,,
Taurus Mid Cap Fund,Insolation Energy Ltd,2.83,,Technology,,
LIC MF Midcap Fund,Garware Hi-Tech Films Ltd,2.83,,Basic Materials,47.845478,6.0986433
Quantum Small Cap Fund,CCL Products (India) Ltd,2.82,,Consumer Defensive,40.142097,7.670013
360 ONE FlexiCap Fund,Bharti Airtel Ltd,2.82,,Communication Services,40.983265,7.5497437
Edelweiss Large Cap Fund,Sun Pharmaceuticals Industries Ltd,2.82,,Healthcare,,
TRUSTMF Flexi Cap Fund,Titan Co Ltd,2.82,,Consumer Cyclical,,
Motilal Oswal Large Cap Fund,Infosys Ltd,2.82,,Technology,,
Invesco India Largecap Fund,Tech Mahindra Ltd,2.82,,Technology,31.637583,5.315708
Invesco India Flexi Cap Fund,Max Healthcare Institute Ltd Ordinary Shares,2.82,,Healthcare,,
JM Flexicap Fund,Arvind Ltd,2.81,,Consumer Cyclical,36.28562,3.82178
Franklin India Flexi Cap Fund,Kirloskar Oil Engines Ltd,2.81,,Industrials,55.561123,8.686619
ITI Large Cap Fund,Kotak Mahindra Bank Ltd,2.81,,Financial Services,19.154411,2.1446095
AXIS Large Cap Fund,Titan Co Ltd,2.81,,Consumer Cyclical,,
Nippon India Large Cap Fund,Sun Pharmaceuticals Industries Ltd,2.81,,Healthcare,,
Bandhan Midcap Fund,Fortis Healthcare Ltd,2.81,,Healthcare,69.465454,7.287105
Mirae Asset Midcap Fund,PB Fintech Ltd,2.81,,Financial Services,,
NJ Flexi Cap Fund,Pidilite Industries Ltd,2.81,,Basic Materials,64.94523,15.596959
Mirae Asset Midcap Fund,FSN E-Commerce Ventures Ltd,2.81,,Consumer Cyclical,,
HSBC Small Cap Fund,MTAR Technologies Ltd,2.81,,Industrials,,
HDFC Large Cap Fund,Bajaj Auto Ltd,2.8,,Consumer Cyclical,27.70058,8.37947
Motilal Oswal Midcap Fund,Max Healthcare Institute Ltd Ordinary Shares,2.8,,Healthcare,,
DSP Large Cap Fund,HDFC Life Insurance Co Ltd,2.8,,Financial Services,,
Invesco India Midcap Fund,SRF Ltd,2.8,,Industrials,35.841557,5.5199285
Kotak Midcap Fund,KEI Industries Ltd,2.8,,Industrials,53.76344,8.032405
Bajaj Finserv Flexi Cap Fund,Divi's Laboratories Ltd,2.8,,Healthcare,85.46783,13.0643635
LIC MF Flexi Cap Fund,Sun Pharmaceuticals Industries Ltd,2.8,,Healthcare,,
HDFC Flexi Cap Fund,Cipla Ltd,2.8,,Healthcare,35.08629,3.4341109
Tata Large Cap Fund,Infosys Ltd,2.79,,Technology,,
Taurus Flexi Cap Fund,Kotak Mahindra Bank Ltd,2.79,,Financial Services,19.154411,2.1446095
Mirae Asset Midcap Fund,Steel Authority Of India Ltd,2.79,,Basic Materials,28.473343,1.2537969
Nippon India Flexi Cap Fund,Larsen & Toubro Ltd,2.79,,Industrials,33.67093,5.1052904
Union Small Cap Fund,Data Patterns (India) Ltd,2.78,,Industrials,91.74241,14.127508
UTI-Flexi Cap Fund,Net Current Assets,2.78,,,,
Quant Small Cap Fund,Piramal Finance Ltd,2.78,,Financial Services,,
WhiteOak Capital Mid Cap Fund,The Federal Bank Ltd,2.78,,Financial Services,,
DSP Flexi Cap Fund,Bajaj Finance Ltd,2.78,,Financial Services,,
Quant Small Cap Fund,Anand Rathi Wealth Ltd,2.78,,Financial Services,76.33491,34.957996
ITI Large Cap Fund,Mahindra & Mahindra Ltd,2.78,,Consumer Cyclical,21.322454,4.203955
Union Largecap Fund,Solar Industries India Ltd,2.78,,Basic Materials,99.0099,26.524855
Quant Flexi Cap Fund,Bharti Airtel Limited,2.78,,,40.984943,7.553212
JM Flexicap Fund,Larsen & Toubro Ltd,2.78,,Industrials,33.67093,5.1052904
HSBC Midcap Fund,Thermax Ltd,2.78,,Industrials,77.06719,8.242397
Kotak Midcap Fund,L&T Finance Ltd,2.78,,Financial Services,,
360 ONE FlexiCap Fund,Kotak Mahindra Bank Ltd,2.77,,Financial Services,19.154411,2.1446095
Samco Flexi Cap Fund,Apar Industries Ltd,2.77,,Industrials,56.81733,12.386799
JM Flexicap Fund,Godfrey Phillips India Ltd,2.77,,Consumer Defensive,27.37881,6.106945
Motilal Oswal Midcap Fund,L&T Finance Ltd,2.77,,Financial Services,,
Bajaj Finserv Flexi Cap Fund,K.P.R. Mill Ltd,2.77,,Consumer Cyclical,,
HSBC Large Cap Fund,Infosys Ltd,2.76,,Technology,,
Aditya Birla SL Flexi Cap Fund,Reliance Industries Ltd,2.76,,Energy,24.154905,1.9980692
Bandhan Flexi Cap Fund,Axis Bank Ltd,2.76,,Financial Services,13.927326,1.7253225
Bandhan Flexi Cap Fund,Maruti Suzuki India Ltd,2.76,,Consumer Cyclical,30.770073,4.1185155
Taurus Mid Cap Fund,PI Industries Ltd,2.76,,Basic Materials,31.848026,3.7480412
JM Large Cap Fund,Bajaj Finance Ltd,2.76,,Financial Services,,
JM Small Cap Fund,Gokaldas Exports Ltd,2.76,,Consumer Cyclical,60.60948,2.730805
Nippon India Growth Mid Cap Fund,The Federal Bank Ltd,2.75,,Financial Services,,
Quantum Small Cap Fund,Carysil Ltd,2.75,,Consumer Cyclical,,
Quantum Small Cap Fund,Star Health and Allied Insurance Co Ltd,2.75,,Financial Services,,
Bajaj Finserv Flexi Cap Fund,Axis Bank Ltd,2.75,,Financial Services,13.927326,1.7253225
Baroda BNP Paribas Large Cap Fund,Kotak Mahindra Bank Ltd,2.75,,Financial Services,19.154411,2.1446095
Bank of India Large Cap Fund,Quality Power Electrical Equipments Ltd,2.75,,Industrials,,
Baroda BNP Paribas Mid Cap Fund,Clearing Corporation Of India Ltd,2.75,,,,
Quantum Small Cap Fund,Mayur Uniquoters Ltd,2.75,,Consumer Cyclical,17.526638,2.965853
HSBC Large Cap Fund,Polycab India Ltd,2.75,,Industrials,,
Canara Robeco Mid Cap Fund,Bharat Heavy Electricals Ltd,2.75,,Industrials,58.142857,5.4202347
HSBC Flexi Cap Fund,Reliance Industries Ltd,2.75,,Energy,24.154905,1.9980692
Motilal Oswal Flexi Cap Fund,InterGlobe Aviation Ltd,2.75,,Industrials,23.408157,29.576513
Sundaram Large Cap Fund,Tech Mahindra Ltd,2.74,,Technology,31.637583,5.315708
SBI Midcap Fund,AIA Engineering Ltd,2.74,,Industrials,38.096615,6.013975
Motilal Oswal Large Cap Fund,Axis Bank Ltd,2.74,,Financial Services,13.927326,1.7253225
LIC MF Flexi Cap Fund,Bharti Airtel Ltd,2.74,,Communication Services,40.983265,7.5497437
Baroda BNP Paribas Small Cap Fund,J.B. Chemicals & Pharmaceuticals Ltd,2.74,,Healthcare,,
Invesco India Midcap Fund,Trent Ltd,2.74,,Consumer Cyclical,96.15015,22.879957
Samco Flexi Cap Fund,Natco Pharma Ltd,2.73,,Healthcare,11.520045,1.7801726
Bank of India Flexi Cap Fund,Quality Power Electrical Equipments Ltd,2.73,,Industrials,,
Franklin India Mid Cap Fund,The Federal Bank Ltd,2.73,,Financial Services,,
Franklin India Flexi Cap Fund,Mahindra & Mahindra Ltd,2.72,,Consumer Cyclical,21.322454,4.203955
Union Largecap Fund,Tata Consumer Products Ltd,2.72,,Consumer Defensive,,
Canara Robeco Mid Cap Fund,Shriram Finance Ltd,2.72,,Financial Services,,
Sundaram Large Cap Fund,Mahindra & Mahindra Ltd,2.72,,Consumer Cyclical,21.322454,4.203955
Baroda BNP Paribas Flexi Cap Fund,One97 Communications Ltd,2.72,,Technology,,
SBI Small Cap Fund,City Union Bank Ltd,2.72,,Financial Services,14.732452,1.988053
PGIM India Flexi Cap Fund,Reliance Industries Ltd,2.72,,Energy,24.154905,1.9980692
UTI-Flexi Cap Fund,Persistent Systems Ltd,2.72,,Technology,44.642857,10.92834
Motilal Oswal Flexi Cap Fund,Siemens Ltd,2.71,,Industrials,83.33545,10.1382265
SBI Large Cap Fund,Kotak Mahindra Bank Ltd,2.71,,Financial Services,19.154411,2.1446095
Union Midcap Fund,Fortis Healthcare Ltd,2.71,,Healthcare,69.465454,7.287105
Baroda BNP Paribas Flexi Cap Fund,Reliance Industries Ltd,2.71,,Energy,24.154905,1.9980692
LIC MF Large Cap Fund,Tata Motors Passenger Vehicles Ltd,2.71,,Consumer Cyclical,,
JM Small Cap Fund,Shaily Engineering Plastics Ltd,2.7,,Basic Materials,,
Tata Mid Cap Fund,Max Financial Services Ltd,2.7,,Financial Services,,
Bajaj Finserv Flexi Cap Fund,Sona BLW Precision Forgings Ltd,2.7,,Consumer Cyclical,,
Motilal Oswal Flexi Cap Fund,Suzlon Energy Ltd,2.7,,Industrials,21.004366,6.762266
SBI Small Cap Fund,Kalpataru Projects International Ltd,2.7,,Industrials,,
SBI Midcap Fund,Biocon Ltd,2.7,,Healthcare,125.0,2.0462842
AXIS Flexi Cap Fund,UltraTech Cement Ltd,2.69,,Basic Materials,41.494347,4.6217
Bank of India Small Cap Fund,Quality Power Electrical Equipments Ltd,2.69,,Industrials,,
Mirae Asset Midcap Fund,Bharat Heavy Electricals Ltd,2.69,,Industrials,58.142857,5.4202347
Navi Flexi Cap Fund,Samvardhana Motherson International Ltd,2.69,,Consumer Cyclical,,
ITI Flexi Cap Fund,Bharti Airtel Ltd,2.69,,Communication Services,40.983265,7.5497437
AXIS Large Cap Fund,InterGlobe Aviation Ltd,2.69,,Industrials,23.408157,29.576513
ICICI Pru Large Cap Fund,UltraTech Cement Ltd,2.69,,Basic Materials,41.494347,4.6217
Mahindra Manulife Flexi Cap Fund,Kotak Mahindra Bank Ltd,2.69,,Financial Services,19.154411,2.1446095
AXIS Midcap Fund,GE Vernova T&D India Ltd,2.69,,Industrials,84.030495,40.910908
Bank of India Flexi Cap Fund,Acutaas Chemicals Ltd,2.69,,Basic Materials,,
SBI Small Cap Fund,ZF Commercial Vehicle Control Systems India Ltd,2.68,,Consumer Cyclical,,
PGIM India Large Cap Fund,Bajaj Finance Ltd,2.68,,Financial Services,,
Tata Mid Cap Fund,IndusInd Bank Ltd,2.68,,Financial Services,60.223267,1.2141788
Invesco India Midcap Fund,Aditya Infotech Ltd,2.68,,Industrials,,
UTI-Flexi Cap Fund,Trent Ltd,2.68,,Consumer Cyclical,96.15015,22.879957
Invesco India Flexi Cap Fund,Sai Life Sciences Ltd,2.67,,Healthcare,,
SBI Midcap Fund,ICICI Lombard General Insurance Co Ltd,2.67,,Financial Services,,
Mahindra Manulife Large Cap Fund,Tata Consultancy Services Ltd,2.67,,Technology,17.2117,8.097646
NJ Flexi Cap Fund,Page Industries Ltd,2.67,,Consumer Cyclical,58.260082,29.617994
Bandhan Large Cap Fund,Bajaj Finserv Ltd,2.67,,Financial Services,31.746208,4.122072
Quantum Small Cap Fund,Karur Vysya Bank Ltd,2.67,,Financial Services,11.819303,2.299122
Motilal Oswal Large Cap Fund,Triparty Repo,2.67,,,,
Mahindra Manulife Mid Cap Fund,Nippon Life India Asset Management Ltd Ordinary Shares,2.67,,Financial Services,,
Edelweiss Large Cap Fund,Bajaj Finance Ltd,2.67,,Financial Services,,
Bank of India Small Cap Fund,Sky Gold and Diamonds Ltd,2.67,,Consumer Cyclical,38.30671,9.299259
ITI Small Cap Fund,Multi Commodity Exchange of India Ltd,2.66,,Financial Services,,
Nippon India Growth Mid Cap Fund,Fortis Healthcare Ltd,2.66,,Healthcare,69.465454,7.287105
DSP Midcap Fund,Phoenix Mills Ltd,2.66,,Real Estate,51.817932,6.168099
ITI Large Cap Fund,JSW Energy Ltd,2.66,,Utilities,44.45055,3.234078
Union Largecap Fund,Torrent Pharmaceuticals Ltd,2.65,,Healthcare,78.29249,19.85032
Nippon India Growth Mid Cap Fund,AU Small Finance Bank Ltd,2.65,,Financial Services,28.249933,3.9927256
Mirae Asset Large Cap Fund,Maruti Suzuki India Ltd,2.65,,Consumer Cyclical,30.770073,4.1185155
Tata Mid Cap Fund,AU Small Finance Bank Ltd,2.65,,Financial Services,28.249933,3.9927256
Baroda BNP Paribas Mid Cap Fund,Hitachi Energy India Ltd Ordinary Shares,2.65,,Industrials,,
Tata Large Cap Fund,Samvardhana Motherson International Ltd,2.64,,Consumer Cyclical,,
HDFC Large Cap Fund,Treps - Tri-Party Repo,2.64,,,,
Motilal Oswal Flexi Cap Fund,Piramal Finance Ltd,2.64,,Financial Services,,
Mirae Asset Large Cap Fund,Eternal Ltd,2.64,,Consumer Cyclical,,
Taurus Flexi Cap Fund,Bajaj Holdings and Investment Ltd,2.64,,Financial Services,,
HDFC Mid Cap Fund,Vishal Mega Mart Ltd,2.64,,Consumer Cyclical,,
360 ONE FlexiCap Fund,Bajaj Finance Ltd,2.64,,Financial Services,,
LIC MF Midcap Fund,DEE Development Engineers Ltd,2.64,,Industrials,,
Bajaj Finserv Flexi Cap Fund,State Bank of India,2.64,,Financial Services,12.03334,1.698928
Samco Flexi Cap Fund,J.B. Chemicals & Pharmaceuticals Ltd,2.64,,Healthcare,,
Bank of India Small Cap Fund,Wockhardt Ltd,2.64,,Healthcare,155.19968,7.174966
Quant Small Cap Fund,Aster DM Quality Care Ltd Ordinary Shares,2.63,,Healthcare,,
Kotak Large Cap Fund,Infosys Ltd,2.63,,Technology,,
Edelweiss Small Cap Fund,Multi Commodity Exchange of India Ltd,2.63,,Financial Services,,
TRUSTMF Flexi Cap Fund,Bharti Airtel Ltd,2.63,,Communication Services,40.983265,7.5497437
Sundaram Mid Cap Fund,Mahindra & Mahindra Financial Services Ltd,2.63,,Financial Services,,
Helios Flexi Cap Fund,State Bank of India,2.63,,Financial Services,12.03334,1.698928
Baroda BNP Paribas Mid Cap Fund,The Federal Bank Ltd,2.63,,Financial Services,,
Bank of India Flexi Cap Fund,Adani Ports & Special Economic Zone Ltd,2.63,,Industrials,,
SBI Midcap Fund,Grindwell Norton Ltd,2.63,,Industrials,61.958984,10.33983
SBI Midcap Fund,Supreme Industries Ltd,2.62,,Industrials,42.736526,7.087394
Motilal Oswal Small Cap Fund,Shaily Engineering Plastics Ltd,2.62,,Basic Materials,,
SBI Midcap Fund,Shree Cement Ltd,2.62,,Basic Materials,55.361866,4.2382216
Quant Mid Cap Fund,JSW Infrastructure Ltd,2.62,,Industrials,46.310345,6.4361844
Sundaram Mid Cap Fund,Treps,2.62,,,,
Bank of India Flexi Cap Fund,Lloyds Metals & Energy Ltd,2.62,,Basic Materials,,
Baroda BNP Paribas Mid Cap Fund,Navin Fluorine International Ltd,2.62,,Basic Materials,,
Edelweiss Mid Cap Fund,BSE Ltd,2.61,,Financial Services,,
DSP Midcap Fund,Multi Commodity Exchange of India Ltd,2.61,,Financial Services,,
PGIM India Midcap Fund,The Federal Bank Ltd,2.61,,Financial Services,,
Taurus Mid Cap Fund,Abbott India Ltd,2.61,,Healthcare,39.10034,14.718281
Mahindra Manulife Mid Cap Fund,L&T Finance Ltd,2.61,,Financial Services,,
Sundaram Mid Cap Fund,BSE Ltd,2.6,,Financial Services,,
Union Largecap Fund,Mahindra & Mahindra Ltd,2.6,,Consumer Cyclical,21.322454,4.203955
SBI Midcap Fund,Sundaram Finance Ltd,2.6,,Financial Services,22.8837,3.4346478
Tata Flexi Cap Fund,Larsen & Toubro Ltd,2.6,,Industrials,33.67093,5.1052904
Union Flexi Cap Fund,Larsen & Toubro Ltd,2.6,,Industrials,33.67093,5.1052904
Edelweiss Flexi Cap Fund,State Bank of India,2.6,,Financial Services,12.03334,1.698928
LIC MF Large Cap Fund,SBI Life Insurance Co Ltd,2.6,,Financial Services,71.42033,9.250212
LIC MF Large Cap Fund,Eternal Ltd,2.6,,Consumer Cyclical,,
SBI Small Cap Fund,Belrise Industries Ltd,2.59,,Consumer Cyclical,41.99831,4.0423107
Nippon India Large Cap Fund,Hindustan Unilever Ltd,2.59,,Consumer Defensive,46.515755,10.1043215
Taurus Mid Cap Fund,Mphasis Ltd,2.59,,Technology,24.812908,4.174768
Edelweiss Large Cap Fund,Titan Co Ltd,2.59,,Consumer Cyclical,,
Bandhan Midcap Fund,Vishal Mega Mart Ltd,2.59,,Consumer Cyclical,,
SBI Midcap Fund,Multi Commodity Exchange of India Ltd,2.59,,Financial Services,,
Mahindra Manulife Mid Cap Fund,AIA Engineering Ltd,2.59,,Industrials,38.096615,6.013975
DSP Large Cap Fund,UltraTech Cement Ltd,2.59,,Basic Materials,41.494347,4.6217
Mirae Asset Flexi Cap Fund,State Bank of India,2.58,,Financial Services,12.03334,1.698928
Canara Robeco Mid Cap Fund,The Federal Bank Ltd,2.58,,Financial Services,,
Tata Mid Cap Fund,BSE Ltd,2.58,,Financial Services,,
Quant Small Cap Fund,Arvind Ltd,2.58,,Consumer Cyclical,36.28562,3.82178
Taurus Mid Cap Fund,Bank of India,2.58,,Financial Services,12.03334,1.698928
WhiteOak Capital Flexi Cap Fund,Mahindra & Mahindra Ltd,2.58,,Consumer Cyclical,21.322454,4.203955
Franklin India Flexi Cap Fund,Eternal Ltd,2.58,,Consumer Cyclical,,
Sundaram Large Cap Fund,Marico Ltd,2.58,,Consumer Defensive,65.507576,27.663319
JM Large Cap Fund,Kotak Mahindra Bank Ltd,2.58,,Financial Services,19.154411,2.1446095
Mahindra Manulife Mid Cap Fund,KEI Industries Ltd,2.58,,Industrials,53.76344,8.032405
NJ Flexi Cap Fund,HDFC Bank Ltd,2.58,,Financial Services,16.051823,1.856211
Sundaram Large Cap Fund,Sedemac Mechatronics Ltd,2.58,,Consumer Cyclical,103.09611,27.419071
Sundaram Mid Cap Fund,The Federal Bank Ltd,2.58,,Financial Services,,
DSP Midcap Fund,Bharat Forge Ltd,2.57,,Consumer Cyclical,100.00883,11.304634
JM Large Cap Fund,Torrent Pharmaceuticals Ltd,2.57,,Healthcare,78.29249,19.85032
Bank of India Flexi Cap Fund,Dr Reddy's Laboratories Ltd,2.57,,Healthcare,,
DSP Midcap Fund,The Federal Bank Ltd,2.57,,Financial Services,,
Canara Robeco Small Cap Fund,Amber Enterprises India Ltd Ordinary Shares,2.57,,Consumer Cyclical,,
DSP Large Cap Fund,SBI Life Insurance Co Ltd,2.57,,Financial Services,71.42033,9.250212
Taurus Mid Cap Fund,Dixon Technologies (India) Ltd,2.57,,Technology,,
Invesco India Flexi Cap Fund,Titan Co Ltd,2.57,,Consumer Cyclical,,
WhiteOak Capital Large Cap Fund,Maruti Suzuki India Ltd,2.56,,Consumer Cyclical,30.770073,4.1185155
Kotak Midcap Fund,The Federal Bank Ltd,2.56,,Financial Services,,
Invesco India Smallcap Fund,Craftsman Automation Ltd,2.56,,Consumer Cyclical,54.34704,7.6615663
Mahindra Manulife Large Cap Fund,Hindustan Unilever Ltd,2.56,,Consumer Defensive,46.515755,10.1043215
Taurus Mid Cap Fund,Container Corporation of India Ltd,2.56,,Industrials,,
Bank of India Flexi Cap Fund,Bharti Airtel Ltd,2.56,,Communication Services,40.983265,7.5497437
UTI-Mid Cap Fund,PB Fintech Ltd,2.56,,Financial Services,,
Tata Flexi Cap Fund,Maruti Suzuki India Ltd,2.55,,Consumer Cyclical,30.770073,4.1185155
Canara Robeco Mid Cap Fund,Global Health Ltd,2.55,,Healthcare,,
Tata Large Cap Fund,Larsen & Toubro Ltd,2.55,,Industrials,33.67093,5.1052904
NJ Flexi Cap Fund,Cash Offset For Derivatives,2.55,,,,
AXIS Flexi Cap Fund,InterGlobe Aviation Ltd,2.55,,Industrials,23.408157,29.576513
PGIM India Large Cap Fund,Eternal Ltd,2.55,,Consumer Cyclical,,
360 ONE FlexiCap Fund,CG Power & Industrial Solutions Ltd,2.55,,Industrials,,
JM Small Cap Fund,Restaurant Brands Asia Ltd Ordinary Shares,2.55,,Consumer Cyclical,,
PGIM India Flexi Cap Fund,Eternal Ltd,2.55,,Consumer Cyclical,,
Tata Mid Cap Fund,Indian Bank,2.55,,Financial Services,9.372036,1.4279683
HSBC Midcap Fund,Apar Industries Ltd,2.55,,Industrials,56.81733,12.386799
Nippon India Large Cap Fund,Infosys Ltd,2.55,,Technology,,
360 ONE FlexiCap Fund,Motherson Sumi Wiring India Ltd,2.55,,Consumer Cyclical,,
Parag Parikh Flexi Cap Fund,Embassy Office Parks REIT,2.55,,Real Estate,,
Edelweiss Large Cap Fund,Mahindra & Mahindra Ltd,2.54,,Consumer Cyclical,21.322454,4.203955
Kotak Midcap Fund,Mphasis Ltd,2.54,,Technology,24.812908,4.174768
Sundaram Large Cap Fund,InterGlobe Aviation Ltd,2.54,,Industrials,23.408157,29.576513
Helios Flexi Cap Fund,Adani Enterprises Ltd,2.54,,Energy,52.359394,4.8032765
Motilal Oswal Flexi Cap Fund,Bharat Electronics Ltd,2.54,,Industrials,47.852028,12.219276
Franklin India Flexi Cap Fund,Apollo Hospitals Enterprise Ltd,2.53,,Healthcare,,
Union Largecap Fund,Infosys Ltd,2.53,,Technology,,
JM Midcap Fund,Glenmark Pharmaceuticals Ltd,2.53,,Healthcare,35.97043,6.1400094
DSP Midcap Fund,Coromandel International Ltd,2.53,,Basic Materials,33.319637,4.850019
ITI Mid Cap Fund,Solar Industries India Ltd,2.53,,Basic Materials,99.0099,26.524855
JM Small Cap Fund,Jana Small Finance Bank Ltd,2.53,,Financial Services,,
Bandhan Flexi Cap Fund,Triparty Repo Trp_010726,2.53,,,,
Shriram Flexi Cap Fund,Larsen & Toubro Ltd,2.53,,Industrials,33.67093,5.1052904
HSBC Midcap Fund,Hitachi Energy India Ltd Ordinary Shares,2.53,,Industrials,,
Baroda BNP Paribas Small Cap Fund,Ujjivan Small Finance Bank Ltd Ordinary Shares,2.53,,Financial Services,,
Bajaj Finserv Flexi Cap Fund,Bajaj Finance Ltd,2.53,,Financial Services,,
JM Small Cap Fund,Net Receivable/Payable,2.52,,,,
Baroda BNP Paribas Flexi Cap Fund,Shriram Finance Ltd,2.52,,Financial Services,,
ICICI Pru Large Cap Fund,Sun Pharmaceuticals Industries Ltd,2.52,,Healthcare,,
DSP Large Cap Fund,Kotak Mahindra Bank Ltd,2.52,,Financial Services,19.154411,2.1446095
Canara Robeco Large Cap Fund,Treps,2.52,,,,
JM Midcap Fund,Cummins India Ltd,2.52,,Industrials,63.69292,17.746988
PGIM India Flexi Cap Fund,Clearing Corporation Of India Ltd.,2.52,,,,
HDFC Mid Cap Fund,Cummins India Ltd,2.52,,Industrials,63.69292,17.746988
DSP Midcap Fund,Ipca Laboratories Ltd,2.52,,Healthcare,38.607655,5.4611874
Invesco India Flexi Cap Fund,Bajaj Finance Ltd,2.51,,Financial Services,,
JM Large Cap Fund,Net Receivable/Payable,2.51,,,,
LIC MF Small Cap Fund,Kirloskar Oil Engines Ltd,2.51,,Industrials,55.561123,8.686619
Kotak Large Cap Fund,Maruti Suzuki India Ltd,2.51,,Consumer Cyclical,30.770073,4.1185155
WhiteOak Capital Mid Cap Fund,India (Republic of),2.51,,,,
WhiteOak Capital Mid Cap Fund,Fortis Healthcare Ltd,2.51,,Healthcare,69.465454,7.287105
Bank of India Small Cap Fund,Arvind Ltd,2.51,,Consumer Cyclical,36.28562,3.82178
HDFC Mid Cap Fund,Marico Ltd,2.51,,Consumer Defensive,65.507576,27.663319
Parag Parikh Flexi Cap Fund,Tata Consultancy Services Ltd,2.51,,Technology,17.2117,8.097646
Helios Flexi Cap Fund,Larsen & Toubro Ltd,2.51,,Industrials,33.67093,5.1052904
Bajaj Finserv Flexi Cap Fund,UltraTech Cement Ltd,2.51,,Basic Materials,41.494347,4.6217
TRUSTMF Flexi Cap Fund,Bajaj Finance Ltd,2.51,,Financial Services,,
Baroda BNP Paribas Large Cap Fund,Eternal Ltd,2.5,,Consumer Cyclical,,
Baroda BNP Paribas Flexi Cap Fund,Radico Khaitan Ltd,2.5,,Consumer Defensive,85.46732,18.168161
SBI Small Cap Fund,Krishna Institute of Medical Sciences Ltd,2.5,,Healthcare,,
Motilal Oswal Flexi Cap Fund,PG Electroplast Ltd,2.5,,Technology,90.87176,5.911051
Invesco India Largecap Fund,Torrent Pharmaceuticals Ltd,2.5,,Healthcare,78.29249,19.85032
Shriram Flexi Cap Fund,SAMHI Hotels Ltd,2.5,,Consumer Cyclical,,
AXIS Flexi Cap Fund,HDFC Bank Ltd,2.5,,Financial Services,16.051823,1.856211
JM Large Cap Fund,Apollo Hospitals Enterprise Ltd,2.5,,Healthcare,,
Union Midcap Fund,GE Vernova T&D India Ltd,2.5,,Industrials,84.030495,40.910908
AXIS Flexi Cap Fund,Mahindra & Mahindra Ltd,2.5,,Consumer Cyclical,21.322454,4.203955
HDFC Large Cap Fund,Infosys Ltd,2.49,,Technology,,
Bajaj Finserv Flexi Cap Fund,Thermax Ltd,2.49,,Industrials,77.06719,8.242397
Baroda BNP Paribas Flexi Cap Fund,Bharat Electronics Ltd,2.49,,Industrials,47.852028,12.219276
Baroda BNP Paribas Small Cap Fund,Emcure Pharmaceuticals Ltd,2.49,,Healthcare,,
JM Large Cap Fund,Adani Ports & Special Economic Zone Ltd,2.49,,Industrials,,
Tata Mid Cap Fund,Marico Ltd,2.49,,Consumer Defensive,65.507576,27.663319
LIC MF Flexi Cap Fund,Hitachi Energy India Ltd Ordinary Shares,2.49,,Industrials,,
Motilal Oswal Flexi Cap Fund,Ashok Leyland Ltd,2.48,,Industrials,30.033842,7.320795
Mirae Asset Midcap Fund,Dalmia Bharat Ltd,2.48,,Basic Materials,,
Motilal Oswal Small Cap Fund,Syrma SGS Technology Ltd,2.48,,Technology,73.51393,9.521932
JM Large Cap Fund,Shriram Finance Ltd,2.48,,Financial Services,,
Taurus Mid Cap Fund,Advit Jewels Ltd,2.48,,Consumer Cyclical,,
Helios Flexi Cap Fund,One97 Communications Ltd,2.48,,Technology,,
Edelweiss Small Cap Fund,Karur Vysya Bank Ltd,2.48,,Financial Services,11.819303,2.299122
LIC MF Midcap Fund,UNO Minda Ltd,2.47,,Consumer Cyclical,,
Motilal Oswal Midcap Fund,Suzlon Energy Ltd,2.47,,Industrials,21.004366,6.762266
HSBC Midcap Fund,Mankind Pharma Ltd,2.47,,Healthcare,,
Samco Flexi Cap Fund,Muthoot Finance Ltd,2.47,,Financial Services,10.19353,2.9614034
Quantum Small Cap Fund,Mold-tek Packaging Ltd,2.47,,Consumer Cyclical,29.941023,3.3014596
ITI Small Cap Fund,Net Receivables / (Payables),2.47,,,,
Mahindra Manulife Large Cap Fund,Bajaj Finserv Ltd,2.47,,Financial Services,31.746208,4.122072
Franklin India Large Cap Fund,J.B. Chemicals & Pharmaceuticals Ltd,2.46,,Healthcare,,
Invesco India Smallcap Fund,Prestige Estates Projects Ltd,2.46,,Real Estate,59.86932,4.183585
Quantum Small Cap Fund,Engineers India Ltd,2.46,,Industrials,19.576893,4.309897
PGIM India Large Cap Fund,Titan Co Ltd,2.46,,Consumer Cyclical,,
Edelweiss Small Cap Fund,Fortis Healthcare Ltd,2.46,,Healthcare,69.465454,7.287105
PGIM India Flexi Cap Fund,State Bank of India,2.46,,Financial Services,12.03334,1.698928
SBI Midcap Fund,The Federal Bank Ltd,2.46,,Financial Services,,
DSP Large Cap Fund,Maruti Suzuki India Ltd,2.46,,Consumer Cyclical,30.770073,4.1185155
Union Largecap Fund,NTPC Ltd,2.45,,Utilities,10.470804,1.635282
Union Midcap Fund,Ipca Laboratories Ltd,2.45,,Healthcare,38.607655,5.4611874
Tata Flexi Cap Fund,NTPC Ltd,2.45,,Utilities,10.470804,1.635282
Sundaram Mid Cap Fund,Coromandel International Ltd,2.45,,Basic Materials,33.319637,4.850019
Union Midcap Fund,Nippon Life India Asset Management Ltd Ordinary Shares,2.45,,Financial Services,,
Baroda BNP Paribas Small Cap Fund,Radico Khaitan Ltd,2.45,,Consumer Defensive,85.46732,18.168161
Motilal Oswal Flexi Cap Fund,Ola Electric Mobility Ltd,2.45,,Consumer Cyclical,,5.406081
Bank of India Flexi Cap Fund,Mankind Pharma Ltd,2.45,,Healthcare,,
SBI Large Cap Fund,Avenue Supermarts Ltd,2.45,,Consumer Defensive,,
JM Small Cap Fund,TD Power Systems Ltd,2.45,,Industrials,82.627785,18.378323
Sundaram Large Cap Fund,Cholamandalam Investment and Finance Co Ltd,2.45,,Financial Services,,
Invesco India Flexi Cap Fund,Trent Ltd,2.44,,Consumer Cyclical,96.15015,22.879957
UTI-Flexi Cap Fund,Mahindra & Mahindra Ltd,2.44,,Consumer Cyclical,21.322454,4.203955
Motilal Oswal Small Cap Fund,Rainbow Childrens Medicare Ltd,2.44,,Healthcare,,
Baroda BNP Paribas Flexi Cap Fund,Lupin Ltd,2.44,,Healthcare,25.007946,5.4900575
LIC MF Small Cap Fund,Schneider Electric Infrastructure Ltd,2.44,,Industrials,,
Tata Small Cap Fund,F) Repo,2.44,,,,
ITI Flexi Cap Fund,Larsen & Toubro Ltd,2.44,,Industrials,33.67093,5.1052904
Invesco India Smallcap Fund,RBL Bank Ltd,2.43,,Financial Services,,
Canara Robeco Mid Cap Fund,Premier Energies Ltd,2.43,,Technology,,
Nippon India Large Cap Fund,ITC Ltd,2.43,,Consumer Defensive,18.050472,4.9439254
Nippon India Large Cap Fund,State Bank of India,2.43,,Financial Services,12.03334,1.698928
AXIS Midcap Fund,Apar Industries Ltd,2.43,,Industrials,56.81733,12.386799
Bank of India Small Cap Fund,Cemindia Projects Ltd,2.43,,Industrials,,
Bajaj Finserv Flexi Cap Fund,Page Industries Ltd,2.43,,Consumer Cyclical,58.260082,29.617994
SBI Large Cap Fund,Divi's Laboratories Ltd,2.43,,Healthcare,85.46783,13.0643635
Mahindra Manulife Flexi Cap Fund,Larsen & Toubro Ltd,2.42,,Industrials,33.67093,5.1052904
Mahindra Manulife Small Cap Fund,Garware Hi-Tech Films Ltd,2.42,,Basic Materials,47.845478,6.0986433
WhiteOak Capital Flexi Cap Fund,Bharat Electronics Ltd,2.42,,Industrials,47.852028,12.219276
AXIS Large Cap Fund,UltraTech Cement Ltd,2.42,,Basic Materials,41.494347,4.6217
Mahindra Manulife Mid Cap Fund,JSW Energy Ltd,2.42,,Utilities,44.45055,3.234078
Union Flexi Cap Fund,InterGlobe Aviation Ltd,2.42,,Industrials,23.408157,29.576513
WhiteOak Capital Flexi Cap Fund,Eternal Ltd,2.42,,Consumer Cyclical,,
Helios Flexi Cap Fund,Bajaj Finance Ltd,2.42,,Financial Services,,
Sundaram Mid Cap Fund,Suzlon Energy Ltd,2.42,,Industrials,21.004366,6.762266
Navi Flexi Cap Fund,Rainbow Childrens Medicare Ltd,2.42,,Healthcare,,
Mahindra Manulife Large Cap Fund,Eternal Ltd,2.42,,Consumer Cyclical,,
LIC MF Midcap Fund,KEI Industries Ltd,2.41,,Industrials,53.76344,8.032405
Franklin India Flexi Cap Fund,Infosys Ltd,2.41,,Technology,,
Kotak Large Cap Fund,Mahindra & Mahindra Ltd,2.41,,Consumer Cyclical,21.322454,4.203955
Kotak Midcap Fund,Triparty Repo,2.41,,,,
HDFC Large Cap Fund,Ambuja Cements Ltd,2.41,,Basic Materials,24.327354,1.8076178
Taurus Mid Cap Fund,Deepak Nitrite Ltd,2.41,,Basic Materials,31.248913,4.197999
PGIM India Midcap Fund,UNO Minda Ltd,2.41,,Consumer Cyclical,,
Canara Robeco Large Cap Fund,Kotak Mahindra Bank Ltd,2.41,,Financial Services,19.154411,2.1446095
LIC MF Flexi Cap Fund,Phoenix Mills Ltd,2.41,,Real Estate,51.817932,6.168099
Union Largecap Fund,Eternal Ltd,2.41,,Consumer Cyclical,,
UTI-Flexi Cap Fund,Maruti Suzuki India Ltd,2.4,,Consumer Cyclical,30.770073,4.1185155
Tata Large Cap Fund,Sun Pharmaceuticals Industries Ltd,2.4,,Healthcare,,
360 ONE FlexiCap Fund,Shriram Finance Ltd,2.4,,Financial Services,,
PGIM India Midcap Fund,Mankind Pharma Ltd,2.4,,Healthcare,,
ITI Large Cap Fund,Eternal Ltd,2.4,,Consumer Cyclical,,
LIC MF Large Cap Fund,Bajaj Finance Ltd,2.4,,Financial Services,,
JM Small Cap Fund,OneSource Specialty Pharma Ltd,2.4,,Healthcare,,
HDFC Large Cap Fund,Cholamandalam Investment and Finance Co Ltd,2.4,,Financial Services,,
JM Midcap Fund,BSE Ltd,2.4,,Financial Services,,
SBI Midcap Fund,Bharat Forge Ltd,2.4,,Consumer Cyclical,100.00883,11.304634
Union Midcap Fund,Bharat Heavy Electricals Ltd,2.4,,Industrials,58.142857,5.4202347
Baroda BNP Paribas Mid Cap Fund,Indian Bank,2.4,,Financial Services,9.372036,1.4279683
HSBC Large Cap Fund,Apollo Hospitals Enterprise Ltd,2.39,,Healthcare,,
Invesco India Largecap Fund,Titan Co Ltd,2.39,,Consumer Cyclical,,
Baroda BNP Paribas Mid Cap Fund,Acutaas Chemicals Ltd,2.39,,Basic Materials,,
Bajaj Finserv Flexi Cap Fund,Titan Co Ltd,2.39,,Consumer Cyclical,,
Union Small Cap Fund,KEI Industries Ltd,2.39,,Industrials,53.76344,8.032405
HDFC Flexi Cap Fund,Power Grid Corp Of India Ltd,2.39,,Utilities,,
HSBC Midcap Fund,Nippon Life India Asset Management Ltd Ordinary Shares,2.39,,Financial Services,,
Baroda BNP Paribas Small Cap Fund,Can Fin Homes Ltd,2.39,,Financial Services,9.523417,1.8063651
Navi Flexi Cap Fund,BLS International Services Ltd,2.39,,Industrials,17.417809,4.911068
Bandhan Midcap Fund,Cummins India Ltd,2.38,,Industrials,63.69292,17.746988
SBI Large Cap Fund,Page Industries Ltd,2.38,,Consumer Cyclical,58.260082,29.617994
Helios Flexi Cap Fund,Bharat Electronics Ltd,2.38,,Industrials,47.852028,12.219276
JM Small Cap Fund,Thangamayil Jewellery Ltd,2.38,,Consumer Cyclical,40.815536,11.578927
Mirae Asset Flexi Cap Fund,Axis Bank Ltd,2.38,,Financial Services,13.927326,1.7253225
Invesco India Flexi Cap Fund,BSE Ltd,2.38,,Financial Services,,
ITI Flexi Cap Fund,Aditya Infotech Ltd,2.38,,Industrials,,
Mirae Asset Large Cap Fund,ITC Ltd,2.38,,Consumer Defensive,18.050472,4.9439254
Mirae Asset Midcap Fund,Prestige Estates Projects Ltd,2.38,,Real Estate,59.86932,4.183585
LIC MF Small Cap Fund,Arvind Fashions Ltd,2.37,,Consumer Cyclical,,
Mahindra Manulife Mid Cap Fund,Bank of Maharashtra,2.37,,Financial Services,7.995914,1.6871054
Nippon India Growth Mid Cap Fund,Bharat Forge Ltd,2.37,,Consumer Cyclical,100.00883,11.304634
Nippon India Flexi Cap Fund,Mahindra & Mahindra Ltd,2.36,,Consumer Cyclical,21.322454,4.203955
Union Small Cap Fund,Ujjivan Small Finance Bank Ltd Ordinary Shares,2.36,,Financial Services,,
Union Small Cap Fund,Hitachi Energy India Ltd Ordinary Shares,2.36,,Industrials,,
Quantum Small Cap Fund,Alivus Life Sciences Ltd,2.36,,Healthcare,27.100061,4.9066854
ITI Large Cap Fund,NTPC Ltd,2.36,,Utilities,10.470804,1.635282
Invesco India Smallcap Fund,BSE Ltd,2.36,,Financial Services,,
Aditya Birla SL Flexi Cap Fund,State Bank of India,2.35,,Financial Services,12.03334,1.698928
Motilal Oswal Midcap Fund,PB Fintech Ltd,2.35,,Financial Services,,
Canara Robeco Large Cap Fund,UltraTech Cement Ltd,2.35,,Basic Materials,41.494347,4.6217
Baroda BNP Paribas Small Cap Fund,Karur Vysya Bank Ltd,2.35,,Financial Services,11.819303,2.299122
Invesco India Midcap Fund,ABB India Ltd,2.35,,Industrials,39.10034,14.718281
Canara Robeco Large Cap Fund,Eternal Ltd,2.35,,Consumer Cyclical,,
Motilal Oswal Small Cap Fund,Pricol Ltd,2.35,,Consumer Cyclical,,
Franklin India Mid Cap Fund,IDFC First Bank Ltd,2.35,,Financial Services,,
Edelweiss Small Cap Fund,Ajanta Pharma Ltd,2.34,,Healthcare,43.00333,10.097092
Tata Mid Cap Fund,Indus Towers Ltd Ordinary Shares,2.34,,Communication Services,,
Baroda BNP Paribas Small Cap Fund,Delhivery Ltd,2.34,,Industrials,,
Navi Flexi Cap Fund,Varun Beverages Ltd,2.34,,Consumer Defensive,,
Baroda BNP Paribas Small Cap Fund,Bharat Heavy Electricals Ltd,2.34,,Industrials,58.142857,5.4202347
WhiteOak Capital Large Cap Fund,Titan Co Ltd,2.34,,Consumer Cyclical,,
LIC MF Small Cap Fund,KSH International Ltd,2.34,,Industrials,,
360 ONE FlexiCap Fund,Aditya Infotech Ltd,2.34,,Industrials,,
Bank of India Flexi Cap Fund,Net Receivables / (Payables),2.34,,,,
Baroda BNP Paribas Flexi Cap Fund,NLC India Ltd,2.34,,Utilities,,
Union Flexi Cap Fund,Reliance Industries Ltd,2.34,,Energy,24.154905,1.9980692
SBI Small Cap Fund,Sundaram Fasteners Ltd,2.33,,Consumer Cyclical,,
Shriram Flexi Cap Fund,SBI Life Insurance Co Ltd,2.33,,Financial Services,71.42033,9.250212
Canara Robeco Mid Cap Fund,Lenskart Solutions Ltd,2.33,,Healthcare,195.7732,11.320417
DSP Small Cap Fund,Welspun Corp Ltd,2.33,,Basic Materials,,
Shriram Flexi Cap Fund,InterGlobe Aviation Ltd,2.33,,Industrials,23.408157,29.576513
Bank of India Small Cap Fund,Computer Age Management Services Ltd Ordinary Shares,2.33,,Technology,,
Sundaram Large Cap Fund,Trent Ltd,2.33,,Consumer Cyclical,96.15015,22.879957
Invesco India Largecap Fund,Polycab India Ltd,2.33,,Industrials,,
Mahindra Manulife Mid Cap Fund,PB Fintech Ltd,2.33,,Financial Services,,
SBI Midcap Fund,HDB Financial Services Ltd,2.33,,Financial Services,,
Union Small Cap Fund,Acutaas Chemicals Ltd,2.33,,Basic Materials,,
HSBC Large Cap Fund,Tata Motors Ltd,2.33,,Consumer Cyclical,,
HDFC Flexi Cap Fund,Eicher Motors Ltd,2.32,,Consumer Cyclical,37.87843,8.764883
SBI Midcap Fund,FSN E-Commerce Ventures Ltd,2.32,,Consumer Cyclical,,
Motilal Oswal Small Cap Fund,Campus Activewear Ltd,2.32,,Consumer Cyclical,,
Bank of India Large Cap Fund,Vedanta Aluminium Metal Ltd,2.32,,Basic Materials,,
Baroda BNP Paribas Flexi Cap Fund,Hindalco Industries Ltd,2.32,,Basic Materials,14.367457,1.7221315
Mahindra Manulife Large Cap Fund,Mahindra & Mahindra Ltd,2.32,,Consumer Cyclical,21.322454,4.203955
Kotak Midcap Fund,Bank of Maharashtra,2.32,,Financial Services,7.995914,1.6871054
DSP Small Cap Fund,SPR Auto Technologies Ltd,2.31,,Consumer Cyclical,34.364388,6.672539
WhiteOak Capital Mid Cap Fund,PB Fintech Ltd,2.31,,Financial Services,,
UTI-Mid Cap Fund,Suzlon Energy Ltd,2.31,,Industrials,21.004366,6.762266
DSP Midcap Fund,Max Financial Services Ltd,2.31,,Financial Services,,
DSP Midcap Fund,Voltas Ltd,2.31,,Consumer Cyclical,113.616264,6.6683273
ITI Large Cap Fund,Cholamandalam Investment and Finance Co Ltd,2.31,,Financial Services,,
Aditya Birla SL Flexi Cap Fund,Infosys Ltd,2.31,,Technology,,
Invesco India Largecap Fund,Max Healthcare Institute Ltd Ordinary Shares,2.31,,Healthcare,,
AXIS Large Cap Fund,Infosys Ltd,2.31,,Technology,,
Baroda BNP Paribas Small Cap Fund,BEML Ltd,2.31,,Industrials,50.41009,5.320817
Baroda BNP Paribas Mid Cap Fund,BSE Ltd,2.31,,Financial Services,,
Aditya Birla SL Flexi Cap Fund,Bharat Forge Ltd,2.31,,Consumer Cyclical,100.00883,11.304634
Bajaj Finserv Flexi Cap Fund,UNO Minda Ltd,2.3,,Consumer Cyclical,,
Bank of India Small Cap Fund,City Union Bank Ltd,2.3,,Financial Services,14.732452,1.988053
Invesco India Largecap Fund,Eicher Motors Ltd,2.3,,Consumer Cyclical,37.87843,8.764883
UTI-Mid Cap Fund,Polycab India Ltd,2.3,,Industrials,,
Quantum Small Cap Fund,Crompton Greaves Consumer Electricals Ltd,2.3,,Consumer Cyclical,,
JM Small Cap Fund,Avalon Technologies Ltd,2.3,,Technology,116.28995,18.191496
Nippon India Large Cap Fund,Avenue Supermarts Ltd,2.3,,Consumer Defensive,,
SBI Large Cap Fund,Thermax Ltd,2.3,,Industrials,77.06719,8.242397
PGIM India Midcap Fund,Bharti Hexacom Ltd,2.3,,Communication Services,,
Nippon India Large Cap Fund,Mahindra & Mahindra Ltd,2.3,,Consumer Cyclical,21.322454,4.203955
HSBC Midcap Fund,Radico Khaitan Ltd,2.29,,Consumer Defensive,85.46732,18.168161
HDFC Large Cap Fund,State Bank of India,2.29,,Financial Services,12.03334,1.698928
PGIM India Midcap Fund,Aditya Birla Capital Ltd,2.29,,Financial Services,26.376858,3.1052613
Sundaram Large Cap Fund,NTPC Ltd,2.29,,Utilities,10.470804,1.635282
UTI-Mid Cap Fund,The Federal Bank Ltd,2.29,,Financial Services,,
Edelweiss Small Cap Fund,Avalon Technologies Ltd,2.29,,Technology,116.28995,18.191496
Baroda BNP Paribas Flexi Cap Fund,Cummins India Ltd,2.28,,Industrials,63.69292,17.746988
Baroda BNP Paribas Flexi Cap Fund,Eicher Motors Ltd,2.28,,Consumer Cyclical,37.87843,8.764883
LIC MF Flexi Cap Fund,ITC Hotels Ltd,2.28,,Consumer Cyclical,,
LIC MF Midcap Fund,Shakti Pumps (India) Ltd,2.28,,Industrials,30.11662,3.7369044
Sundaram Large Cap Fund,UltraTech Cement Ltd,2.28,,Basic Materials,41.494347,4.6217
Quantum Small Cap Fund,Lumax Industries Ltd,2.28,,Consumer Cyclical,31.347767,5.900506
Baroda BNP Paribas Large Cap Fund,Sun Pharmaceuticals Industries Ltd,2.28,,Healthcare,,
Bandhan Midcap Fund,L&T Finance Ltd,2.28,,Financial Services,,
Tata Small Cap Fund,CarTrade Tech Ltd,2.28,,Consumer Cyclical,,
LIC MF Flexi Cap Fund,HDFC Asset Management Co Ltd,2.27,,Financial Services,,
HDFC Mid Cap Fund,Hindustan Petroleum Corp Ltd,2.27,,Energy,,
HDFC Mid Cap Fund,Coforge Ltd,2.27,,Technology,,
LIC MF Large Cap Fund,Trent Ltd,2.27,,Consumer Cyclical,96.15015,22.879957
NJ Flexi Cap Fund,Ajanta Pharma Ltd,2.27,,Healthcare,43.00333,10.097092
Motilal Oswal Small Cap Fund,V-Mart Retail Ltd,2.27,,Consumer Cyclical,46.306488,6.6772213
Invesco India Midcap Fund,FSN E-Commerce Ventures Ltd,2.27,,Consumer Cyclical,,
Mahindra Manulife Small Cap Fund,Angel One Ltd Ordinary Shares,2.27,,Financial Services,,
Mahindra Manulife Small Cap Fund,Usha Martin Ltd,2.27,,Basic Materials,29.498856,4.7534885
Mirae Asset Midcap Fund,Swiggy Ltd,2.26,,Consumer Cyclical,,
Tata Large Cap Fund,Mahindra & Mahindra Ltd,2.26,,Consumer Cyclical,21.322454,4.203955
Edelweiss Flexi Cap Fund,Tata Steel Ltd,2.26,,Basic Materials,34.495415,2.4665117
Motilal Oswal Large Cap Fund,CG Power & Industrial Solutions Ltd,2.26,,Industrials,,
Mirae Asset Flexi Cap Fund,Bharti Airtel Ltd,2.26,,Communication Services,40.983265,7.5497437
Franklin India Flexi Cap Fund,HCL Technologies Ltd,2.26,,Technology,21.097977,4.9742002
Baroda BNP Paribas Mid Cap Fund,PB Fintech Ltd,2.26,,Financial Services,,
DSP Flexi Cap Fund,Cipla Ltd,2.26,,Healthcare,35.08629,3.4341109
SBI Large Cap Fund,Varun Beverages Ltd,2.26,,Consumer Defensive,,
Quantum Small Cap Fund,Equitas Small Finance Bank Ltd Ordinary Shares,2.26,,Financial Services,,
Mahindra Manulife Small Cap Fund,Ramco Cements Ltd,2.26,,Basic Materials,,
WhiteOak Capital Mid Cap Fund,Laurus Labs Ltd,2.26,,Healthcare,,
SBI Small Cap Fund,K.P.R. Mill Ltd,2.26,,Consumer Cyclical,,
Edelweiss Mid Cap Fund,Fortis Healthcare Ltd,2.25,,Healthcare,69.465454,7.287105
Tata Small Cap Fund,Carborundum Universal Ltd,2.25,,Industrials,106.40155,5.35846
LIC MF Large Cap Fund,Hindustan Unilever Ltd,2.25,,Consumer Defensive,46.515755,10.1043215
Motilal Oswal Midcap Fund,ICICI Prudential Asset Management Co Ltd,2.25,,Financial Services,,
Tata Mid Cap Fund,Glenmark Pharmaceuticals Ltd,2.25,,Healthcare,35.97043,6.1400094
Motilal Oswal Midcap Fund,IDFC First Bank Ltd,2.25,,Financial Services,,
Bank of India Large Cap Fund,Axis Bank Ltd,2.25,,Financial Services,13.927326,1.7253225
Kotak Midcap Fund,Solar Industries India Ltd,2.25,,Basic Materials,99.0099,26.524855
AXIS Flexi Cap Fund,Bharti Airtel Ltd,2.25,,Communication Services,40.983265,7.5497437
Tata Large Cap Fund,Tata Consultancy Services Ltd,2.25,,Technology,17.2117,8.097646
Union Flexi Cap Fund,Krishna Institute of Medical Sciences Ltd,2.25,,Healthcare,,
Union Flexi Cap Fund,JSW Infrastructure Ltd,2.24,,Industrials,46.310345,6.4361844
WhiteOak Capital Flexi Cap Fund,Kotak Mahindra Bank Ltd,2.24,,Financial Services,19.154411,2.1446095
Invesco India Midcap Fund,Amber Enterprises India Ltd Ordinary Shares,2.24,,Consumer Cyclical,,
UTI-Mid Cap Fund,Coforge Ltd,2.24,,Technology,,
Kotak Midcap Fund,Indian Bank,2.24,,Financial Services,9.372036,1.4279683
JM Large Cap Fund,Mahindra & Mahindra Ltd,2.24,,Consumer Cyclical,21.322454,4.203955
Baroda BNP Paribas Flexi Cap Fund,Bharti Airtel Ltd,2.24,,Communication Services,40.983265,7.5497437
Quant Small Cap Fund,Sun TV Network Ltd,2.24,,Communication Services,11.846847,1.55138
Helios Flexi Cap Fund,Syrma SGS Technology Ltd,2.24,,Technology,73.51393,9.521932
Taurus Mid Cap Fund,Inox Wind Ltd,2.24,,Industrials,,
ITI Small Cap Fund,Kirloskar Oil Engines Ltd,2.24,,Industrials,55.561123,8.686619
DSP Midcap Fund,KEI Industries Ltd,2.24,,Industrials,53.76344,8.032405
360 ONE FlexiCap Fund,Emmvee Photovoltaic Power Ltd,2.23,,Technology,,
Canara Robeco Small Cap Fund,J.B. Chemicals & Pharmaceuticals Ltd,2.23,,Healthcare,,
SBI Small Cap Fund,NHPC Ltd,2.23,,Utilities,27.97091,1.8693043
WhiteOak Capital Large Cap Fund,State Bank of India,2.23,,Financial Services,12.03334,1.698928
NJ Flexi Cap Fund,Hero MotoCorp Ltd,2.23,,Consumer Cyclical,21.683006,5.4568286
Invesco India Smallcap Fund,Trent Ltd,2.23,,Consumer Cyclical,96.15015,22.879957
Tata Large Cap Fund,InterGlobe Aviation Ltd,2.23,,Industrials,23.408157,29.576513
Baroda BNP Paribas Flexi Cap Fund,Mahindra & Mahindra Ltd,2.23,,Consumer Cyclical,21.322454,4.203955
Aditya Birla SL Large Cap Fund,Eternal Ltd,2.23,,Consumer Cyclical,,
Mahindra Manulife Small Cap Fund,Aditya Birla Capital Ltd,2.23,,Financial Services,26.376858,3.1052613
Edelweiss Mid Cap Fund,Marico Ltd,2.22,,Consumer Defensive,65.507576,27.663319
HSBC Flexi Cap Fund,Treps,2.22,,,,
LIC MF Midcap Fund,Nippon Life India Asset Management Ltd Ordinary Shares,2.22,,Financial Services,,
Helios Flexi Cap Fund,Dixon Technologies (India) Ltd,2.22,,Technology,,
Motilal Oswal Midcap Fund,Bharat Electronics Ltd,2.21,,Industrials,47.852028,12.219276
Baroda BNP Paribas Small Cap Fund,City Union Bank Ltd,2.21,,Financial Services,14.732452,1.988053
Union Largecap Fund,Kotak Mahindra Bank Ltd,2.21,,Financial Services,19.154411,2.1446095
Mahindra Manulife Mid Cap Fund,Glenmark Pharmaceuticals Ltd,2.21,,Healthcare,35.97043,6.1400094
Mahindra Manulife Mid Cap Fund,Coforge Ltd,2.21,,Technology,,
Mirae Asset Flexi Cap Fund,Larsen & Toubro Ltd,2.21,,Industrials,33.67093,5.1052904
ITI Small Cap Fund,VA Tech Wabag Ltd,2.21,,Industrials,33.3339,4.749209
Bank of India Large Cap Fund,Tata Steel Ltd,2.21,,Basic Materials,34.495415,2.4665117
TRUSTMF Flexi Cap Fund,Shriram Finance Ltd,2.21,,Financial Services,,
Union Midcap Fund,Phoenix Mills Ltd,2.21,,Real Estate,51.817932,6.168099
Nippon India Growth Mid Cap Fund,Eternal Ltd,2.21,,Consumer Cyclical,,
Invesco India Largecap Fund,Mahindra & Mahindra Ltd,2.21,,Consumer Cyclical,21.322454,4.203955
Baroda BNP Paribas Flexi Cap Fund,Polycab India Ltd,2.21,,Industrials,,
JM Midcap Fund,IDFC First Bank Ltd,2.21,,Financial Services,,
PGIM India Large Cap Fund,Clearing Corporation Of India Ltd.,2.2,,,,
Bandhan Midcap Fund,Ipca Laboratories Ltd,2.2,,Healthcare,38.607655,5.4611874
ITI Flexi Cap Fund,State Bank of India,2.2,,Financial Services,12.03334,1.698928
Mahindra Manulife Mid Cap Fund,Max Financial Services Ltd,2.2,,Financial Services,,
ICICI Pru Large Cap Fund,Mahindra & Mahindra Ltd,2.2,,Consumer Cyclical,21.322454,4.203955
Helios Flexi Cap Fund,Bharti Airtel Ltd,2.2,,Communication Services,40.983265,7.5497437
Parag Parikh Flexi Cap Fund,Meta Platforms Inc Class A,2.2,,Communication Services,,
Helios Flexi Cap Fund,Cummins India Ltd,2.2,,Industrials,63.69292,17.746988
Motilal Oswal Midcap Fund,Samvardhana Motherson International Ltd,2.2,,Consumer Cyclical,,
WhiteOak Capital Flexi Cap Fund,Reliance Industries Ltd,2.2,,Energy,24.154905,1.9980692
UTI-Mid Cap Fund,Tube Investments of India Ltd Ordinary Shares,2.2,,Industrials,,
Mahindra Manulife Flexi Cap Fund,Axis Bank Ltd,2.19,,Financial Services,13.927326,1.7253225
TRUSTMF Flexi Cap Fund,Radico Khaitan Ltd,2.19,,Consumer Defensive,85.46732,18.168161
Kotak Midcap Fund,Eternal Ltd,2.19,,Consumer Cyclical,,
Mahindra Manulife Small Cap Fund,Voltamp Transformers Ltd,2.19,,Industrials,31.847237,6.1297164
Bandhan Small Cap Fund,State Bank of India,2.19,,Financial Services,12.03334,1.698928
Quantum Small Cap Fund,Xpro India Ltd,2.19,,Basic Materials,77.54053,3.3992715
Parag Parikh Flexi Cap Fund,Amazon.com Inc,2.19,,Consumer Cyclical,,
LIC MF Flexi Cap Fund,Aditya Birla Capital Ltd,2.19,,Financial Services,26.376858,3.1052613
Canara Robeco Small Cap Fund,PNB Housing Finance Ltd,2.19,,Financial Services,,
Motilal Oswal Midcap Fund,Premier Energies Ltd,2.19,,Technology,,
Nippon India Growth Mid Cap Fund,Multi Commodity Exchange of India Ltd,2.19,,Financial Services,,
AXIS Flexi Cap Fund,CG Power & Industrial Solutions Ltd,2.19,,Industrials,,
Tata Flexi Cap Fund,Ambuja Cements Ltd,2.19,,Basic Materials,24.327354,1.8076178
Tata Small Cap Fund,BASF India Ltd,2.19,,Basic Materials,28.652473,4.474628
Quant Flexi Cap Fund,K.P.R. Mill Ltd,2.18,,Consumer Cyclical,,
SBI Large Cap Fund,Shree Cement Ltd,2.18,,Basic Materials,55.361866,4.2382216
DSP Midcap Fund,Schaeffler India Ltd,2.18,,Consumer Cyclical,,
DSP Large Cap Fund,Hindustan Aeronautics Ltd Ordinary Shares,2.18,,Industrials,,
JM Flexicap Fund,Maruti Suzuki India Ltd,2.18,,Consumer Cyclical,30.770073,4.1185155
JM Flexicap Fund,One97 Communications Ltd,2.18,,Technology,,
LIC MF Flexi Cap Fund,Coforge Ltd,2.18,,Technology,,
Quant Small Cap Fund,Poly Medicure Ltd,2.18,,Healthcare,53.19868,5.5223246
ITI Large Cap Fund,Sun Pharmaceuticals Industries Ltd,2.18,,Healthcare,,
AXIS Midcap Fund,Indian Hotels Co Ltd,2.18,,Consumer Cyclical,48.539177,7.9719944
HDFC Mid Cap Fund,Tata Communications Ltd,2.18,,Communication Services,52.915287,14.511902
Baroda BNP Paribas Large Cap Fund,Bharat Heavy Electricals Ltd,2.17,,Industrials,58.142857,5.4202347
LIC MF Flexi Cap Fund,Radico Khaitan Ltd,2.17,,Consumer Defensive,85.46732,18.168161
Canara Robeco Mid Cap Fund,Apar Industries Ltd,2.17,,Industrials,56.81733,12.386799
Mahindra Manulife Small Cap Fund,Vodafone Idea Ltd,2.17,,Communication Services,,
Sundaram Mid Cap Fund,IDFC First Bank Ltd,2.17,,Financial Services,,
LIC MF Midcap Fund,Trent Ltd,2.17,,Consumer Cyclical,96.15015,22.879957
Quantum Small Cap Fund,Sandhar Technologies Ltd Ordinary Shares,2.17,,Consumer Cyclical,,
HSBC Small Cap Fund,Apar Industries Ltd,2.17,,Industrials,56.81733,12.386799
TRUSTMF Flexi Cap Fund,Lenskart Solutions Ltd,2.17,,Healthcare,195.7732,11.320417
TRUSTMF Small Cap Fund,The Federal Bank Ltd,2.17,,Financial Services,,
AXIS Flexi Cap Fund,Cholamandalam Investment and Finance Co Ltd,2.17,,Financial Services,,
Edelweiss Small Cap Fund,Krishna Institute of Medical Sciences Ltd,2.17,,Healthcare,,
Invesco India Midcap Fund,Hexaware Technologies Ltd Ordinary Shares,2.16,,Technology,,
Invesco India Largecap Fund,Cholamandalam Investment and Finance Co Ltd,2.16,,Financial Services,,
Baroda BNP Paribas Small Cap Fund,National Aluminium Co Ltd,2.16,,Basic Materials,11.390134,3.2384465
JM Flexicap Fund,State Bank of India,2.16,,Financial Services,12.03334,1.698928
Motilal Oswal Small Cap Fund,Sky Gold and Diamonds Ltd,2.16,,Consumer Cyclical,38.30671,9.299259
Parag Parikh Flexi Cap Fund,Cash Offset For Derivatives,2.15,,,,
Taurus Flexi Cap Fund,Power Grid Corp Of India Ltd,2.15,,Utilities,,
Invesco India Smallcap Fund,Global Health Ltd,2.15,,Healthcare,,
Motilal Oswal Large Cap Fund,Kotak Mahindra Bank Ltd,2.15,,Financial Services,19.154411,2.1446095
SBI Large Cap Fund,Cholamandalam Investment and Finance Co Ltd,2.15,,Financial Services,,
Bandhan Midcap Fund,KEI Industries Ltd,2.15,,Industrials,53.76344,8.032405
Mirae Asset Midcap Fund,Gland Pharma Ltd,2.15,,Healthcare,,
Quant Small Cap Fund,Capri Global Capital Ltd,2.15,,Financial Services,19.612436,3.0815866
TRUSTMF Small Cap Fund,Cemindia Projects Ltd,2.15,,Industrials,,
Bandhan Midcap Fund,CG Power & Industrial Solutions Ltd,2.15,,Industrials,,
Edelweiss Mid Cap Fund,Solar Industries India Ltd,2.15,,Basic Materials,99.0099,26.524855
Canara Robeco Small Cap Fund,GE Vernova T&D India Ltd,2.15,,Industrials,84.030495,40.910908
LIC MF Flexi Cap Fund,CreditAccess Grameen Ltd Ordinary Shares,2.15,,Financial Services,,
Edelweiss Small Cap Fund,KEI Industries Ltd,2.15,,Industrials,53.76344,8.032405
Aditya Birla SL Flexi Cap Fund,Bharti Airtel Ltd,2.15,,Communication Services,40.983265,7.5497437
ITI Small Cap Fund,Laurus Labs Ltd,2.15,,Healthcare,,
Bajaj Finserv Flexi Cap Fund,Ather Energy Ltd,2.15,,Consumer Cyclical,,
Bank of India Flexi Cap Fund,Power Finance Corp Ltd,2.15,,Financial Services,5.31349,1.0419072
Invesco India Largecap Fund,Coforge Ltd,2.15,,Technology,,
SBI Large Cap Fund,Bharti Airtel Ltd,2.15,,Communication Services,40.983265,7.5497437
DSP Flexi Cap Fund,Coforge Ltd,2.15,,Technology,,
Edelweiss Large Cap Fund,NTPC Ltd,2.15,,Utilities,10.470804,1.635282
Baroda BNP Paribas Flexi Cap Fund,SBI Life Insurance Co Ltd,2.14,,Financial Services,71.42033,9.250212
Canara Robeco Mid Cap Fund,Phoenix Mills Ltd,2.14,,Real Estate,51.817932,6.168099
Tata Mid Cap Fund,JK Cement Ltd,2.14,,Basic Materials,,
Invesco India Smallcap Fund,Karur Vysya Bank Ltd,2.14,,Financial Services,11.819303,2.299122
Union Flexi Cap Fund,Bharti Airtel Ltd,2.14,,Communication Services,40.983265,7.5497437
PGIM India Large Cap Fund,Varun Beverages Ltd,2.14,,Consumer Defensive,,
Edelweiss Mid Cap Fund,Multi Commodity Exchange of India Ltd,2.14,,Financial Services,,
TRUSTMF Small Cap Fund,Multi Commodity Exchange of India Ltd,2.14,,Financial Services,,
DSP Small Cap Fund,Dodla Dairy Ltd,2.14,,Consumer Defensive,,
HDFC Flexi Cap Fund,HCL Technologies Ltd,2.14,,Technology,21.097977,4.9742002
Baroda BNP Paribas Flexi Cap Fund,Jindal Steel Ltd,2.14,,Basic Materials,,
JM Large Cap Fund,JSW Energy Ltd,2.14,,Utilities,44.45055,3.234078
LIC MF Large Cap Fund,Titan Co Ltd,2.14,,Consumer Cyclical,,
Union Largecap Fund,Titan Co Ltd,2.14,,Consumer Cyclical,,
Quantum Small Cap Fund,Uniparts India Ltd,2.14,,Industrials,,
Mahindra Manulife Mid Cap Fund,Tube Investments of India Ltd Ordinary Shares,2.14,,Industrials,,
Tata Mid Cap Fund,One97 Communications Ltd,2.14,,Technology,,
Kotak Midcap Fund,Apar Industries Ltd,2.14,,Industrials,56.81733,12.386799
UTI-Flexi Cap Fund,Eicher Motors Ltd,2.14,,Consumer Cyclical,37.87843,8.764883
Bandhan Flexi Cap Fund,Eternal Ltd,2.14,,Consumer Cyclical,,
Canara Robeco Mid Cap Fund,Coforge Ltd,2.13,,Technology,,
Franklin India Mid Cap Fund,Mahindra & Mahindra Financial Services Ltd,2.13,,Financial Services,,
Nippon India Growth Mid Cap Fund,Info Edge (India) Ltd,2.13,,Communication Services,54.93524,2.101429
Union Midcap Fund,JSW Energy Ltd,2.13,,Utilities,44.45055,3.234078
Navi Flexi Cap Fund,FIEM Industries Ltd,2.13,,Consumer Cyclical,29.93334,6.2906713
Canara Robeco Mid Cap Fund,Thermax Ltd,2.13,,Industrials,77.06719,8.242397
Navi Flexi Cap Fund,SJS Enterprises Ltd,2.13,,Consumer Cyclical,,
Shriram Flexi Cap Fund,Infosys Ltd,2.13,,Technology,,
Bank of India Small Cap Fund,Krishna Institute of Medical Sciences Ltd,2.13,,Healthcare,,
Motilal Oswal Large Cap Fund,Nifty July 2026 Future,2.13,,,,
Baroda BNP Paribas Flexi Cap Fund,Titan Co Ltd,2.13,,Consumer Cyclical,,
Kotak Large Cap Fund,Solar Industries India Ltd,2.13,,Basic Materials,99.0099,26.524855
Baroda BNP Paribas Flexi Cap Fund,Amagi Media Labs Ltd,2.13,,Technology,,
Tata Flexi Cap Fund,Cash / Net Current Asset,2.13,,,,
UTI-Mid Cap Fund,Ajanta Pharma Ltd,2.12,,Healthcare,43.00333,10.097092
Mahindra Manulife Mid Cap Fund,SRF Ltd,2.12,,Industrials,35.841557,5.5199285
Bandhan Midcap Fund,Prestige Estates Projects Ltd,2.12,,Real Estate,59.86932,4.183585
Mahindra Manulife Flexi Cap Fund,Avenue Supermarts Ltd,2.12,,Consumer Defensive,,
Canara Robeco Mid Cap Fund,Multi Commodity Exchange of India Ltd,2.12,,Financial Services,,
Tata Mid Cap Fund,L&T Finance Ltd,2.12,,Financial Services,,
JM Small Cap Fund,CreditAccess Grameen Ltd Ordinary Shares,2.12,,Financial Services,,
Bandhan Large Cap Fund,Eternal Ltd,2.12,,Consumer Cyclical,,
HSBC Flexi Cap Fund,Shriram Finance Ltd,2.12,,Financial Services,,
Baroda BNP Paribas Large Cap Fund,NTPC Ltd,2.12,,Utilities,10.470804,1.635282
SBI Midcap Fund,Lupin Ltd,2.11,,Healthcare,25.007946,5.4900575
SBI Small Cap Fund,Kajaria Ceramics Ltd,2.11,,Industrials,34.01224,6.063991
Tata Flexi Cap Fund,Samvardhana Motherson International Ltd,2.11,,Consumer Cyclical,,
JM Midcap Fund,SRF Ltd,2.11,,Industrials,35.841557,5.5199285
LIC MF Flexi Cap Fund,Shriram Finance Ltd,2.11,,Financial Services,,
LIC MF Large Cap Fund,ITC Ltd,2.11,,Consumer Defensive,18.050472,4.9439254
Bandhan Midcap Fund,BSE Ltd,2.11,,Financial Services,,
Baroda BNP Paribas Mid Cap Fund,Ipca Laboratories Ltd,2.11,,Healthcare,38.607655,5.4611874
Taurus Mid Cap Fund,Exide Industries Ltd,2.11,,Consumer Cyclical,44.626595,2.9953663
ICICI Pru Large Cap Fund,NTPC Ltd,2.11,,Utilities,10.470804,1.635282
TRUSTMF Flexi Cap Fund,Solar Industries India Ltd,2.11,,Basic Materials,99.0099,26.524855
Edelweiss Small Cap Fund,Clearing Corporation Of India Ltd.,2.11,,,,
Invesco India Largecap Fund,CG Power & Industrial Solutions Ltd,2.11,,Industrials,,
Franklin India Mid Cap Fund,Mankind Pharma Ltd,2.1,,Healthcare,,
Bajaj Finserv Flexi Cap Fund,Apollo Hospitals Enterprise Ltd,2.1,,Healthcare,,
LIC MF Flexi Cap Fund,Ujjivan Small Finance Bank Ltd Ordinary Shares,2.1,,Financial Services,,
Mahindra Manulife Mid Cap Fund,IDFC First Bank Ltd,2.1,,Financial Services,,
HSBC Large Cap Fund,Varun Beverages Ltd,2.1,,Consumer Defensive,,
PGIM India Large Cap Fund,NTPC Ltd,2.1,,Utilities,10.470804,1.635282
ITI Large Cap Fund,Adani Ports & Special Economic Zone Ltd,2.1,,Industrials,,
Baroda BNP Paribas Small Cap Fund,AstraZeneca Pharma India Ltd,2.1,,Healthcare,108.69706,23.453953
Canara Robeco Mid Cap Fund,Hindustan Petroleum Corp Ltd,2.1,,Energy,,
PGIM India Midcap Fund,Prestige Estates Projects Ltd,2.1,,Real Estate,59.86932,4.183585
Nippon India Large Cap Fund,Tata Consultancy Services Ltd,2.1,,Technology,17.2117,8.097646
Baroda BNP Paribas Large Cap Fund,Infosys Ltd,2.1,,Technology,,
Baroda BNP Paribas Small Cap Fund,Acutaas Chemicals Ltd,2.1,,Basic Materials,,
HSBC Large Cap Fund,Mankind Pharma Ltd,2.1,,Healthcare,,
HSBC Small Cap Fund,The Federal Bank Ltd,2.09,,Financial Services,,
Bajaj Finserv Flexi Cap Fund,Tata Motors Passenger Vehicles Ltd,2.09,,Consumer Cyclical,,
Mirae Asset Midcap Fund,Dixon Technologies (India) Ltd,2.09,,Technology,,
Edelweiss Small Cap Fund,PNB Housing Finance Ltd,2.09,,Financial Services,,
Mahindra Manulife Small Cap Fund,Supreme Petrochem Ltd,2.09,,Basic Materials,27.247278,5.545093
HDFC Mid Cap Fund,Aurobindo Pharma Ltd,2.09,,Healthcare,25.90625,2.5414207
UTI-Mid Cap Fund,Phoenix Mills Ltd,2.09,,Real Estate,51.817932,6.168099
DSP Flexi Cap Fund,Bharat Petroleum Corp Ltd,2.09,,Energy,,
Baroda BNP Paribas Small Cap Fund,Clean Max Enviro Energy Solutions Ltd,2.09,,Utilities,,
HDFC Large Cap Fund,Larsen & Toubro Ltd,2.09,,Industrials,33.67093,5.1052904
Union Midcap Fund,Shriram Finance Ltd,2.09,,Financial Services,,
HSBC Flexi Cap Fund,TD Power Systems Ltd,2.09,,Industrials,82.627785,18.378323
Nippon India Large Cap Fund,GE Vernova T&D India Ltd,2.09,,Industrials,84.030495,40.910908
Bajaj Finserv Flexi Cap Fund,AIA Engineering Ltd,2.09,,Industrials,38.096615,6.013975
Invesco India Flexi Cap Fund,Multi Commodity Exchange of India Ltd,2.08,,Financial Services,,
Franklin India Flexi Cap Fund,Marico Ltd,2.08,,Consumer Defensive,65.507576,27.663319
JM Small Cap Fund,Five-Star Business Finance Ltd,2.08,,Financial Services,14.521263,2.171574
Franklin India Mid Cap Fund,Biocon Ltd,2.08,,Healthcare,125.0,2.0462842
ITI Large Cap Fund,Titan Co Ltd,2.08,,Consumer Cyclical,,
Bank of India Flexi Cap Fund,UNO Minda Ltd,2.08,,Consumer Cyclical,,
Bandhan Flexi Cap Fund,Titan Co Ltd,2.08,,Consumer Cyclical,,
Invesco India Smallcap Fund,The Federal Bank Ltd,2.08,,Financial Services,,
Kotak Midcap Fund,Dixon Technologies (India) Ltd,2.08,,Technology,,
Mirae Asset Midcap Fund,Multi Commodity Exchange of India Ltd,2.08,,Financial Services,,
Kotak Midcap Fund,Oberoi Realty Ltd,2.08,,Real Estate,24.57135,3.6052597
HSBC Flexi Cap Fund,MTAR Technologies Ltd,2.08,,Industrials,,
Baroda BNP Paribas Flexi Cap Fund,State Bank of India,2.07,,Financial Services,12.03334,1.698928
LIC MF Large Cap Fund,Eicher Motors Ltd,2.07,,Consumer Cyclical,37.87843,8.764883
Canara Robeco Mid Cap Fund,Eternal Ltd,2.07,,Consumer Cyclical,,
Motilal Oswal Large Cap Fund,Mahindra & Mahindra Ltd,2.07,,Consumer Cyclical,21.322454,4.203955
HDFC Mid Cap Fund,Mahindra & Mahindra Financial Services Ltd,2.07,,Financial Services,,
Navi Flexi Cap Fund,CreditAccess Grameen Ltd Ordinary Shares,2.07,,Financial Services,,
JM Flexicap Fund,Bharti Airtel Ltd,2.07,,Communication Services,40.983265,7.5497437
Taurus Flexi Cap Fund,Coal India Ltd,2.07,,Energy,8.216264,2.1484375
ITI Small Cap Fund,Karur Vysya Bank Ltd,2.07,,Financial Services,11.819303,2.299122
Baroda BNP Paribas Small Cap Fund,Crompton Greaves Consumer Electricals Ltd,2.07,,Consumer Cyclical,,
Canara Robeco Small Cap Fund,TBO Tek Ltd,2.07,,Consumer Cyclical,,
SBI Small Cap Fund,Anand Rathi Wealth Ltd,2.07,,Financial Services,76.33491,34.957996
UTI-Mid Cap Fund,BSE Ltd,2.07,,Financial Services,,
Bandhan Flexi Cap Fund,Larsen & Toubro Ltd,2.07,,Industrials,33.67093,5.1052904
PGIM India Midcap Fund,AU Small Finance Bank Ltd,2.07,,Financial Services,28.249933,3.9927256
Edelweiss Small Cap Fund,Gabriel India Ltd,2.07,,Consumer Cyclical,86.94493,15.764137
Invesco India Smallcap Fund,Corona Remedies Ltd,2.06,,Healthcare,,
AXIS Midcap Fund,Phoenix Mills Ltd,2.06,,Real Estate,51.817932,6.168099
UTI-Flexi Cap Fund,LTM Ltd,2.06,,Technology,,
DSP Midcap Fund,Bharti Airtel Ltd,2.06,,Communication Services,40.983265,7.5497437
SBI Small Cap Fund,Thangamayil Jewellery Ltd,2.06,,Consumer Cyclical,40.815536,11.578927
HDFC Large Cap Fund,InterGlobe Aviation Ltd,2.06,,Industrials,23.408157,29.576513
AXIS Midcap Fund,Solar Industries India Ltd,2.06,,Basic Materials,99.0099,26.524855
Edelweiss Large Cap Fund,Apollo Hospitals Enterprise Ltd,2.06,,Healthcare,,
Canara Robeco Mid Cap Fund,GE Vernova T&D India Ltd,2.06,,Industrials,84.030495,40.910908
HSBC Midcap Fund,Netweb Technologies India Ltd,2.06,,Technology,,
Mahindra Manulife Mid Cap Fund,Marico Ltd,2.06,,Consumer Defensive,65.507576,27.663319
LIC MF Midcap Fund,Allied Blenders and Distillers Ltd,2.06,,Consumer Defensive,,
HSBC Midcap Fund,JSW Energy Ltd,2.06,,Utilities,44.45055,3.234078
Quant Mid Cap Fund,Godrej Properties Limited,2.05,,,38.909775,3.254932
Baroda BNP Paribas Small Cap Fund,NLC India Ltd,2.05,,Utilities,,
Invesco India Flexi Cap Fund,Aditya Infotech Ltd,2.05,,Industrials,,
Union Small Cap Fund,Krishna Institute of Medical Sciences Ltd,2.05,,Healthcare,,
Motilal Oswal Midcap Fund,Triparty Repo,2.05,,,,
Edelweiss Small Cap Fund,Radico Khaitan Ltd,2.05,,Consumer Defensive,85.46732,18.168161
Motilal Oswal Large Cap Fund,Bajaj Finance Ltd,2.05,,Financial Services,,
Union Largecap Fund,Maruti Suzuki India Ltd,2.05,,Consumer Cyclical,30.770073,4.1185155
HDFC Large Cap Fund,Eternal Ltd,2.05,,Consumer Cyclical,,
Kotak Midcap Fund,Bharat Electronics Ltd,2.05,,Industrials,47.852028,12.219276
Franklin India Mid Cap Fund,Balkrishna Industries Ltd,2.05,,Consumer Cyclical,36.381264,4.568192
Nippon India Flexi Cap Fund,State Bank of India,2.05,,Financial Services,12.03334,1.698928
UTI-Mid Cap Fund,Aurobindo Pharma Ltd,2.05,,Healthcare,25.90625,2.5414207
Franklin India Large Cap Fund,InterGlobe Aviation Ltd,2.05,,Industrials,23.408157,29.576513
SBI Small Cap Fund,Deepak Fertilisers & Petrochemicals Corp Ltd,2.04,,Basic Materials,,
LIC MF Flexi Cap Fund,Eternal Ltd,2.04,,Consumer Cyclical,,
Sundaram Mid Cap Fund,Max Financial Services Ltd,2.04,,Financial Services,,
Union Small Cap Fund,Azad Engineering Ltd,2.04,,Industrials,,
LIC MF Flexi Cap Fund,Neuland Laboratories Ltd,2.04,,Healthcare,75.7588,15.6353445
TRUSTMF Flexi Cap Fund,Multi Commodity Exchange of India Ltd,2.04,,Financial Services,,
Kotak Large Cap Fund,Tata Steel Ltd,2.04,,Basic Materials,34.495415,2.4665117
HDFC Large Cap Fund,NTPC Ltd,2.04,,Utilities,10.470804,1.635282
Tata Small Cap Fund,Time Technoplast Ltd,2.04,,Consumer Cyclical,18.147034,2.474516
Mahindra Manulife Small Cap Fund,Manappuram Finance Ltd,2.04,,Financial Services,30.949366,2.1463308
SBI Midcap Fund,SRF Ltd,2.04,,Industrials,35.841557,5.5199285
TRUSTMF Small Cap Fund,Sansera Engineering Ltd,2.04,,Consumer Cyclical,74.63396,7.787878
Bank of India Large Cap Fund,Sky Gold and Diamonds Ltd,2.04,,Consumer Cyclical,38.30671,9.299259
Taurus Flexi Cap Fund,Tata Consultancy Services Ltd,2.04,,Technology,17.2117,8.097646
Union Flexi Cap Fund,JSW Energy Ltd,2.04,,Utilities,44.45055,3.234078
JM Flexicap Fund,Garware Hi-Tech Films Ltd,2.04,,Basic Materials,47.845478,6.0986433
Helios Flexi Cap Fund,Treps,2.04,,,,
HSBC Midcap Fund,Net Current Assets (Including Cash & Bank Balances),2.04,,,,
Bank of India Flexi Cap Fund,Indian Bank,2.04,,Financial Services,9.372036,1.4279683
Invesco India Smallcap Fund,Paradeep Phosphates Ltd,2.04,,Basic Materials,14.46757,2.2856574
Franklin India Mid Cap Fund,Prestige Estates Projects Ltd,2.04,,Real Estate,59.86932,4.183585
Union Midcap Fund,One97 Communications Ltd,2.03,,Technology,,
UTI-Mid Cap Fund,Max Financial Services Ltd,2.03,,Financial Services,,
Baroda BNP Paribas Flexi Cap Fund,Karur Vysya Bank Ltd,2.03,,Financial Services,11.819303,2.299122
DSP Flexi Cap Fund,Kirloskar Oil Engines Ltd,2.03,,Industrials,55.561123,8.686619
Baroda BNP Paribas Small Cap Fund,Dr. Lal PathLabs Ltd,2.03,,Healthcare,,
Mahindra Manulife Large Cap Fund,TVS Motor Co Ltd,2.03,,Consumer Cyclical,61.730606,63.15901
Bandhan Midcap Fund,PB Fintech Ltd,2.03,,Financial Services,,
JM Flexicap Fund,Axis Bank Ltd,2.03,,Financial Services,13.927326,1.7253225
Franklin India Mid Cap Fund,Tube Investments of India Ltd Ordinary Shares,2.03,,Industrials,,
AXIS Midcap Fund,Ipca Laboratories Ltd,2.02,,Healthcare,38.607655,5.4611874
AXIS Midcap Fund,Schaeffler India Ltd,2.02,,Consumer Cyclical,,
Kotak Midcap Fund,Schaeffler India Ltd,2.02,,Consumer Cyclical,,
Mahindra Manulife Large Cap Fund,Sun Pharmaceuticals Industries Ltd,2.02,,Healthcare,,
Taurus Flexi Cap Fund,Regaal Resources Ltd,2.02,,Consumer Defensive,,
DSP Flexi Cap Fund,Radico Khaitan Ltd,2.02,,Consumer Defensive,85.46732,18.168161
ITI Small Cap Fund,CarTrade Tech Ltd,2.02,,Consumer Cyclical,,
UTI-Flexi Cap Fund,Ajanta Pharma Ltd,2.02,,Healthcare,43.00333,10.097092
Franklin India Large Cap Fund,"Call, Cash & Other Assets",2.02,,,,
SBI Midcap Fund,ICICI Prudential Life Insurance Co Ltd,2.02,,Financial Services,,
UTI-Mid Cap Fund,APL Apollo Tubes Ltd,2.02,,Basic Materials,44.44946,10.328954
HSBC Flexi Cap Fund,Axis Bank Ltd,2.02,,Financial Services,13.927326,1.7253225
UTI-Large Cap Fund,Maruti Suzuki India Ltd,2.02,,Consumer Cyclical,30.770073,4.1185155
Canara Robeco Small Cap Fund,Eternal Ltd,2.02,,Consumer Cyclical,,
SBI Small Cap Fund,SBFC Finance Ltd,2.02,,Financial Services,,
Motilal Oswal Small Cap Fund,Five-Star Business Finance Ltd,2.02,,Financial Services,14.521263,2.171574
WhiteOak Capital Mid Cap Fund,Bharat Heavy Electricals Ltd,2.02,,Industrials,58.142857,5.4202347
LIC MF Midcap Fund,Multi Commodity Exchange of India Ltd,2.02,,Financial Services,,
TRUSTMF Small Cap Fund,City Union Bank Ltd,2.01,,Financial Services,14.732452,1.988053
ITI Small Cap Fund,Cash Offset For Derivatives,2.01,,,,
Quantum Small Cap Fund,Axis Bank Ltd,2.01,,Financial Services,13.927326,1.7253225
Tata Flexi Cap Fund,SBI Life Insurance Co Ltd,2.01,,Financial Services,71.42033,9.250212
PGIM India Large Cap Fund,Axis Bank Ltd,2.01,,Financial Services,13.927326,1.7253225
Franklin India Mid Cap Fund,Ipca Laboratories Ltd,2.01,,Healthcare,38.607655,5.4611874
Bajaj Finserv Flexi Cap Fund,Neuland Laboratories Ltd,2.01,,Healthcare,75.7588,15.6353445
Mahindra Manulife Small Cap Fund,SPR Auto Technologies Ltd,2.01,,Consumer Cyclical,34.364388,6.672539
Invesco India Flexi Cap Fund,Tata Motors Ltd,2.01,,Consumer Cyclical,,
PGIM India Flexi Cap Fund,TVS Motor Co Ltd,2.01,,Consumer Cyclical,61.730606,63.15901
LIC MF Flexi Cap Fund,Avalon Technologies Ltd,2.01,,Technology,116.28995,18.191496
JM Midcap Fund,Coforge Ltd,2.01,,Technology,,
JM Small Cap Fund,Jammu & Kashmir Bank Ltd,2.01,,Financial Services,8.1349,1.1318313
HSBC Flexi Cap Fund,Samvardhana Motherson International Ltd,2.01,,Consumer Cyclical,,
SBI Small Cap Fund,Multi Commodity Exchange of India Ltd,2.01,,Financial Services,,
AXIS Flexi Cap Fund,GE Vernova T&D India Ltd,2.01,,Industrials,84.030495,40.910908
Taurus Mid Cap Fund,Regaal Resources Ltd,2.01,,Consumer Defensive,,
Motilal Oswal Small Cap Fund,Asahi India Glass Ltd,2.01,,Consumer Cyclical,66.21134,5.825812
Canara Robeco Mid Cap Fund,Billionbrains Garage Ventures Ltd,2.01,,Financial Services,,
Navi Flexi Cap Fund,Apollo Hospitals Enterprise Ltd,2.01,,Healthcare,,
Tata Mid Cap Fund,Bharat Forge Ltd,2.01,,Consumer Cyclical,100.00883,11.304634
JM Flexicap Fund,Shriram Finance Ltd,2.01,,Financial Services,,
LIC MF Flexi Cap Fund,Ather Energy Ltd,2.01,,Consumer Cyclical,,
Kotak Large Cap Fund,UltraTech Cement Ltd,2.0,,Basic Materials,41.494347,4.6217
Helios Flexi Cap Fund,BSE Ltd,2.0,,Financial Services,,
Edelweiss Large Cap Fund,ITC Ltd,2.0,,Consumer Defensive,18.050472,4.9439254
Franklin India Mid Cap Fund,Mphasis Ltd,2.0,,Technology,24.812908,4.174768
Aditya Birla SL Large Cap Fund,Sun Pharmaceuticals Industries Ltd,2.0,,Healthcare,,
Union Small Cap Fund,Radico Khaitan Ltd,2.0,,Consumer Defensive,85.46732,18.168161
DSP Midcap Fund,Kirloskar Oil Engines Ltd,2.0,,Industrials,55.561123,8.686619
Tata Large Cap Fund,ICICI Prudential Asset Management Co Ltd,2.0,,Financial Services,,
TRUSTMF Flexi Cap Fund,Mahindra & Mahindra Ltd,2.0,,Consumer Cyclical,21.322454,4.203955
Canara Robeco Small Cap Fund,RBL Bank Ltd,2.0,,Financial Services,,
Nippon India Large Cap Fund,Maruti Suzuki India Ltd,2.0,,Consumer Cyclical,30.770073,4.1185155
Canara Robeco Small Cap Fund,Karur Vysya Bank Ltd,1.99,,Financial Services,11.819303,2.299122
Mahindra Manulife Small Cap Fund,Ujjivan Small Finance Bank Ltd Ordinary Shares,1.99,,Financial Services,,
Mirae Asset Midcap Fund,Persistent Systems Ltd,1.99,,Technology,44.642857,10.92834
UTI-Large Cap Fund,UltraTech Cement Ltd,1.99,,Basic Materials,41.494347,4.6217
AXIS Flexi Cap Fund,Nifty July 2026 Future,1.99,,,,
Nippon India Flexi Cap Fund,Samvardhana Motherson International Ltd,1.99,,Consumer Cyclical,,
Baroda BNP Paribas Small Cap Fund,JTEKT India Ltd,1.99,,Consumer Cyclical,49.33099,3.2773464
Quantum Small Cap Fund,Eris Lifesciences Ltd Registered Shs,1.99,,Healthcare,,
SBI Midcap Fund,Aurobindo Pharma Ltd,1.99,,Healthcare,25.90625,2.5414207
Nippon India Growth Mid Cap Fund,REC Ltd,1.99,,Financial Services,34.348328,5.7735553
SBI Midcap Fund,Berger Paints India Ltd,1.99,,Basic Materials,57.216827,9.844281
LIC MF Midcap Fund,SRF Ltd,1.98,,Industrials,35.841557,5.5199285
UTI-Mid Cap Fund,Hero MotoCorp Ltd,1.98,,Consumer Cyclical,21.683006,5.4568286
Canara Robeco Mid Cap Fund,Max Financial Services Ltd,1.98,,Financial Services,,
Motilal Oswal Small Cap Fund,V2 Retail Ltd,1.98,,Consumer Cyclical,48.074394,8.878202
Bajaj Finserv Flexi Cap Fund,Petronet LNG Ltd,1.98,,Energy,10.671012,1.8728886
JM Midcap Fund,JK Cement Ltd,1.98,,Basic Materials,,
DSP Small Cap Fund,Jubilant Ingrevia Ltd Ordinary Shares,1.98,,Basic Materials,,
HSBC Large Cap Fund,Swiggy Ltd,1.98,,Consumer Cyclical,,
Navi Flexi Cap Fund,Reliance Industries Ltd,1.98,,Energy,24.154905,1.9980692
SBI Midcap Fund,Oberoi Realty Ltd,1.98,,Real Estate,24.57135,3.6052597
LIC MF Flexi Cap Fund,Max Financial Services Ltd,1.98,,Financial Services,,
Tata Small Cap Fund,Network People Services Technologies Ltd,1.98,,Technology,,
Shriram Flexi Cap Fund,Mahindra & Mahindra Ltd,1.98,,Consumer Cyclical,21.322454,4.203955
Invesco India Flexi Cap Fund,AU Small Finance Bank Ltd,1.97,,Financial Services,28.249933,3.9927256
WhiteOak Capital Mid Cap Fund,Net Receivables / (Payables),1.97,,,,
Canara Robeco Mid Cap Fund,SRF Ltd,1.97,,Industrials,35.841557,5.5199285
Mahindra Manulife Mid Cap Fund,JK Cement Ltd,1.97,,Basic Materials,,
Sundaram Mid Cap Fund,Marico Ltd,1.97,,Consumer Defensive,65.507576,27.663319
Baroda BNP Paribas Small Cap Fund,MAS Financial Services Ltd Ordinary Shares,1.97,,Financial Services,,
AXIS Midcap Fund,Cummins India Ltd,1.97,,Industrials,63.69292,17.746988
Bank of India Large Cap Fund,Tech Mahindra Ltd,1.97,,Technology,31.637583,5.315708
Motilal Oswal Flexi Cap Fund,RBL Bank Ltd,1.97,,Financial Services,,
UTI-Flexi Cap Fund,Polycab India Ltd,1.97,,Industrials,,
HDFC Flexi Cap Fund,Reliance Industries Ltd,1.97,,Energy,24.154905,1.9980692
UTI-Flexi Cap Fund,Global Health Ltd,1.97,,Healthcare,,
Franklin India Large Cap Fund,Tata Motors Ltd,1.97,,Consumer Cyclical,,
Quantum Small Cap Fund,Can Fin Homes Ltd,1.97,,Financial Services,9.523417,1.8063651
360 ONE FlexiCap Fund,Bajaj Consumer Care Ltd,1.97,,Consumer Defensive,31.953033,9.530946
Invesco India Midcap Fund,Torrent Power Ltd,1.97,,Utilities,28.734314,3.5683436
Motilal Oswal Large Cap Fund,Tata Consultancy Services Ltd,1.97,,Technology,17.2117,8.097646
TRUSTMF Flexi Cap Fund,State Bank of India,1.97,,Financial Services,12.03334,1.698928
JM Midcap Fund,Motilal Oswal Financial Services Ltd,1.97,,Financial Services,,
Tata Small Cap Fund,Quess Corp Ltd,1.97,,Industrials,,
Baroda BNP Paribas Large Cap Fund,Tech Mahindra Ltd,1.97,,Technology,31.637583,5.315708
Nippon India Flexi Cap Fund,Bajaj Finance Ltd,1.96,,Financial Services,,
UTI-Mid Cap Fund,Shriram Finance Ltd,1.96,,Financial Services,,
Motilal Oswal Small Cap Fund,Aditya Vision Ltd,1.96,,Consumer Cyclical,,
Nippon India Growth Mid Cap Fund,ICICI Bank Ltd,1.96,,Financial Services,18.382923,2.6792262
Invesco India Largecap Fund,ABB India Ltd,1.96,,Industrials,39.10034,14.718281
Quant Mid Cap Fund,Adani Energy Solutions Ltd,1.96,,Utilities,,
Tata Large Cap Fund,Tech Mahindra Ltd,1.96,,Technology,31.637583,5.315708
HSBC Flexi Cap Fund,State Bank of India,1.96,,Financial Services,12.03334,1.698928
Nippon India Flexi Cap Fund,Kirloskar Oil Engines Ltd,1.96,,Industrials,55.561123,8.686619
Mahindra Manulife Small Cap Fund,Coforge Ltd,1.96,,Technology,,
LIC MF Flexi Cap Fund,Eicher Motors Ltd,1.96,,Consumer Cyclical,37.87843,8.764883
360 ONE FlexiCap Fund,Varun Beverages Ltd,1.96,,Consumer Defensive,,
AXIS Flexi Cap Fund,Mankind Pharma Ltd,1.96,,Healthcare,,
Franklin India Mid Cap Fund,Hindustan Aeronautics Ltd Ordinary Shares,1.96,,Industrials,,
DSP Midcap Fund,Nippon Life India Asset Management Ltd Ordinary Shares,1.96,,Financial Services,,
DSP Midcap Fund,Jindal Steel Ltd,1.96,,Basic Materials,,
Franklin India Flexi Cap Fund,Bharat Electronics Ltd,1.96,,Industrials,47.852028,12.219276
ITI Flexi Cap Fund,Axis Bank Ltd,1.96,,Financial Services,13.927326,1.7253225
Union Largecap Fund,Bajaj Finance Ltd,1.96,,Financial Services,,
Motilal Oswal Small Cap Fund,Apar Industries Ltd,1.95,,Industrials,56.81733,12.386799
Sundaram Mid Cap Fund,Polycab India Ltd,1.95,,Industrials,,
TRUSTMF Small Cap Fund,Navin Fluorine International Ltd,1.95,,Basic Materials,,
Quant Small Cap Fund,Welspun Corp Ltd,1.95,,Basic Materials,,
HSBC Large Cap Fund,Kotak Mahindra Bank Ltd,1.95,,Financial Services,19.154411,2.1446095
Kotak Midcap Fund,JK Cement Ltd,1.95,,Basic Materials,,
LIC MF Flexi Cap Fund,VA Tech Wabag Ltd,1.95,,Industrials,33.3339,4.749209
LIC MF Large Cap Fund,Reliance Industries Ltd,1.95,,Energy,24.154905,1.9980692
LIC MF Flexi Cap Fund,Oracle Financial Services Software Ltd,1.95,,Technology,,
Mirae Asset Midcap Fund,Narayana Hrudayalaya Ltd,1.95,,Healthcare,46.511227,8.438228
Tata Large Cap Fund,HDFC Asset Management Co Ltd,1.95,,Financial Services,,
Helios Flexi Cap Fund,Multi Commodity Exchange of India Ltd,1.95,,Financial Services,,
Navi Flexi Cap Fund,Bharti Airtel Ltd,1.95,,Communication Services,40.983265,7.5497437
Baroda BNP Paribas Flexi Cap Fund,Sun Pharmaceuticals Industries Ltd,1.95,,Healthcare,,
Union Largecap Fund,Bharat Electronics Ltd,1.95,,Industrials,47.852028,12.219276
Nippon India Growth Mid Cap Fund,Triparty Repo,1.94,,,,
HSBC Midcap Fund,Lupin Ltd,1.94,,Healthcare,25.007946,5.4900575
JM Small Cap Fund,Amber Enterprises India Ltd Ordinary Shares,1.94,,Consumer Cyclical,,
LIC MF Flexi Cap Fund,One97 Communications Ltd,1.94,,Technology,,
DSP Midcap Fund,JK Cement Ltd,1.94,,Basic Materials,,
Helios Flexi Cap Fund,Titan Co Ltd,1.94,,Consumer Cyclical,,
Sundaram Mid Cap Fund,Phoenix Mills Ltd,1.94,,Real Estate,51.817932,6.168099
DSP Flexi Cap Fund,Samvardhana Motherson International Ltd,1.94,,Consumer Cyclical,,
Mirae Asset Large Cap Fund,Shriram Finance Ltd,1.94,,Financial Services,,
ITI Flexi Cap Fund,VA Tech Wabag Ltd,1.94,,Industrials,33.3339,4.749209
Invesco India Flexi Cap Fund,PB Fintech Ltd,1.94,,Financial Services,,
Tata Large Cap Fund,JSW Steel Ltd,1.94,,Basic Materials,12.760185,3.15554
Mahindra Manulife Large Cap Fund,Avenue Supermarts Ltd,1.94,,Consumer Defensive,,
Baroda BNP Paribas Mid Cap Fund,Phoenix Mills Ltd,1.94,,Real Estate,51.817932,6.168099
PGIM India Midcap Fund,Max Financial Services Ltd,1.94,,Financial Services,,
Bandhan Large Cap Fund,JSW Steel Ltd,1.94,,Basic Materials,12.760185,3.15554
PGIM India Flexi Cap Fund,Bajaj Finance Ltd,1.94,,Financial Services,,
LIC MF Small Cap Fund,Tata Motors Passenger Vehicles Ltd,1.93,,Consumer Cyclical,,
HSBC Small Cap Fund,Karur Vysya Bank Ltd,1.93,,Financial Services,11.819303,2.299122
Franklin India Flexi Cap Fund,Tata Power Co Ltd,1.93,,Utilities,31.554724,3.080304
Mahindra Manulife Mid Cap Fund,Anthem Biosciences Ltd,1.93,,Healthcare,83.34985,15.526631
Mirae Asset Midcap Fund,L&T Finance Ltd,1.93,,Financial Services,,
LIC MF Midcap Fund,Bharat Electronics Ltd,1.93,,Industrials,47.852028,12.219276
AXIS Flexi Cap Fund,PB Fintech Ltd,1.93,,Financial Services,,
Edelweiss Flexi Cap Fund,Axis Bank Ltd,1.93,,Financial Services,13.927326,1.7253225
TRUSTMF Flexi Cap Fund,Clean Max Enviro Energy Solutions Ltd,1.93,,Utilities,,
HSBC Midcap Fund,Indian Bank,1.93,,Financial Services,9.372036,1.4279683
Nippon India Flexi Cap Fund,Bharti Airtel Ltd,1.93,,Communication Services,40.983265,7.5497437
Union Midcap Fund,Indian Bank,1.93,,Financial Services,9.372036,1.4279683
LIC MF Flexi Cap Fund,Schneider Electric Infrastructure Ltd,1.93,,Industrials,,
Baroda BNP Paribas Flexi Cap Fund,Pidilite Industries Ltd,1.93,,Basic Materials,64.94523,15.596959
DSP Large Cap Fund,Hero MotoCorp Ltd,1.92,,Consumer Cyclical,21.683006,5.4568286
LIC MF Small Cap Fund,City Union Bank Ltd,1.92,,Financial Services,14.732452,1.988053
Franklin India Flexi Cap Fund,Tata Steel Ltd,1.92,,Basic Materials,34.495415,2.4665117
Franklin India Large Cap Fund,HCL Technologies Ltd,1.92,,Technology,21.097977,4.9742002
DSP Midcap Fund,ICICI Bank Ltd,1.92,,Financial Services,18.382923,2.6792262
LIC MF Small Cap Fund,Aditya Birla Sun Life AMC Ltd,1.92,,Financial Services,,
LIC MF Small Cap Fund,Pricol Ltd,1.92,,Consumer Cyclical,,
Tata Large Cap Fund,Mankind Pharma Ltd,1.92,,Healthcare,,
LIC MF Flexi Cap Fund,AU Small Finance Bank Ltd,1.92,,Financial Services,28.249933,3.9927256
Baroda BNP Paribas Large Cap Fund,Tata Capital Ltd,1.92,,Financial Services,,
Bank of India Small Cap Fund,TBO Tek Ltd,1.92,,Consumer Cyclical,,
Sundaram Large Cap Fund,SBI Life Insurance Co Ltd,1.92,,Financial Services,71.42033,9.250212
Kotak Large Cap Fund,Cash Offset For Derivatives,1.92,,,,
Kotak Large Cap Fund,Sun Pharmaceuticals Industries Ltd,1.92,,Healthcare,,
Bank of India Small Cap Fund,ICICI Bank Ltd.,1.92,,,18.382923,2.6792262
Canara Robeco Small Cap Fund,Gland Pharma Ltd,1.91,,Healthcare,,
Bank of India Small Cap Fund,Lloyds Metals & Energy Ltd,1.91,,Basic Materials,,
AXIS Flexi Cap Fund,TVS Motor Co Ltd,1.91,,Consumer Cyclical,61.730606,63.15901
AXIS Flexi Cap Fund,Sansera Engineering Ltd,1.91,,Consumer Cyclical,74.63396,7.787878
Taurus Mid Cap Fund,Swiggy Ltd,1.91,,Consumer Cyclical,,
Motilal Oswal Small Cap Fund,Gabriel India Ltd,1.91,,Consumer Cyclical,86.94493,15.764137
HSBC Large Cap Fund,TVS Motor Co Ltd,1.91,,Consumer Cyclical,61.730606,63.15901
Motilal Oswal Midcap Fund,Waaree Energies Ltd,1.91,,Technology,,
Mahindra Manulife Flexi Cap Fund,Reliance Industries Ltd,1.91,,Energy,24.154905,1.9980692
LIC MF Midcap Fund,Aurobindo Pharma Ltd,1.91,,Healthcare,25.90625,2.5414207
Bandhan Small Cap Fund,Arvind Ltd,1.91,,Consumer Cyclical,36.28562,3.82178
ICICI Pru Large Cap Fund,Asian Paints Ltd,1.91,,Basic Materials,67.65291,13.316042
Tata Large Cap Fund,Hindustan Unilever Ltd,1.91,,Consumer Defensive,46.515755,10.1043215
HDFC Large Cap Fund,Max Healthcare Institute Ltd Ordinary Shares,1.91,,Healthcare,,
Baroda BNP Paribas Small Cap Fund,Sansera Engineering Ltd,1.9,,Consumer Cyclical,74.63396,7.787878
JM Large Cap Fund,InterGlobe Aviation Ltd,1.9,,Industrials,23.408157,29.576513
Navi Flexi Cap Fund,Yash Highvoltage Ltd,1.9,,Industrials,74.06734,14.827698
LIC MF Flexi Cap Fund,Syrma SGS Technology Ltd,1.9,,Technology,73.51393,9.521932
AXIS Large Cap Fund,Clearing Corporation Of India Ltd,1.9,,,,
Motilal Oswal Large Cap Fund,NTPC Ltd,1.9,,Utilities,10.470804,1.635282
DSP Flexi Cap Fund,Max Financial Services Ltd,1.9,,Financial Services,,
Mahindra Manulife Large Cap Fund,Triparty Repo,1.9,,,,
DSP Flexi Cap Fund,CG Power & Industrial Solutions Ltd,1.9,,Industrials,,
Mahindra Manulife Mid Cap Fund,APL Apollo Tubes Ltd,1.9,,Basic Materials,44.44946,10.328954
Kotak Large Cap Fund,InterGlobe Aviation Ltd,1.9,,Industrials,23.408157,29.576513
DSP Small Cap Fund,Triveni Engineering & Industries Ltd,1.9,,Consumer Defensive,,
Union Largecap Fund,Hitachi Energy India Ltd Ordinary Shares,1.9,,Industrials,,
HSBC Midcap Fund,AU Small Finance Bank Ltd,1.9,,Financial Services,28.249933,3.9927256
SBI Small Cap Fund,DOMS Industries Ltd,1.9,,Industrials,,
Union Small Cap Fund,J.B. Chemicals & Pharmaceuticals Ltd,1.89,,Healthcare,,
Canara Robeco Mid Cap Fund,One97 Communications Ltd,1.89,,Technology,,
Baroda BNP Paribas Flexi Cap Fund,Kotak Mahindra Bank Ltd,1.89,,Financial Services,19.154411,2.1446095
Taurus Mid Cap Fund,SAMHI Hotels Ltd,1.89,,Consumer Cyclical,,
Baroda BNP Paribas Large Cap Fund,Divi's Laboratories Ltd,1.89,,Healthcare,85.46783,13.0643635
Baroda BNP Paribas Flexi Cap Fund,ICICI Bank Ltd,1.89,,Financial Services,18.382923,2.6792262
Tata Small Cap Fund,Balrampur Chini Mills Ltd,1.89,,Consumer Defensive,34.129852,3.0919306
Bank of India Flexi Cap Fund,Balrampur Chini Mills Ltd,1.89,,Consumer Defensive,34.129852,3.0919306
AXIS Midcap Fund,Sona BLW Precision Forgings Ltd,1.89,,Consumer Cyclical,,
Kotak Midcap Fund,Bharti Hexacom Ltd,1.89,,Communication Services,,
HSBC Small Cap Fund,GE Vernova T&D India Ltd,1.89,,Industrials,84.030495,40.910908
Bandhan Flexi Cap Fund,Sterlite Technologies Ltd,1.89,,Technology,138.89131,13.750727
ITI Small Cap Fund,Wockhardt Ltd,1.89,,Healthcare,155.19968,7.174966
Bajaj Finserv Flexi Cap Fund,Rubicon Research Ltd,1.89,,Healthcare,,
Bank of India Small Cap Fund,FIEM Industries Ltd,1.88,,Consumer Cyclical,29.93334,6.2906713
Bank of India Large Cap Fund,Larsen & Toubro Ltd,1.88,,Industrials,33.67093,5.1052904
LIC MF Large Cap Fund,Apollo Hospitals Enterprise Ltd,1.88,,Healthcare,,
Nippon India Large Cap Fund,NTPC Ltd,1.88,,Utilities,10.470804,1.635282
AXIS Midcap Fund,Bharat Forge Ltd,1.88,,Consumer Cyclical,100.00883,11.304634
AXIS Large Cap Fund,Pidilite Industries Ltd,1.88,,Basic Materials,64.94523,15.596959
Edelweiss Mid Cap Fund,Bharat Heavy Electricals Ltd,1.88,,Industrials,58.142857,5.4202347
Kotak Large Cap Fund,Shriram Finance Ltd,1.88,,Financial Services,,
JM Flexicap Fund,Apollo Hospitals Enterprise Ltd,1.88,,Healthcare,,
SBI Large Cap Fund,Mankind Pharma Ltd,1.88,,Healthcare,,
AXIS Large Cap Fund,Cholamandalam Investment and Finance Co Ltd,1.88,,Financial Services,,
Mahindra Manulife Mid Cap Fund,GE Vernova T&D India Ltd,1.88,,Industrials,84.030495,40.910908
Tata Flexi Cap Fund,Phoenix Mills Ltd,1.88,,Real Estate,51.817932,6.168099
Tata Flexi Cap Fund,Bajaj Finserv Ltd,1.88,,Financial Services,31.746208,4.122072
DSP Midcap Fund,Samvardhana Motherson International Ltd,1.88,,Consumer Cyclical,,
JM Midcap Fund,Dixon Technologies (India) Ltd,1.88,,Technology,,
ITI Small Cap Fund,Welspun Corp Ltd,1.88,,Basic Materials,,
Mahindra Manulife Mid Cap Fund,Blue Star Ltd,1.88,,Industrials,62.967583,10.043221
Edelweiss Small Cap Fund,Kirloskar Pneumatic Co Ltd,1.88,,Industrials,,
360 ONE FlexiCap Fund,Anthem Biosciences Ltd,1.87,,Healthcare,83.34985,15.526631
Invesco India Midcap Fund,Swiggy Ltd,1.87,,Consumer Cyclical,,
Taurus Mid Cap Fund,Torrent Power Ltd,1.87,,Utilities,28.734314,3.5683436
JM Large Cap Fund,United Spirits Ltd,1.87,,Consumer Defensive,63.68353,11.682224
DSP Small Cap Fund,LT Foods Ltd,1.87,,Consumer Defensive,23.201517,8.344698
LIC MF Midcap Fund,Bharat Forge Ltd,1.87,,Consumer Cyclical,100.00883,11.304634
ITI Small Cap Fund,Arvind Ltd,1.87,,Consumer Cyclical,36.28562,3.82178
LIC MF Flexi Cap Fund,Apar Industries Ltd,1.87,,Industrials,56.81733,12.386799
Quantum Small Cap Fund,CarTrade Tech Ltd,1.87,,Consumer Cyclical,,
AXIS Large Cap Fund,State Bank of India,1.87,,Financial Services,12.03334,1.698928
Franklin India Large Cap Fund,Hindustan Unilever Ltd,1.87,,Consumer Defensive,46.515755,10.1043215
TRUSTMF Small Cap Fund,Radico Khaitan Ltd,1.87,,Consumer Defensive,85.46732,18.168161
LIC MF Flexi Cap Fund,UNO Minda Ltd,1.87,,Consumer Cyclical,,
Bank of India Large Cap Fund,Bharat Electronics Ltd,1.87,,Industrials,47.852028,12.219276
UTI-Mid Cap Fund,AU Small Finance Bank Ltd,1.87,,Financial Services,28.249933,3.9927256
DSP Large Cap Fund,DLF Ltd,1.86,,Real Estate,35.97323,3.5110068
Mahindra Manulife Small Cap Fund,Laurus Labs Ltd,1.86,,Healthcare,,
HSBC Small Cap Fund,Sai Life Sciences Ltd,1.86,,Healthcare,,
HSBC Small Cap Fund,Kirloskar Pneumatic Co Ltd,1.86,,Industrials,,
TRUSTMF Small Cap Fund,Laurus Labs Ltd,1.86,,Healthcare,,
Canara Robeco Small Cap Fund,KEI Industries Ltd,1.86,,Industrials,53.76344,8.032405
HSBC Large Cap Fund,UltraTech Cement Ltd,1.86,,Basic Materials,41.494347,4.6217
SBI Large Cap Fund,Sun Pharmaceuticals Industries Ltd,1.86,,Healthcare,,
Tata Large Cap Fund,Ambuja Cements Ltd,1.86,,Basic Materials,24.327354,1.8076178
Canara Robeco Mid Cap Fund,Indian Bank,1.86,,Financial Services,9.372036,1.4279683
Sundaram Mid Cap Fund,Lupin Ltd,1.86,,Healthcare,25.007946,5.4900575
Tata Mid Cap Fund,UNO Minda Ltd,1.86,,Consumer Cyclical,,
HDFC Large Cap Fund,Tata Motors Ltd,1.86,,Consumer Cyclical,,
Union Midcap Fund,Cummins India Ltd,1.86,,Industrials,63.69292,17.746988
Bank of India Large Cap Fund,Apollo Hospitals Enterprise Ltd,1.85,,Healthcare,,
Bank of India Large Cap Fund,Bank of Baroda,1.85,,Financial Services,7.138383,0.7690585
Mirae Asset Large Cap Fund,Tata Consultancy Services Ltd,1.85,,Technology,17.2117,8.097646
Quant Flexi Cap Fund,Swan Corp Ltd,1.85,,Industrials,,
Canara Robeco Mid Cap Fund,Persistent Systems Ltd,1.85,,Technology,44.642857,10.92834
Kotak Midcap Fund,Cholamandalam Investment and Finance Co Ltd,1.85,,Financial Services,,
JM Large Cap Fund,Titan Co Ltd,1.85,,Consumer Cyclical,,
TRUSTMF Flexi Cap Fund,Cholamandalam Investment and Finance Co Ltd,1.85,,Financial Services,,
TRUSTMF Small Cap Fund,Karur Vysya Bank Ltd,1.85,,Financial Services,11.819303,2.299122
Canara Robeco Mid Cap Fund,Mahindra & Mahindra Ltd,1.85,,Consumer Cyclical,21.322454,4.203955
Tata Mid Cap Fund,Mphasis Ltd,1.85,,Technology,24.812908,4.174768
Mahindra Manulife Mid Cap Fund,UNO Minda Ltd,1.85,,Consumer Cyclical,,
Bank of India Large Cap Fund,Bharti Airtel Ltd,1.85,,Communication Services,40.983265,7.5497437
UTI-Flexi Cap Fund,Dr. Lal PathLabs Ltd,1.85,,Healthcare,,
JM Small Cap Fund,Indo Count Industries Ltd,1.84,,Consumer Cyclical,66.65625,3.5872254
Shriram Flexi Cap Fund,Kirloskar Oil Engines Ltd,1.84,,Industrials,55.561123,8.686619
Franklin India Mid Cap Fund,Ashok Leyland Ltd,1.84,,Industrials,30.033842,7.320795
360 ONE FlexiCap Fund,Maruti Suzuki India Ltd,1.84,,Consumer Cyclical,30.770073,4.1185155
Bandhan Midcap Fund,Sai Life Sciences Ltd,1.84,,Healthcare,,
JM Large Cap Fund,UltraTech Cement Ltd,1.84,,Basic Materials,41.494347,4.6217
DSP Midcap Fund,Tube Investments of India Ltd Ordinary Shares,1.84,,Industrials,,
Union Small Cap Fund,City Union Bank Ltd,1.84,,Financial Services,14.732452,1.988053
ITI Large Cap Fund,Shriram Finance Ltd,1.84,,Financial Services,,
PGIM India Large Cap Fund,Tech Mahindra Ltd,1.84,,Technology,31.637583,5.315708
LIC MF Midcap Fund,Schaeffler India Ltd,1.84,,Consumer Cyclical,,
ITI Mid Cap Fund,BSE Ltd,1.84,,Financial Services,,
Navi Flexi Cap Fund,Shriram Finance Ltd,1.84,,Financial Services,,
Quantum Small Cap Fund,Kirloskar Pneumatic Co Ltd,1.84,,Industrials,,
Edelweiss Large Cap Fund,Tech Mahindra Ltd,1.84,,Technology,31.637583,5.315708
JM Flexicap Fund,Bharat Heavy Electricals Ltd,1.84,,Industrials,58.142857,5.4202347
Quantum Small Cap Fund,SAMHI Hotels Ltd,1.84,,Consumer Cyclical,,
Sundaram Mid Cap Fund,Fortis Healthcare Ltd,1.84,,Healthcare,69.465454,7.287105
Edelweiss Flexi Cap Fund,Bharti Airtel Ltd,1.84,,Communication Services,40.983265,7.5497437
ITI Small Cap Fund,Radico Khaitan Ltd,1.84,,Consumer Defensive,85.46732,18.168161
JM Midcap Fund,Jindal Steel Ltd,1.84,,Basic Materials,,
Tata Small Cap Fund,Graphite India Ltd,1.84,,Industrials,65.13303,2.3673997
Edelweiss Flexi Cap Fund,Mahindra & Mahindra Ltd,1.84,,Consumer Cyclical,21.322454,4.203955
Bandhan Small Cap Fund,LT Foods Ltd,1.84,,Consumer Defensive,23.201517,8.344698
Baroda BNP Paribas Flexi Cap Fund,Hindustan Petroleum Corp Ltd,1.83,,Energy,,
NJ Flexi Cap Fund,Kotak Mahindra Bank Ltd,1.83,,Financial Services,19.154411,2.1446095
Nippon India Flexi Cap Fund,Mankind Pharma Ltd,1.83,,Healthcare,,
Canara Robeco Small Cap Fund,Affle 3i Ltd,1.83,,Communication Services,,
Bandhan Midcap Fund,Solar Industries India Ltd,1.83,,Basic Materials,99.0099,26.524855
Tata Flexi Cap Fund,Sona BLW Precision Forgings Ltd,1.83,,Consumer Cyclical,,
HSBC Large Cap Fund,HDFC Asset Management Co Ltd,1.83,,Financial Services,,
Invesco India Flexi Cap Fund,L&T Finance Ltd,1.83,,Financial Services,,
Mahindra Manulife Mid Cap Fund,Indian Bank,1.83,,Financial Services,9.372036,1.4279683
SBI Small Cap Fund,Chalet Hotels Ltd,1.83,,Consumer Cyclical,,
Canara Robeco Small Cap Fund,Ajanta Pharma Ltd,1.83,,Healthcare,43.00333,10.097092
Bank of India Small Cap Fund,Atlanta Electricals Ltd,1.83,,Industrials,54.953846,13.301447
Bank of India Small Cap Fund,Stylam Industries Ltd,1.83,,Consumer Cyclical,,
TRUSTMF Flexi Cap Fund,The Federal Bank Ltd,1.83,,Financial Services,,
Mirae Asset Large Cap Fund,Bajaj Finance Ltd,1.83,,Financial Services,,
HSBC Midcap Fund,Mahindra & Mahindra Financial Services Ltd,1.82,,Financial Services,,
DSP Small Cap Fund,Ipca Laboratories Ltd,1.82,,Healthcare,38.607655,5.4611874
LIC MF Small Cap Fund,Neuland Laboratories Ltd,1.82,,Healthcare,75.7588,15.6353445
PGIM India Flexi Cap Fund,Varun Beverages Ltd,1.82,,Consumer Defensive,,
AXIS Large Cap Fund,Divi's Laboratories Ltd,1.82,,Healthcare,85.46783,13.0643635
Bandhan Flexi Cap Fund,HDFC Life Insurance Co Ltd,1.82,,Financial Services,,
LIC MF Midcap Fund,Manorama Industries Ltd,1.82,,Consumer Defensive,45.386963,14.322103
HSBC Large Cap Fund,Titan Co Ltd,1.82,,Consumer Cyclical,,
Helios Flexi Cap Fund,Phoenix Mills Ltd,1.82,,Real Estate,51.817932,6.168099
JM Midcap Fund,Ashok Leyland Ltd,1.82,,Industrials,30.033842,7.320795
Franklin India Flexi Cap Fund,InterGlobe Aviation Ltd,1.82,,Industrials,23.408157,29.576513
Canara Robeco Small Cap Fund,City Union Bank Ltd,1.82,,Financial Services,14.732452,1.988053
Invesco India Flexi Cap Fund,Krishna Institute of Medical Sciences Ltd,1.82,,Healthcare,,
LIC MF Large Cap Fund,Sun Pharmaceuticals Industries Ltd,1.82,,Healthcare,,
Union Small Cap Fund,Corona Remedies Ltd,1.81,,Healthcare,,
Franklin India Mid Cap Fund,ICICI Lombard General Insurance Co Ltd,1.81,,Financial Services,,
Mirae Asset Midcap Fund,One97 Communications Ltd,1.81,,Technology,,
Union Largecap Fund,Max Healthcare Institute Ltd Ordinary Shares,1.81,,Healthcare,,
Baroda BNP Paribas Small Cap Fund,Aster DM Quality Care Ltd Ordinary Shares,1.81,,Healthcare,,
Canara Robeco Small Cap Fund,Anand Rathi Wealth Ltd,1.81,,Financial Services,76.33491,34.957996
Mahindra Manulife Mid Cap Fund,Radico Khaitan Ltd,1.81,,Consumer Defensive,85.46732,18.168161
TRUSTMF Small Cap Fund,Arvind Ltd,1.81,,Consumer Cyclical,36.28562,3.82178
LIC MF Small Cap Fund,Motherson Sumi Wiring India Ltd,1.81,,Consumer Cyclical,,
Union Flexi Cap Fund,The Federal Bank Ltd,1.81,,Financial Services,,
JM Large Cap Fund,Maruti Suzuki India Ltd,1.81,,Consumer Cyclical,30.770073,4.1185155
SBI Midcap Fund,Page Industries Ltd,1.81,,Consumer Cyclical,58.260082,29.617994
Helios Flexi Cap Fund,ICICI Prudential Asset Management Co Ltd,1.81,,Financial Services,,
Tata Small Cap Fund,CE Info Systems Ltd,1.81,,Technology,,
Parag Parikh Flexi Cap Fund,Microsoft Corp,1.81,,Technology,,
Nippon India Growth Mid Cap Fund,GE Vernova T&D India Ltd,1.81,,Industrials,84.030495,40.910908
PGIM India Midcap Fund,Vishal Mega Mart Ltd,1.81,,Consumer Cyclical,,
Nippon India Growth Mid Cap Fund,Cholamandalam Financial Holdings Ltd,1.81,,Financial Services,,
Bank of India Small Cap Fund,Syrma SGS Technology Ltd,1.8,,Technology,73.51393,9.521932
Union Midcap Fund,KEI Industries Ltd,1.8,,Industrials,53.76344,8.032405
Bank of India Flexi Cap Fund,Entero Healthcare Solutions Ltd,1.8,,Healthcare,,
Nippon India Growth Mid Cap Fund,Voltas Ltd,1.8,,Consumer Cyclical,113.616264,6.6683273
Tata Small Cap Fund,ACME Solar Holdings Ltd,1.8,,Utilities,38.03922,4.411149
Mahindra Manulife Small Cap Fund,Divi's Laboratories Ltd,1.8,,Healthcare,85.46783,13.0643635
HSBC Flexi Cap Fund,Radico Khaitan Ltd,1.8,,Consumer Defensive,85.46732,18.168161
Franklin India Flexi Cap Fund,NTPC Ltd,1.8,,Utilities,10.470804,1.635282
Tata Flexi Cap Fund,Sun Pharmaceuticals Industries Ltd,1.8,,Healthcare,,
JM Flexicap Fund,Bharat Forge Ltd,1.8,,Consumer Cyclical,100.00883,11.304634
Quant Flexi Cap Fund,JSW Infrastructure Ltd,1.8,,Industrials,46.310345,6.4361844
AXIS Midcap Fund,BSE Ltd,1.8,,Financial Services,,
Bank of India Flexi Cap Fund,NTPC Ltd,1.8,,Utilities,10.470804,1.635282
Shriram Flexi Cap Fund,Net Receivables / (Payables),1.8,,,,
Bank of India Large Cap Fund,Mahindra & Mahindra Ltd,1.8,,Consumer Cyclical,21.322454,4.203955
LIC MF Midcap Fund,Indian Hotels Co Ltd,1.8,,Consumer Cyclical,48.539177,7.9719944
Sundaram Mid Cap Fund,Kalyan Jewellers India Ltd,1.79,,Consumer Cyclical,,
PGIM India Midcap Fund,BSE Ltd,1.79,,Financial Services,,
Tata Small Cap Fund,ELANTAS Beck India Ltd,1.79,,Basic Materials,54.961834,9.681117
LIC MF Midcap Fund,Coforge Ltd,1.79,,Technology,,
HDFC Large Cap Fund,Mankind Pharma Ltd,1.79,,Healthcare,,
TRUSTMF Small Cap Fund,Shadowfax Technologies Ltd,1.79,,Industrials,,
Quantum Small Cap Fund,Caplin Point Laboratories Ltd,1.79,,Healthcare,30.76891,5.573412
HDFC Mid Cap Fund,Apollo Tyres Ltd,1.79,,Consumer Cyclical,20.535303,1.6840942
Shriram Flexi Cap Fund,ITC Ltd,1.79,,Consumer Defensive,18.050472,4.9439254
Aditya Birla SL Large Cap Fund,United Spirits Ltd,1.79,,Consumer Defensive,63.68353,11.682224
Mirae Asset Flexi Cap Fund,Mahindra & Mahindra Ltd,1.79,,Consumer Cyclical,21.322454,4.203955
PGIM India Large Cap Fund,TVS Motor Co Ltd,1.79,,Consumer Cyclical,61.730606,63.15901
HSBC Flexi Cap Fund,Karnataka Bank Ltd,1.79,,Financial Services,8.170796,0.8861219
Quantum Small Cap Fund,CSB Bank Ltd Ordinary Shares,1.79,,Financial Services,,
PGIM India Midcap Fund,JK Cement Ltd,1.79,,Basic Materials,,
Bank of India Large Cap Fund,UltraTech Cement Ltd,1.79,,Basic Materials,41.494347,4.6217
Canara Robeco Mid Cap Fund,L&T Finance Ltd,1.78,,Financial Services,,
PGIM India Large Cap Fund,CG Power & Industrial Solutions Ltd,1.78,,Industrials,,
Union Midcap Fund,Solar Industries India Ltd,1.78,,Basic Materials,99.0099,26.524855
Union Flexi Cap Fund,Maruti Suzuki India Ltd,1.78,,Consumer Cyclical,30.770073,4.1185155
Edelweiss Flexi Cap Fund,UltraTech Cement Ltd,1.78,,Basic Materials,41.494347,4.6217
DSP Midcap Fund,Supreme Industries Ltd,1.78,,Industrials,42.736526,7.087394
JM Midcap Fund,Aurobindo Pharma Ltd,1.78,,Healthcare,25.90625,2.5414207
Tata Small Cap Fund,KSB Ltd,1.78,,Industrials,,
Sundaram Mid Cap Fund,Coforge Ltd,1.78,,Technology,,
Union Flexi Cap Fund,Eternal Ltd,1.78,,Consumer Cyclical,,
DSP Midcap Fund,Alkem Laboratories Ltd,1.78,,Healthcare,29.153913,4.8621597
Bank of India Flexi Cap Fund,Cemindia Projects Ltd,1.78,,Industrials,,
Baroda BNP Paribas Small Cap Fund,Sagility Ltd,1.78,,Healthcare,,
Edelweiss Mid Cap Fund,IDFC First Bank Ltd,1.78,,Financial Services,,
Edelweiss Mid Cap Fund,City Union Bank Ltd,1.78,,Financial Services,14.732452,1.988053
Tata Mid Cap Fund,ICICI Lombard General Insurance Co Ltd,1.78,,Financial Services,,
LIC MF Flexi Cap Fund,Net Receivables / (Payables),1.78,,,,
AXIS Midcap Fund,Bharat Heavy Electricals Ltd,1.78,,Industrials,58.142857,5.4202347
Invesco India Flexi Cap Fund,HDFC Asset Management Co Ltd,1.77,,Financial Services,,
Union Midcap Fund,Marico Ltd,1.77,,Consumer Defensive,65.507576,27.663319
SBI Midcap Fund,Treps,1.77,,,,
Union Midcap Fund,L&T Finance Ltd,1.77,,Financial Services,,
ITI Large Cap Fund,Bharat Electronics Ltd,1.77,,Industrials,47.852028,12.219276
Mahindra Manulife Small Cap Fund,ZF Commercial Vehicle Control Systems India Ltd,1.77,,Consumer Cyclical,,
Baroda BNP Paribas Large Cap Fund,Net Receivables / (Payables),1.77,,,,
JM Midcap Fund,Poonawalla Fincorp Ltd,1.77,,Financial Services,51.287395,3.7482235
Union Flexi Cap Fund,Gabriel India Ltd,1.77,,Consumer Cyclical,86.94493,15.764137
Quant Flexi Cap Fund,HDFC Life Insurance Co Ltd,1.77,,Financial Services,,
Motilal Oswal Small Cap Fund,Varroc Engineering Ltd Ordinary Shares,1.77,,Consumer Cyclical,,
WhiteOak Capital Large Cap Fund,Larsen & Toubro Ltd,1.77,,Industrials,33.67093,5.1052904
Baroda BNP Paribas Large Cap Fund,Nestle India Ltd,1.77,,Consumer Defensive,90.96278,66.96817
LIC MF Large Cap Fund,Bharat Dynamics Ltd Ordinary Shares,1.77,,Industrials,,
Tata Mid Cap Fund,Abbott India Ltd,1.77,,Healthcare,39.10034,14.718281
Nippon India Large Cap Fund,Samvardhana Motherson International Ltd,1.77,,Consumer Cyclical,,
SBI Midcap Fund,Max Financial Services Ltd,1.77,,Financial Services,,
WhiteOak Capital Mid Cap Fund,Coforge Limited,1.77,,,36.363636,6.254336
LIC MF Small Cap Fund,Bharat Bijlee Ltd,1.77,,Industrials,23.529291,1.2978308
HSBC Midcap Fund,ICICI Prudential Asset Management Co Ltd,1.77,,Financial Services,,
Navi Flexi Cap Fund,Larsen & Toubro Ltd,1.77,,Industrials,33.67093,5.1052904
Tata Mid Cap Fund,Bharti Hexacom Ltd,1.77,,Communication Services,,
Shriram Flexi Cap Fund,Bharat Electronics Ltd,1.77,,Industrials,47.852028,12.219276
SBI Midcap Fund,Mahindra & Mahindra Financial Services Ltd,1.77,,Financial Services,,
Shriram Flexi Cap Fund,NTPC Ltd,1.77,,Utilities,10.470804,1.635282
AXIS Midcap Fund,Coromandel International Ltd,1.77,,Basic Materials,33.319637,4.850019
Tata Large Cap Fund,Cash / Net Current Asset,1.76,,,,
Navi Flexi Cap Fund,GNG Electronics Ltd,1.76,,Technology,,
LIC MF Large Cap Fund,Hitachi Energy India Ltd Ordinary Shares,1.76,,Industrials,,
Baroda BNP Paribas Mid Cap Fund,Nippon Life India Asset Management Ltd Ordinary Shares,1.76,,Financial Services,,
WhiteOak Capital Mid Cap Fund,Persistent Systems Limited,1.76,,,44.642857,10.92834
Aditya Birla SL Flexi Cap Fund,Axis Bank Ltd,1.76,,Financial Services,13.927326,1.7253225
Nippon India Growth Mid Cap Fund,Mankind Pharma Ltd,1.76,,Healthcare,,
Union Midcap Fund,Apar Industries Ltd,1.76,,Industrials,56.81733,12.386799
Mahindra Manulife Small Cap Fund,NOCIL Ltd,1.76,,Basic Materials,44.854115,1.585055
Union Small Cap Fund,Eureka Forbes Ltd,1.76,,Consumer Cyclical,,
Taurus Mid Cap Fund,Escorts Kubota Ltd,1.76,,Industrials,,
Bandhan Midcap Fund,Coromandel International Ltd,1.76,,Basic Materials,33.319637,4.850019
Nippon India Flexi Cap Fund,Eternal Ltd,1.76,,Consumer Cyclical,,
Baroda BNP Paribas Flexi Cap Fund,Hitachi Energy India Ltd Ordinary Shares,1.76,,Industrials,,
Taurus Flexi Cap Fund,Persistent Systems Ltd,1.76,,Technology,44.642857,10.92834
Quant Flexi Cap Fund,Alivus Life Sciences Ltd,1.76,,Healthcare,27.100061,4.9066854
SBI Small Cap Fund,Urban Co Ltd,1.76,,Technology,,
HSBC Flexi Cap Fund,Hindalco Industries Ltd,1.76,,Basic Materials,14.367457,1.7221315
Bank of India Large Cap Fund,JSW Steel Ltd,1.76,,Basic Materials,12.760185,3.15554
Edelweiss Mid Cap Fund,Ipca Laboratories Ltd,1.76,,Healthcare,38.607655,5.4611874
SBI Midcap Fund,Siemens Ltd,1.75,,Industrials,83.33545,10.1382265
Edelweiss Small Cap Fund,Equitas Small Finance Bank Ltd Ordinary Shares,1.75,,Financial Services,,
JM Midcap Fund,Syrma SGS Technology Ltd,1.75,,Technology,73.51393,9.521932
Union Flexi Cap Fund,Trent Ltd,1.75,,Consumer Cyclical,96.15015,22.879957
WhiteOak Capital Flexi Cap Fund,Maruti Suzuki India Ltd,1.75,,Consumer Cyclical,30.770073,4.1185155
DSP Midcap Fund,L&T Finance Ltd,1.75,,Financial Services,,
HDFC Mid Cap Fund,Alkem Laboratories Ltd,1.75,,Healthcare,29.153913,4.8621597
LIC MF Small Cap Fund,Cholamandalam Financial Holdings Ltd,1.75,,Financial Services,,
Mahindra Manulife Flexi Cap Fund,Eternal Ltd,1.75,,Consumer Cyclical,,
HSBC Flexi Cap Fund,Multi Commodity Exchange of India Ltd,1.75,,Financial Services,,
HSBC Small Cap Fund,PNB Housing Finance Ltd,1.74,,Financial Services,,
Quant Small Cap Fund,ICICI Bank Ltd,1.74,,Financial Services,18.382923,2.6792262
TRUSTMF Flexi Cap Fund,Cemindia Projects Ltd,1.74,,Industrials,,
Kotak Midcap Fund,Nuvama Wealth Management Ltd,1.74,,Financial Services,,
Baroda BNP Paribas Flexi Cap Fund,Tata Consumer Products Ltd,1.74,,Consumer Defensive,,
JM Midcap Fund,Garware Hi-Tech Films Ltd,1.74,,Basic Materials,47.845478,6.0986433
Bandhan Midcap Fund,Aditya Infotech Ltd,1.74,,Industrials,,
Navi Flexi Cap Fund,Astral Ltd,1.74,,Industrials,,
Kotak Midcap Fund,HDB Financial Services Ltd,1.74,,Financial Services,,
Bandhan Small Cap Fund,The South Indian Bank Ltd,1.74,,Financial Services,8.189236,1.0470821
Franklin India Flexi Cap Fund,Cholamandalam Investment and Finance Co Ltd,1.74,,Financial Services,,
LIC MF Small Cap Fund,Ingersoll-Rand (India) Ltd,1.74,,Industrials,53.475193,22.16104
Union Midcap Fund,CG Power & Industrial Solutions Ltd,1.74,,Industrials,,
Motilal Oswal Small Cap Fund,Gokaldas Exports Ltd,1.74,,Consumer Cyclical,60.60948,2.730805
UTI-Large Cap Fund,Mahindra & Mahindra Ltd,1.74,,Consumer Cyclical,21.322454,4.203955
Motilal Oswal Large Cap Fund,Samvardhana Motherson International Ltd,1.74,,Consumer Cyclical,,
SBI Small Cap Fund,Privi Speciality Chemicals Ltd,1.74,,Basic Materials,,
HSBC Small Cap Fund,Radico Khaitan Ltd,1.74,,Consumer Defensive,85.46732,18.168161
WhiteOak Capital Mid Cap Fund,Vishal Mega Mart Ltd,1.73,,Consumer Cyclical,,
Mahindra Manulife Mid Cap Fund,Larsen & Toubro Ltd,1.73,,Industrials,33.67093,5.1052904
Union Flexi Cap Fund,Cholamandalam Investment and Finance Co Ltd,1.73,,Financial Services,,
Mahindra Manulife Mid Cap Fund,Triveni Turbine Ltd,1.73,,Industrials,57.806538,13.972252
JM Midcap Fund,One97 Communications Ltd,1.73,,Technology,,
360 ONE FlexiCap Fund,Tech Mahindra Ltd,1.73,,Technology,31.637583,5.315708
Bank of India Flexi Cap Fund,Reliance Industries Ltd,1.73,,Energy,24.154905,1.9980692
Shriram Flexi Cap Fund,Ajanta Pharma Ltd,1.73,,Healthcare,43.00333,10.097092
Invesco India Smallcap Fund,L&T Finance Ltd,1.73,,Financial Services,,
360 ONE FlexiCap Fund,OneSource Specialty Pharma Ltd,1.73,,Healthcare,,
Kotak Midcap Fund,Global Health Ltd,1.73,,Healthcare,,
TRUSTMF Small Cap Fund,Sai Life Sciences Ltd,1.73,,Healthcare,,
Aditya Birla SL Flexi Cap Fund,The Federal Bank Ltd,1.73,,Financial Services,,
TRUSTMF Small Cap Fund,Welspun Corp Ltd,1.73,,Basic Materials,,
Invesco India Largecap Fund,Triparty Repo,1.73,,,,
Tata Flexi Cap Fund,ITC Ltd,1.73,,Consumer Defensive,18.050472,4.9439254
AXIS Flexi Cap Fund,Trent Ltd,1.73,,Consumer Cyclical,96.15015,22.879957
PGIM India Flexi Cap Fund,Axis Bank Ltd,1.73,,Financial Services,13.927326,1.7253225
HSBC Midcap Fund,Ather Energy Ltd,1.73,,Consumer Cyclical,,
ITI Flexi Cap Fund,Apar Industries Ltd,1.73,,Industrials,56.81733,12.386799
AXIS Large Cap Fund,Samvardhana Motherson International Ltd,1.73,,Consumer Cyclical,,
Helios Flexi Cap Fund,Shriram Finance Ltd,1.73,,Financial Services,,
Bandhan Midcap Fund,Multi Commodity Exchange of India Ltd,1.73,,Financial Services,,
Tata Flexi Cap Fund,Britannia Industries Ltd,1.73,,Consumer Defensive,52.356518,25.98983
Bandhan Midcap Fund,Persistent Systems Ltd,1.72,,Technology,44.642857,10.92834
ITI Mid Cap Fund,Cummins India Ltd,1.72,,Industrials,63.69292,17.746988
ITI Mid Cap Fund,Tube Investments of India Ltd Ordinary Shares,1.72,,Industrials,,
JM Large Cap Fund,One97 Communications Ltd,1.72,,Technology,,
Invesco India Flexi Cap Fund,Mahindra & Mahindra Ltd,1.72,,Consumer Cyclical,21.322454,4.203955
WhiteOak Capital Mid Cap Fund,Kei Industries Limited,1.72,,,53.76344,8.032405
TRUSTMF Flexi Cap Fund,Adani Ports & Special Economic Zone Ltd,1.72,,Industrials,,
Edelweiss Small Cap Fund,UNO Minda Ltd,1.72,,Consumer Cyclical,,
Franklin India Mid Cap Fund,APL Apollo Tubes Ltd,1.72,,Basic Materials,44.44946,10.328954
Union Small Cap Fund,Sai Life Sciences Ltd,1.72,,Healthcare,,
Tata Flexi Cap Fund,Pidilite Industries Ltd,1.72,,Basic Materials,64.94523,15.596959
HSBC Flexi Cap Fund,Bharti Airtel Ltd,1.72,,Communication Services,40.983265,7.5497437
Aditya Birla SL Flexi Cap Fund,United Spirits Ltd,1.71,,Consumer Defensive,63.68353,11.682224
ITI Small Cap Fund,Aster DM Quality Care Ltd Ordinary Shares,1.71,,Healthcare,,
Tata Large Cap Fund,NTPC Ltd,1.71,,Utilities,10.470804,1.635282
Mahindra Manulife Mid Cap Fund,Fortis Healthcare Ltd,1.71,,Healthcare,69.465454,7.287105
Tata Flexi Cap Fund,PNB Housing Finance Ltd,1.71,,Financial Services,,
Canara Robeco Small Cap Fund,Thangamayil Jewellery Ltd,1.71,,Consumer Cyclical,40.815536,11.578927
Baroda BNP Paribas Mid Cap Fund,Fortis Healthcare Ltd,1.71,,Healthcare,69.465454,7.287105
Bajaj Finserv Flexi Cap Fund,Bharat Dynamics Ltd Ordinary Shares,1.71,,Industrials,,
Edelweiss Mid Cap Fund,CreditAccess Grameen Ltd Ordinary Shares,1.71,,Financial Services,,
PGIM India Flexi Cap Fund,Titan Co Ltd,1.71,,Consumer Cyclical,,
ITI Small Cap Fund,ZF Commercial Vehicle Control Systems India Ltd,1.71,,Consumer Cyclical,,
Canara Robeco Mid Cap Fund,PhysicsWallah Ltd,1.71,,Consumer Defensive,,
Quantum Small Cap Fund,Lumax Auto Technologies Ltd,1.71,,Consumer Cyclical,55.389194,11.1216955
TRUSTMF Flexi Cap Fund,Bharat Dynamics Ltd Ordinary Shares,1.71,,Industrials,,
Bajaj Finserv Flexi Cap Fund,HEG Ltd,1.71,,Industrials,36.100697,2.7336922
Tata Small Cap Fund,Anant Raj Ltd,1.71,,Real Estate,,
Invesco India Midcap Fund,Triparty Repo,1.7,,,,
LIC MF Small Cap Fund,Kennametal India Ltd,1.7,,Industrials,49.753384,9.064733
Motilal Oswal Small Cap Fund,Aegis Vopak Terminals Ltd,1.7,,Energy,102.99638,7.3675237
360 ONE FlexiCap Fund,JSW Steel Ltd,1.7,,Basic Materials,12.760185,3.15554
Union Largecap Fund,GE Vernova T&D India Ltd,1.7,,Industrials,84.030495,40.910908
Invesco India Flexi Cap Fund,Prestige Estates Projects Ltd,1.7,,Real Estate,59.86932,4.183585
Mirae Asset Flexi Cap Fund,CG Power & Industrial Solutions Ltd,1.7,,Industrials,,
Bank of India Small Cap Fund,Shreeji Shipping Global Ltd,1.7,,Industrials,,
TRUSTMF Flexi Cap Fund,GNG Electronics Ltd,1.7,,Technology,,
ITI Flexi Cap Fund,Ather Energy Ltd,1.7,,Consumer Cyclical,,
TRUSTMF Small Cap Fund,Solar Industries India Ltd,1.7,,Basic Materials,99.0099,26.524855
TRUSTMF Small Cap Fund,Lenskart Solutions Ltd,1.7,,Healthcare,195.7732,11.320417
Mirae Asset Large Cap Fund,Kotak Mahindra Bank Ltd,1.7,,Financial Services,19.154411,2.1446095
Tata Flexi Cap Fund,HDFC Life Insurance Co Ltd,1.7,,Financial Services,,
Franklin India Mid Cap Fund,Coforge Ltd,1.7,,Technology,,
Mahindra Manulife Mid Cap Fund,Aditya Birla Capital Ltd,1.7,,Financial Services,26.376858,3.1052613
Edelweiss Flexi Cap Fund,Titan Co Ltd,1.7,,Consumer Cyclical,,
Tata Small Cap Fund,Wonderla Holidays Ltd,1.7,,Consumer Cyclical,30.86045,1.8109343
Edelweiss Flexi Cap Fund,Shriram Finance Ltd,1.7,,Financial Services,,
DSP Midcap Fund,AU Small Finance Bank Ltd,1.7,,Financial Services,28.249933,3.9927256
Bandhan Flexi Cap Fund,Apollo Hospitals Enterprise Ltd,1.7,,Healthcare,,
Kotak Midcap Fund,Coromandel International Ltd,1.7,,Basic Materials,33.319637,4.850019
Tata Large Cap Fund,JSW Cement Ltd,1.7,,Basic Materials,,
Tata Large Cap Fund,Eternal Ltd,1.7,,Consumer Cyclical,,
HDFC Flexi Cap Fund,Nexus Select Trust Reits,1.69,,Real Estate,,
ITI Mid Cap Fund,Net Receivables / (Payables),1.69,,,,
UTI-Large Cap Fund,Hindustan Aeronautics Ltd Ordinary Shares,1.69,,Industrials,,
360 ONE FlexiCap Fund,Aegis Vopak Terminals Ltd,1.69,,Energy,102.99638,7.3675237
Union Midcap Fund,Mphasis Ltd,1.69,,Technology,24.812908,4.174768
Franklin India Mid Cap Fund,Shree Cement Ltd,1.69,,Basic Materials,55.361866,4.2382216
Quantum Small Cap Fund,Godrej Industries Ltd,1.69,,Industrials,35.590233,3.9522178
Mahindra Manulife Small Cap Fund,DCB Bank Ltd,1.69,,Financial Services,,
JM Small Cap Fund,Krishna Institute of Medical Sciences Ltd,1.69,,Healthcare,,
Union Flexi Cap Fund,Solar Industries India Ltd,1.69,,Basic Materials,99.0099,26.524855
PGIM India Midcap Fund,FSN E-Commerce Ventures Ltd,1.69,,Consumer Cyclical,,
Mahindra Manulife Mid Cap Fund,JSW Infrastructure Ltd,1.69,,Industrials,46.310345,6.4361844
Sundaram Large Cap Fund,Indian Hotels Co Ltd,1.69,,Consumer Cyclical,48.539177,7.9719944
Bank of India Large Cap Fund,ITC Ltd,1.69,,Consumer Defensive,18.050472,4.9439254
ITI Small Cap Fund,Cemindia Projects Ltd,1.69,,Industrials,,
Mahindra Manulife Large Cap Fund,Tech Mahindra Ltd,1.69,,Technology,31.637583,5.315708
WhiteOak Capital Flexi Cap Fund,India (Republic of),1.69,,,,
HSBC Small Cap Fund,Vijaya Diagnostic Centre Ltd,1.69,,Healthcare,,
Sundaram Large Cap Fund,PI Industries Ltd,1.69,,Basic Materials,31.848026,3.7480412
Nippon India Flexi Cap Fund,NTPC Ltd,1.69,,Utilities,10.470804,1.635282
HSBC Midcap Fund,Ipca Laboratories Ltd,1.69,,Healthcare,38.607655,5.4611874
LIC MF Small Cap Fund,Transport Corp of India Ltd,1.69,,Industrials,,
Mahindra Manulife Large Cap Fund,InterGlobe Aviation Ltd,1.69,,Industrials,23.408157,29.576513
LIC MF Small Cap Fund,Gillette India Ltd,1.69,,Consumer Defensive,46.94794,26.453505
Aditya Birla SL Large Cap Fund,Adani Energy Solutions Ltd,1.68,,Utilities,,
PGIM India Large Cap Fund,Tata Consultancy Services Ltd,1.68,,Technology,17.2117,8.097646
Mirae Asset Flexi Cap Fund,L&T Finance Ltd,1.68,,Financial Services,,
ITI Flexi Cap Fund,Arvind Ltd,1.68,,Consumer Cyclical,36.28562,3.82178
DSP Midcap Fund,Page Industries Ltd,1.68,,Consumer Cyclical,58.260082,29.617994
Edelweiss Flexi Cap Fund,Fortis Healthcare Ltd,1.68,,Healthcare,69.465454,7.287105
Tata Small Cap Fund,DCB Bank Ltd,1.68,,Financial Services,,
Union Flexi Cap Fund,Inventurus Knowledge Solutions Ltd,1.68,,Healthcare,,
Union Midcap Fund,Bharti Hexacom Ltd,1.68,,Communication Services,,
HSBC Flexi Cap Fund,Larsen & Toubro Ltd,1.68,,Industrials,33.67093,5.1052904
Franklin India Large Cap Fund,UltraTech Cement Ltd,1.68,,Basic Materials,41.494347,4.6217
Bank of India Small Cap Fund,Indian Bank,1.68,,Financial Services,9.372036,1.4279683
Aditya Birla SL Large Cap Fund,SBI Life Insurance Co Ltd,1.68,,Financial Services,71.42033,9.250212
HSBC Small Cap Fund,Neuland Laboratories Ltd,1.68,,Healthcare,75.7588,15.6353445
HDFC Mid Cap Fund,AIA Engineering Ltd,1.68,,Industrials,38.096615,6.013975
ITI Small Cap Fund,Apar Industries Ltd,1.68,,Industrials,56.81733,12.386799
Invesco India Midcap Fund,ICICI Lombard General Insurance Co Ltd,1.68,,Financial Services,,
Mirae Asset Midcap Fund,Max Financial Services Ltd,1.68,,Financial Services,,
Motilal Oswal Midcap Fund,InterGlobe Aviation Ltd,1.68,,Industrials,23.408157,29.576513
Invesco India Flexi Cap Fund,TVS Motor Co Ltd,1.68,,Consumer Cyclical,61.730606,63.15901
Baroda BNP Paribas Large Cap Fund,Hindustan Zinc Ltd,1.68,,Basic Materials,21.51808,18.537941
Edelweiss Mid Cap Fund,Radico Khaitan Ltd,1.68,,Consumer Defensive,85.46732,18.168161
Motilal Oswal Large Cap Fund,Maruti Suzuki India Ltd,1.68,,Consumer Cyclical,30.770073,4.1185155
Helios Flexi Cap Fund,Ather Energy Ltd,1.67,,Consumer Cyclical,,
DSP Small Cap Fund,Gland Pharma Ltd,1.67,,Healthcare,,
Bank of India Large Cap Fund,CreditAccess Grameen Ltd Ordinary Shares,1.67,,Financial Services,,
Union Flexi Cap Fund,Ajanta Pharma Ltd,1.67,,Healthcare,43.00333,10.097092
Tata Mid Cap Fund,PB Fintech Ltd,1.67,,Financial Services,,
JM Large Cap Fund,Indian Hotels Co Ltd,1.67,,Consumer Cyclical,48.539177,7.9719944
Quant Small Cap Fund,Bikaji Foods International Ltd,1.67,,Consumer Defensive,,
HSBC Flexi Cap Fund,Coforge Ltd,1.67,,Technology,,
JM Large Cap Fund,Bajaj Auto Ltd,1.67,,Consumer Cyclical,27.70058,8.37947
Union Largecap Fund,Shriram Finance Ltd,1.67,,Financial Services,,
LIC MF Midcap Fund,Tata Communications Ltd,1.67,,Communication Services,52.915287,14.511902
Edelweiss Mid Cap Fund,L&T Finance Ltd,1.67,,Financial Services,,
Quantum Small Cap Fund,Nuvoco Vista Corp Ltd,1.67,,Basic Materials,32.018517,1.207436
JM Midcap Fund,Indian Bank,1.67,,Financial Services,9.372036,1.4279683
Quantum Small Cap Fund,Gateway Distriparks Ltd,1.67,,Industrials,11.530612,1.2237914
HSBC Small Cap Fund,Aster DM Quality Care Ltd Ordinary Shares,1.67,,Healthcare,,
HSBC Midcap Fund,City Union Bank Ltd,1.67,,Financial Services,14.732452,1.988053
JM Large Cap Fund,Tech Mahindra Ltd,1.67,,Technology,31.637583,5.315708
LIC MF Midcap Fund,One97 Communications Ltd,1.67,,Technology,,
JM Flexicap Fund,Reliance Industries Ltd,1.66,,Energy,24.154905,1.9980692
Edelweiss Small Cap Fund,Bikaji Foods International Ltd,1.66,,Consumer Defensive,,
Sundaram Mid Cap Fund,Thermax Ltd,1.66,,Industrials,77.06719,8.242397
HSBC Large Cap Fund,Bajaj Finance Ltd,1.66,,Financial Services,,
WhiteOak Capital Mid Cap Fund,Marico Ltd,1.66,,Consumer Defensive,65.507576,27.663319
Taurus Flexi Cap Fund,Intellect Design Arena Ltd,1.66,,Technology,,
Navi Flexi Cap Fund,Canara Robeco Asset Management Co Ltd,1.66,,Financial Services,,
SBI Small Cap Fund,E I D Parry India Ltd,1.66,,Basic Materials,,
Edelweiss Large Cap Fund,UltraTech Cement Ltd,1.66,,Basic Materials,41.494347,4.6217
TRUSTMF Small Cap Fund,Amber Enterprises India Ltd Ordinary Shares,1.66,,Consumer Cyclical,,
ITI Mid Cap Fund,Marico Ltd,1.66,,Consumer Defensive,65.507576,27.663319
SBI Large Cap Fund,Tech Mahindra Ltd,1.66,,Technology,31.637583,5.315708
Nippon India Flexi Cap Fund,Triparty Repo,1.66,,,,
LIC MF Large Cap Fund,UltraTech Cement Ltd,1.66,,Basic Materials,41.494347,4.6217
PGIM India Flexi Cap Fund,Larsen & Toubro Ltd,1.66,,Industrials,33.67093,5.1052904
Baroda BNP Paribas Small Cap Fund,Timken India Ltd,1.66,,Industrials,60.607704,8.648188
PGIM India Midcap Fund,Max Healthcare Institute Ltd Ordinary Shares,1.66,,Healthcare,,
Canara Robeco Mid Cap Fund,Chalet Hotels Ltd,1.66,,Consumer Cyclical,,
Tata Small Cap Fund,SAMHI Hotels Ltd,1.66,,Consumer Cyclical,,
Aditya Birla SL Flexi Cap Fund,Hindalco Industries Ltd,1.66,,Basic Materials,14.367457,1.7221315
Baroda BNP Paribas Mid Cap Fund,Ujjivan Small Finance Bank Ltd Ordinary Shares,1.66,,Financial Services,,
Tata Small Cap Fund,Sundaram Clayton Ltd,1.66,,Industrials,,
SBI Midcap Fund,Motherson Sumi Wiring India Ltd,1.66,,Consumer Cyclical,,
Tata Small Cap Fund,Ramco Cements Ltd,1.66,,Basic Materials,,
Tata Small Cap Fund,Greenply Industries Ltd,1.66,,Basic Materials,36.246838,3.964584
Union Small Cap Fund,Amber Enterprises India Ltd Ordinary Shares,1.66,,Consumer Cyclical,,
Edelweiss Small Cap Fund,Inventurus Knowledge Solutions Ltd,1.66,,Healthcare,,
Bank of India Large Cap Fund,Hindustan Aeronautics Ltd Ordinary Shares,1.65,,Industrials,,
Tata Large Cap Fund,Indian Hotels Co Ltd,1.65,,Consumer Cyclical,48.539177,7.9719944
JM Large Cap Fund,TVS Motor Co Ltd,1.65,,Consumer Cyclical,61.730606,63.15901
Aditya Birla SL Flexi Cap Fund,HCL Technologies Ltd,1.65,,Technology,21.097977,4.9742002
Aditya Birla SL Flexi Cap Fund,Godrej Consumer Products Ltd,1.65,,Consumer Defensive,58.899498,8.822688
ITI Mid Cap Fund,Radico Khaitan Ltd,1.65,,Consumer Defensive,85.46732,18.168161
LIC MF Midcap Fund,Endurance Technologies Ltd,1.65,,Consumer Cyclical,,
HDFC Large Cap Fund,United Spirits Ltd,1.65,,Consumer Defensive,63.68353,11.682224
ITI Small Cap Fund,GNG Electronics Ltd,1.65,,Technology,,
Sundaram Mid Cap Fund,Tube Investments of India Ltd Ordinary Shares,1.65,,Industrials,,
Baroda BNP Paribas Small Cap Fund,PNB Housing Finance Ltd,1.65,,Financial Services,,
Canara Robeco Large Cap Fund,Sun Pharmaceuticals Industries Ltd,1.65,,Healthcare,,
Nippon India Flexi Cap Fund,Radico Khaitan Ltd,1.65,,Consumer Defensive,85.46732,18.168161
TRUSTMF Flexi Cap Fund,Varun Beverages Ltd,1.65,,Consumer Defensive,,
Canara Robeco Small Cap Fund,Radico Khaitan Ltd,1.65,,Consumer Defensive,85.46732,18.168161
Baroda BNP Paribas Small Cap Fund,Great Eastern Shipping Co Ltd,1.65,,Industrials,,
AXIS Midcap Fund,Multi Commodity Exchange of India Ltd,1.65,,Financial Services,,
HSBC Small Cap Fund,Polycab India Ltd,1.65,,Industrials,,
AXIS Large Cap Fund,Indian Hotels Co Ltd,1.65,,Consumer Cyclical,48.539177,7.9719944
Edelweiss Small Cap Fund,Billionbrains Garage Ventures Ltd,1.65,,Financial Services,,
Aditya Birla SL Large Cap Fund,Hindalco Industries Ltd,1.65,,Basic Materials,14.367457,1.7221315
Nippon India Flexi Cap Fund,Siemens Energy India Ltd,1.65,,Utilities,99.01765,29.658049
PGIM India Flexi Cap Fund,JSW Steel Ltd,1.64,,Basic Materials,12.760185,3.15554
JM Large Cap Fund,360 One Wam Ltd Ordinary Shares,1.64,,Financial Services,,
Invesco India Smallcap Fund,Meesho Ltd,1.64,,Consumer Cyclical,,
Franklin India Large Cap Fund,Hindalco Industries Ltd,1.64,,Basic Materials,14.367457,1.7221315
Edelweiss Mid Cap Fund,Bharat Forge Ltd,1.64,,Consumer Cyclical,100.00883,11.304634
JM Small Cap Fund,Syrma SGS Technology Ltd,1.64,,Technology,73.51393,9.521932
Nippon India Large Cap Fund,Kotak Mahindra Bank Ltd,1.64,,Financial Services,19.154411,2.1446095
Union Flexi Cap Fund,Ujjivan Small Finance Bank Ltd Ordinary Shares,1.64,,Financial Services,,
Union Midcap Fund,BSE Ltd,1.64,,Financial Services,,
Baroda BNP Paribas Flexi Cap Fund,NHPC Ltd,1.64,,Utilities,27.97091,1.8693043
Edelweiss Small Cap Fund,J.B. Chemicals & Pharmaceuticals Ltd,1.64,,Healthcare,,
Bank of India Flexi Cap Fund,Mahindra & Mahindra Ltd,1.64,,Consumer Cyclical,21.322454,4.203955
Kotak Midcap Fund,SRF Ltd,1.64,,Industrials,35.841557,5.5199285
HSBC Flexi Cap Fund,Varun Beverages Ltd,1.64,,Consumer Defensive,,
Edelweiss Small Cap Fund,Indian Bank,1.64,,Financial Services,9.372036,1.4279683
Bank of India Flexi Cap Fund,Powerica Ltd,1.64,,Industrials,40.333836,2.9711103
PGIM India Large Cap Fund,UltraTech Cement Ltd,1.64,,Basic Materials,41.494347,4.6217
DSP Midcap Fund,Dixon Technologies (India) Ltd,1.64,,Technology,,
AXIS Large Cap Fund,Shriram Finance Ltd,1.64,,Financial Services,,
Mahindra Manulife Small Cap Fund,Triparty Repo,1.64,,,,
Kotak Midcap Fund,J.B. Chemicals & Pharmaceuticals Ltd,1.64,,Healthcare,,
Canara Robeco Mid Cap Fund,HDFC Asset Management Co Ltd,1.63,,Financial Services,,
Bandhan Midcap Fund,Indian Hotels Co Ltd,1.63,,Consumer Cyclical,48.539177,7.9719944
Mahindra Manulife Flexi Cap Fund,Adani Ports & Special Economic Zone Ltd,1.63,,Industrials,,
HSBC Midcap Fund,Multi Commodity Exchange of India Ltd,1.63,,Financial Services,,
WhiteOak Capital Mid Cap Fund,AIA Engineering Ltd,1.63,,Industrials,38.096615,6.013975
DSP Flexi Cap Fund,Alkem Laboratories Ltd,1.63,,Healthcare,29.153913,4.8621597
JM Small Cap Fund,Fusion Finance Ltd,1.63,,Financial Services,,
HSBC Midcap Fund,Aditya Birla Capital Ltd,1.63,,Financial Services,26.376858,3.1052613
Union Midcap Fund,Ajanta Pharma Ltd,1.63,,Healthcare,43.00333,10.097092
Tata Flexi Cap Fund,Kotak Mahindra Bank Ltd,1.63,,Financial Services,19.154411,2.1446095
JM Flexicap Fund,Infosys Ltd,1.63,,Technology,,
PGIM India Flexi Cap Fund,JK Cement Ltd,1.63,,Basic Materials,,
360 ONE FlexiCap Fund,Coforge Ltd,1.63,,Technology,,
TRUSTMF Small Cap Fund,Senores Pharmaceuticals Ltd,1.63,,Healthcare,,
JM Flexicap Fund,Restaurant Brands Asia Ltd Ordinary Shares,1.63,,Consumer Cyclical,,
Baroda BNP Paribas Flexi Cap Fund,Tech Mahindra Ltd,1.63,,Technology,31.637583,5.315708
Helios Flexi Cap Fund,Solar Industries India Ltd,1.63,,Basic Materials,99.0099,26.524855
Kotak Midcap Fund,Nippon Life India Asset Management Ltd Ordinary Shares,1.63,,Financial Services,,
Baroda BNP Paribas Mid Cap Fund,Bharat Forge Ltd,1.62,,Consumer Cyclical,100.00883,11.304634
SBI Small Cap Fund,Cholamandalam Financial Holdings Ltd,1.62,,Financial Services,,
Bank of India Large Cap Fund,Shriram Finance Ltd,1.62,,Financial Services,,
SBI Midcap Fund,Pine Labs Ltd,1.62,,Technology,,
SBI Midcap Fund,Phoenix Mills Ltd,1.62,,Real Estate,51.817932,6.168099
HSBC Midcap Fund,Data Patterns (India) Ltd,1.62,,Industrials,91.74241,14.127508
TRUSTMF Small Cap Fund,Thangamayil Jewellery Ltd,1.62,,Consumer Cyclical,40.815536,11.578927
Mirae Asset Flexi Cap Fund,Welspun Corp Ltd,1.62,,Basic Materials,,
ITI Mid Cap Fund,AU Small Finance Bank Ltd,1.62,,Financial Services,28.249933,3.9927256
JM Flexicap Fund,Hero MotoCorp Ltd,1.62,,Consumer Cyclical,21.683006,5.4568286
ITI Large Cap Fund,UltraTech Cement Ltd,1.62,,Basic Materials,41.494347,4.6217
Motilal Oswal Small Cap Fund,Meesho Ltd,1.62,,Consumer Cyclical,,
Aditya Birla SL Flexi Cap Fund,Sona BLW Precision Forgings Ltd,1.62,,Consumer Cyclical,,
Baroda BNP Paribas Mid Cap Fund,National Aluminium Co Ltd,1.62,,Basic Materials,11.390134,3.2384465
Quant Small Cap Fund,Manappuram Finance Ltd,1.62,,Financial Services,30.949366,2.1463308
Edelweiss Small Cap Fund,Craftsman Automation Ltd,1.62,,Consumer Cyclical,54.34704,7.6615663
Mirae Asset Midcap Fund,Aditya Birla Capital Ltd,1.62,,Financial Services,26.376858,3.1052613
Nippon India Flexi Cap Fund,InterGlobe Aviation Ltd,1.62,,Industrials,23.408157,29.576513
Union Midcap Fund,Bharat Forge Ltd,1.62,,Consumer Cyclical,100.00883,11.304634
Tata Flexi Cap Fund,IndusInd Bank Ltd,1.61,,Financial Services,60.223267,1.2141788
TRUSTMF Small Cap Fund,Kirloskar Oil Engines Ltd,1.61,,Industrials,55.561123,8.686619
Mahindra Manulife Flexi Cap Fund,Dr Reddy's Laboratories Ltd,1.61,,Healthcare,,
TRUSTMF Small Cap Fund,SPR Auto Technologies Ltd,1.61,,Consumer Cyclical,34.364388,6.672539
LIC MF Small Cap Fund,International Gemological Institute Ltd,1.61,,Basic Materials,,
Bank of India Small Cap Fund,Anand Rathi Wealth Ltd,1.61,,Financial Services,76.33491,34.957996
Bandhan Flexi Cap Fund,Cholamandalam Financial Holdings Ltd,1.61,,Financial Services,,
Kotak Large Cap Fund,Torrent Pharmaceuticals Ltd,1.61,,Healthcare,78.29249,19.85032
Canara Robeco Mid Cap Fund,NHPC Ltd,1.61,,Utilities,27.97091,1.8693043
Mahindra Manulife Flexi Cap Fund,UNO Minda Ltd,1.61,,Consumer Cyclical,,
Franklin India Flexi Cap Fund,Tube Investments of India Ltd Ordinary Shares,1.61,,Industrials,,
HDFC Flexi Cap Fund,Hyundai Motor India Ltd,1.61,,Consumer Cyclical,36.36589,8.935097
Edelweiss Small Cap Fund,Navin Fluorine International Ltd,1.61,,Basic Materials,,
Baroda BNP Paribas Small Cap Fund,Nephrocare Health Services Ltd,1.61,,Healthcare,,
Franklin India Mid Cap Fund,Page Industries Ltd,1.61,,Consumer Cyclical,58.260082,29.617994
DSP Flexi Cap Fund,Prudent Corporate Advisory Services Ltd,1.61,,Financial Services,,
Franklin India Mid Cap Fund,SRF Ltd,1.61,,Industrials,35.841557,5.5199285
Mahindra Manulife Mid Cap Fund,Equitas Small Finance Bank Ltd Ordinary Shares,1.61,,Financial Services,,
AXIS Midcap Fund,Premier Energies Ltd,1.61,,Technology,,
Canara Robeco Mid Cap Fund,L&T Technology Services Ltd,1.61,,Technology,,
TRUSTMF Small Cap Fund,RBL Bank Ltd,1.6,,Financial Services,,
SBI Midcap Fund,360 One Wam Ltd Ordinary Shares,1.6,,Financial Services,,
Quantum Small Cap Fund,UTI Asset Management Co Ltd,1.6,,Financial Services,,
Baroda BNP Paribas Flexi Cap Fund,GE Vernova T&D India Ltd,1.6,,Industrials,84.030495,40.910908
ITI Large Cap Fund,KFin Technologies Ltd,1.6,,Technology,,
Sundaram Mid Cap Fund,Jindal Steel Ltd,1.6,,Basic Materials,,
Mahindra Manulife Flexi Cap Fund,IndusInd Bank Ltd,1.6,,Financial Services,60.223267,1.2141788
HSBC Small Cap Fund,Kajaria Ceramics Ltd,1.6,,Industrials,34.01224,6.063991
Sundaram Mid Cap Fund,AU Small Finance Bank Ltd,1.6,,Financial Services,28.249933,3.9927256
Sundaram Mid Cap Fund,Delhivery Ltd,1.6,,Industrials,,
Bank of India Small Cap Fund,Eris Lifesciences Ltd Registered Shs,1.6,,Healthcare,,
ITI Mid Cap Fund,Polycab India Ltd,1.6,,Industrials,,
Invesco India Smallcap Fund,Triparty Repo,1.6,,,,
Bajaj Finserv Flexi Cap Fund,Godrej Consumer Products Ltd,1.6,,Consumer Defensive,58.899498,8.822688
Canara Robeco Mid Cap Fund,Ajanta Pharma Ltd,1.6,,Healthcare,43.00333,10.097092
HDFC Mid Cap Fund,United Spirits Ltd,1.6,,Consumer Defensive,63.68353,11.682224
LIC MF Small Cap Fund,Carraro India Ltd,1.6,,Consumer Cyclical,21.883173,5.0548787
LIC MF Midcap Fund,Prestige Estates Projects Ltd,1.6,,Real Estate,59.86932,4.183585
Invesco India Flexi Cap Fund,Coforge Ltd,1.6,,Technology,,
Canara Robeco Mid Cap Fund,Radico Khaitan Ltd,1.6,,Consumer Defensive,85.46732,18.168161
Mahindra Manulife Mid Cap Fund,Mphasis Ltd,1.6,,Technology,24.812908,4.174768
Mahindra Manulife Mid Cap Fund,Astral Ltd,1.6,,Industrials,,
Edelweiss Mid Cap Fund,AU Small Finance Bank Ltd,1.6,,Financial Services,28.249933,3.9927256
Edelweiss Mid Cap Fund,Coforge Ltd,1.6,,Technology,,
Mahindra Manulife Mid Cap Fund,Cochin Shipyard Ltd,1.59,,Industrials,,
Baroda BNP Paribas Small Cap Fund,Motherson Sumi Wiring India Ltd,1.59,,Consumer Cyclical,,
Invesco India Largecap Fund,Poly Medicure Ltd,1.59,,Healthcare,53.19868,5.5223246
JM Large Cap Fund,Tata Steel Ltd,1.59,,Basic Materials,34.495415,2.4665117
Bajaj Finserv Flexi Cap Fund,MTAR Technologies Ltd,1.59,,Industrials,,
Aditya Birla SL Flexi Cap Fund,Mankind Pharma Ltd,1.59,,Healthcare,,
360 ONE FlexiCap Fund,GK Energy Ltd,1.59,,Utilities,,
Mahindra Manulife Large Cap Fund,Trent Ltd,1.59,,Consumer Cyclical,96.15015,22.879957
Invesco India Smallcap Fund,Wework India Management Ltd,1.59,,Real Estate,,
Parag Parikh Flexi Cap Fund,Brookfield India Real Estate Trust,1.59,,Real Estate,47.194252,1.4751358
Kotak Midcap Fund,Oracle Financial Services Software Ltd,1.59,,Technology,,
Canara Robeco Mid Cap Fund,ICICI Prudential Asset Management Co Ltd,1.59,,Financial Services,,
Baroda BNP Paribas Flexi Cap Fund,Linde India Ltd,1.59,,Basic Materials,,
DSP Flexi Cap Fund,Eternal Ltd,1.59,,Consumer Cyclical,,
ITI Flexi Cap Fund,KSH International Ltd,1.59,,Industrials,,
Aditya Birla SL Flexi Cap Fund,SBI Life Insurance Co Ltd,1.59,,Financial Services,71.42033,9.250212
Tata Mid Cap Fund,Premier Energies Ltd,1.59,,Technology,,
TRUSTMF Flexi Cap Fund,Dixon Technologies (India) Ltd,1.59,,Technology,,
UTI-Mid Cap Fund,Schaeffler India Ltd,1.59,,Consumer Cyclical,,
LIC MF Small Cap Fund,Ujjivan Small Finance Bank Ltd Ordinary Shares,1.59,,Financial Services,,
Aditya Birla SL Flexi Cap Fund,Ather Energy Ltd,1.59,,Consumer Cyclical,,
Edelweiss Large Cap Fund,Infosys Ltd,1.58,,Technology,,
ITI Small Cap Fund,Solar Industries India Ltd,1.58,,Basic Materials,99.0099,26.524855
Edelweiss Small Cap Fund,Century Plyboards (India) Ltd,1.58,,Basic Materials,,
PGIM India Large Cap Fund,Mahindra & Mahindra Ltd,1.58,,Consumer Cyclical,21.322454,4.203955
DSP Small Cap Fund,R R Kabel Ltd,1.58,,Industrials,,
ITI Mid Cap Fund,SRF Ltd,1.58,,Industrials,35.841557,5.5199285
Invesco India Flexi Cap Fund,Bharti Airtel Ltd,1.58,,Communication Services,40.983265,7.5497437
Union Small Cap Fund,KFin Technologies Ltd,1.58,,Technology,,
Navi Flexi Cap Fund,Powerica Ltd,1.58,,Industrials,40.333836,2.9711103
ITI Mid Cap Fund,IDFC First Bank Ltd,1.58,,Financial Services,,
Mahindra Manulife Large Cap Fund,State Bank of India,1.58,,Financial Services,12.03334,1.698928
ITI Large Cap Fund,Hindalco Industries Ltd,1.58,,Basic Materials,14.367457,1.7221315
ITI Small Cap Fund,BSE Ltd,1.58,,Financial Services,,
Nippon India Large Cap Fund,Eternal Ltd,1.58,,Consumer Cyclical,,
Baroda BNP Paribas Large Cap Fund,Bajaj Finance Ltd,1.58,,Financial Services,,
Quant Small Cap Fund,Usha Martin Ltd,1.58,,Basic Materials,29.498856,4.7534885
Nippon India Growth Mid Cap Fund,Max Financial Services Ltd,1.58,,Financial Services,,
Bandhan Midcap Fund,Indian Bank,1.58,,Financial Services,9.372036,1.4279683
SBI Midcap Fund,Urban Co Ltd,1.58,,Technology,,
Aditya Birla SL Flexi Cap Fund,Larsen & Toubro Ltd,1.58,,Industrials,33.67093,5.1052904
Edelweiss Large Cap Fund,Craftsman Automation Ltd,1.58,,Consumer Cyclical,54.34704,7.6615663
Franklin India Mid Cap Fund,Emmvee Photovoltaic Power Ltd,1.58,,Technology,,
JM Flexicap Fund,Divi's Laboratories Ltd,1.58,,Healthcare,85.46783,13.0643635
HSBC Flexi Cap Fund,GE Vernova T&D India Ltd,1.57,,Industrials,84.030495,40.910908
Helios Flexi Cap Fund,Torrent Pharmaceuticals Ltd,1.57,,Healthcare,78.29249,19.85032
Franklin India Mid Cap Fund,Timken India Ltd,1.57,,Industrials,60.607704,8.648188
DSP Large Cap Fund,Hyundai Motor India Ltd,1.57,,Consumer Cyclical,36.36589,8.935097
Baroda BNP Paribas Mid Cap Fund,Hindustan Petroleum Corp Ltd,1.57,,Energy,,
Nippon India Growth Mid Cap Fund,Samvardhana Motherson International Ltd,1.57,,Consumer Cyclical,,
Canara Robeco Mid Cap Fund,KEI Industries Ltd,1.57,,Industrials,53.76344,8.032405
DSP Flexi Cap Fund,UNO Minda Ltd,1.57,,Consumer Cyclical,,
LIC MF Midcap Fund,APL Apollo Tubes Ltd,1.57,,Basic Materials,44.44946,10.328954
JM Midcap Fund,Wework India Management Ltd,1.57,,Real Estate,,
Motilal Oswal Small Cap Fund,MTAR Technologies Ltd,1.57,,Industrials,,
Baroda BNP Paribas Large Cap Fund,Vedanta Aluminium Metal Ltd,1.57,,Basic Materials,,
Union Flexi Cap Fund,Ather Energy Ltd,1.57,,Consumer Cyclical,,
LIC MF Small Cap Fund,Arvind Ltd,1.57,,Consumer Cyclical,36.28562,3.82178
Union Midcap Fund,JSW Infrastructure Ltd,1.57,,Industrials,46.310345,6.4361844
Quantum Small Cap Fund,Kotak Mahindra Bank Ltd,1.57,,Financial Services,19.154411,2.1446095
Mirae Asset Midcap Fund,Go Digit General Insurance Ltd,1.57,,Financial Services,,
JM Flexicap Fund,Dr Reddy's Laboratories Ltd,1.57,,Healthcare,,
WhiteOak Capital Large Cap Fund,Sun Pharmaceuticals Industries Ltd,1.57,,Healthcare,,
HSBC Small Cap Fund,K.P.R. Mill Ltd,1.57,,Consumer Cyclical,,
360 ONE FlexiCap Fund,ICICI Prudential Asset Management Co Ltd,1.57,,Financial Services,,
HSBC Midcap Fund,Godfrey Phillips India Ltd,1.57,,Consumer Defensive,27.37881,6.106945
LIC MF Midcap Fund,Fortis Healthcare Ltd,1.57,,Healthcare,69.465454,7.287105
AXIS Flexi Cap Fund,Cummins India Ltd,1.57,,Industrials,63.69292,17.746988
Sundaram Mid Cap Fund,360 One Wam Ltd Ordinary Shares,1.57,,Financial Services,,
Quant Small Cap Fund,Ventive Hospitality Ltd,1.57,,Consumer Cyclical,37.16853,2.54417
Bank of India Flexi Cap Fund,Bharat Electronics Ltd,1.57,,Industrials,47.852028,12.219276
Invesco India Smallcap Fund,Kwality Walls India Ltd,1.57,,Consumer Defensive,,
AXIS Large Cap Fund,Trent Ltd,1.57,,Consumer Cyclical,96.15015,22.879957
Baroda BNP Paribas Mid Cap Fund,Multi Commodity Exchange of India Ltd,1.56,,Financial Services,,
HDFC Mid Cap Fund,Gland Pharma Ltd,1.56,,Healthcare,,
Union Flexi Cap Fund,Bajaj Finance Ltd,1.56,,Financial Services,,
Baroda BNP Paribas Large Cap Fund,Tata Consultancy Services Ltd,1.56,,Technology,17.2117,8.097646
Nippon India Growth Mid Cap Fund,Max Healthcare Institute Ltd Ordinary Shares,1.56,,Healthcare,,
Union Flexi Cap Fund,Sai Life Sciences Ltd,1.56,,Healthcare,,
TRUSTMF Small Cap Fund,Aditya Infotech Ltd,1.56,,Industrials,,
HDFC Mid Cap Fund,Dabur India Ltd,1.56,,Consumer Defensive,36.90369,6.36814
Canara Robeco Mid Cap Fund,Solar Industries India Ltd,1.56,,Basic Materials,99.0099,26.524855
Mahindra Manulife Flexi Cap Fund,Trent Ltd,1.56,,Consumer Cyclical,96.15015,22.879957
Bandhan Midcap Fund,Trent Ltd,1.56,,Consumer Cyclical,96.15015,22.879957
Union Flexi Cap Fund,Torrent Pharmaceuticals Ltd,1.56,,Healthcare,78.29249,19.85032
Mahindra Manulife Small Cap Fund,Anthem Biosciences Ltd,1.56,,Healthcare,83.34985,15.526631
SBI Midcap Fund,Schaeffler India Ltd,1.56,,Consumer Cyclical,,
HSBC Midcap Fund,Thyrocare Technologies Ltd,1.56,,Healthcare,,
NJ Flexi Cap Fund,Colgate-Palmolive (India) Ltd,1.56,,Consumer Defensive,41.325695,34.725204
Mahindra Manulife Large Cap Fund,Havells India Ltd,1.56,,Industrials,54.349113,9.294542
HDFC Flexi Cap Fund,Max Healthcare Institute Ltd Ordinary Shares,1.56,,Healthcare,,
Union Midcap Fund,Billionbrains Garage Ventures Ltd,1.56,,Financial Services,,
Motilal Oswal Large Cap Fund,ICICI Prudential Asset Management Co Ltd,1.56,,Financial Services,,
WhiteOak Capital Flexi Cap Fund,Titan Co Ltd,1.56,,Consumer Cyclical,,
ICICI Pru Large Cap Fund,Kotak Mahindra Bank Ltd,1.56,,Financial Services,19.154411,2.1446095
Quant Flexi Cap Fund,Tech Mahindra Ltd,1.55,,Technology,31.637583,5.315708
Bank of India Large Cap Fund,Stylam Industries Ltd,1.55,,Consumer Cyclical,,
DSP Midcap Fund,APL Apollo Tubes Ltd,1.55,,Basic Materials,44.44946,10.328954
ITI Flexi Cap Fund,Cemindia Projects Ltd,1.55,,Industrials,,
Bank of India Flexi Cap Fund,Coromandel International Ltd,1.55,,Basic Materials,33.319637,4.850019
Invesco India Smallcap Fund,Dr Agarwal’s Health Care Ltd,1.55,,Healthcare,,
ITI Large Cap Fund,Apollo Hospitals Enterprise Ltd,1.55,,Healthcare,,
Motilal Oswal Flexi Cap Fund,ICICI Prudential Asset Management Co Ltd,1.55,,Financial Services,,
Tata Small Cap Fund,Kirloskar Ferrous Industries Ltd,1.55,,Industrials,,
LIC MF Large Cap Fund,Shriram Finance Ltd,1.55,,Financial Services,,
Bank of India Flexi Cap Fund,Krishna Institute of Medical Sciences Ltd,1.55,,Healthcare,,
Canara Robeco Large Cap Fund,Max Healthcare Institute Ltd Ordinary Shares,1.55,,Healthcare,,
ITI Small Cap Fund,Navin Fluorine International Ltd,1.55,,Basic Materials,,
Navi Flexi Cap Fund,Redington Ltd,1.55,,Technology,,
PGIM India Midcap Fund,Solar Industries India Ltd,1.55,,Basic Materials,99.0099,26.524855
Bajaj Finserv Flexi Cap Fund,Blue Star Ltd,1.55,,Industrials,62.967583,10.043221
Edelweiss Flexi Cap Fund,Bajaj Finance Ltd,1.55,,Financial Services,,
JM Large Cap Fund,Britannia Industries Ltd,1.55,,Consumer Defensive,52.356518,25.98983
Baroda BNP Paribas Small Cap Fund,Zydus Wellness Ltd,1.55,,Consumer Defensive,90.126686,2.9742959
Mahindra Manulife Flexi Cap Fund,Sun Pharmaceuticals Industries Ltd,1.55,,Healthcare,,
HDFC Mid Cap Fund,Jindal Steel Ltd,1.55,,Basic Materials,,
Shriram Flexi Cap Fund,R R Kabel Ltd,1.55,,Industrials,,
Tata Mid Cap Fund,Billionbrains Garage Ventures Ltd,1.55,,Financial Services,,
Motilal Oswal Small Cap Fund,Triveni Turbine Ltd,1.55,,Industrials,57.806538,13.972252
PGIM India Midcap Fund,CG Power & Industrial Solutions Ltd,1.55,,Industrials,,
TRUSTMF Flexi Cap Fund,Laurus Labs Ltd,1.55,,Healthcare,,
Mirae Asset Midcap Fund,Container Corporation of India Ltd,1.55,,Industrials,,
WhiteOak Capital Mid Cap Fund,Info Edge (India) Ltd,1.55,,Communication Services,54.93524,2.101429
Bank of India Flexi Cap Fund,Vedanta Aluminium Metal Ltd,1.54,,Basic Materials,,
HSBC Flexi Cap Fund,Tata Steel Ltd,1.54,,Basic Materials,34.495415,2.4665117
WhiteOak Capital Flexi Cap Fund,Nexus Select Trust Reits,1.54,,Real Estate,,
ITI Mid Cap Fund,Treps 01-Jul-2026,1.54,,,,
Taurus Flexi Cap Fund,Insolation Energy Ltd,1.54,,Technology,,
Mahindra Manulife Small Cap Fund,Net Receivables / (Payables),1.54,,,,
TRUSTMF Small Cap Fund,Honasa Consumer Ltd,1.54,,Consumer Defensive,,
Quantum Small Cap Fund,HDFC Bank Ltd,1.54,,Financial Services,16.051823,1.856211
HSBC Small Cap Fund,Ather Energy Ltd,1.54,,Consumer Cyclical,,
HDFC Mid Cap Fund,Union Bank of India,1.54,,Financial Services,6.789941,1.0045413
Franklin India Large Cap Fund,Torrent Pharmaceuticals Ltd,1.54,,Healthcare,78.29249,19.85032
ICICI Pru Large Cap Fund,InterGlobe Aviation Ltd,1.54,,Industrials,23.408157,29.576513
Bandhan Midcap Fund,UNO Minda Ltd,1.54,,Consumer Cyclical,,
Edelweiss Mid Cap Fund,Indian Bank,1.54,,Financial Services,9.372036,1.4279683
Bank of India Large Cap Fund,Solar Industries India Ltd,1.54,,Basic Materials,99.0099,26.524855
DSP Small Cap Fund,Prudent Corporate Advisory Services Ltd,1.54,,Financial Services,,
Bajaj Finserv Flexi Cap Fund,Angel One Ltd Ordinary Shares,1.54,,Financial Services,,
Tata Mid Cap Fund,Adani Ports & Special Economic Zone Ltd,1.54,,Industrials,,
ITI Mid Cap Fund,IndusInd Bank Ltd,1.54,,Financial Services,60.223267,1.2141788
TRUSTMF Flexi Cap Fund,Neuland Laboratories Ltd,1.54,,Healthcare,75.7588,15.6353445
Tata Flexi Cap Fund,Tata Consultancy Services Ltd,1.54,,Technology,17.2117,8.097646
UTI-Mid Cap Fund,Blue Star Ltd,1.54,,Industrials,62.967583,10.043221
SBI Midcap Fund,Star Health and Allied Insurance Co Ltd,1.54,,Financial Services,,
Tata Mid Cap Fund,JSW Infrastructure Ltd,1.54,,Industrials,46.310345,6.4361844
Quant Small Cap Fund,Zydus Wellness Ltd,1.54,,Consumer Defensive,90.126686,2.9742959
Tata Flexi Cap Fund,Orient Electric Ltd Ordinary Shares,1.54,,Consumer Cyclical,,
Franklin India Flexi Cap Fund,Trent Ltd,1.54,,Consumer Cyclical,96.15015,22.879957
PGIM India Midcap Fund,SRF Ltd,1.54,,Industrials,35.841557,5.5199285
Mirae Asset Flexi Cap Fund,Treps,1.54,,,,
Franklin India Flexi Cap Fund,Britannia Industries Ltd,1.54,,Consumer Defensive,52.356518,25.98983
Mahindra Manulife Flexi Cap Fund,TVS Motor Co Ltd,1.53,,Consumer Cyclical,61.730606,63.15901
Sundaram Mid Cap Fund,PB Fintech Ltd,1.53,,Financial Services,,
Tata Flexi Cap Fund,Godrej Consumer Products Ltd,1.53,,Consumer Defensive,58.899498,8.822688
Motilal Oswal Small Cap Fund,Chalet Hotels Ltd,1.53,,Consumer Cyclical,,
JM Large Cap Fund,Hindalco Industries Ltd,1.53,,Basic Materials,14.367457,1.7221315
Bank of India Small Cap Fund,Apar Industries Ltd,1.53,,Industrials,56.81733,12.386799
Baroda BNP Paribas Small Cap Fund,Hitachi Energy India Ltd Ordinary Shares,1.53,,Industrials,,
Mirae Asset Flexi Cap Fund,Infosys Ltd,1.53,,Technology,,
Edelweiss Flexi Cap Fund,Multi Commodity Exchange of India Ltd,1.53,,Financial Services,,
HDFC Mid Cap Fund,PB Fintech Ltd,1.53,,Financial Services,,
Mirae Asset Flexi Cap Fund,Billionbrains Garage Ventures Ltd,1.53,,Financial Services,,
Navi Flexi Cap Fund,InterGlobe Aviation Ltd,1.53,,Industrials,23.408157,29.576513
Aditya Birla SL Flexi Cap Fund,Mahindra & Mahindra Ltd,1.53,,Consumer Cyclical,21.322454,4.203955
AXIS Flexi Cap Fund,Indian Hotels Co Ltd,1.53,,Consumer Cyclical,48.539177,7.9719944
Sundaram Mid Cap Fund,Gland Pharma Ltd,1.53,,Healthcare,,
JM Midcap Fund,Bharat Heavy Electricals Ltd,1.53,,Industrials,58.142857,5.4202347
ITI Mid Cap Fund,Bharat Heavy Electricals Ltd,1.53,,Industrials,58.142857,5.4202347
Baroda BNP Paribas Mid Cap Fund,ZF Commercial Vehicle Control Systems India Ltd,1.53,,Consumer Cyclical,,
Invesco India Smallcap Fund,Ceat Ltd,1.53,,Consumer Cyclical,27.161146,3.2932618
Baroda BNP Paribas Mid Cap Fund,Sagility Ltd,1.53,,Healthcare,,
HDFC Flexi Cap Fund,JSW Steel Ltd,1.53,,Basic Materials,12.760185,3.15554
Bank of India Large Cap Fund,HDFC Asset Management Co Ltd,1.53,,Financial Services,,
Union Largecap Fund,CG Power & Industrial Solutions Ltd,1.53,,Industrials,,
Franklin India Flexi Cap Fund,Cipla Ltd,1.53,,Healthcare,35.08629,3.4341109
Motilal Oswal Large Cap Fund,Power Grid Corp Of India Ltd,1.53,,Utilities,,
Franklin India Mid Cap Fund,Suzlon Energy Ltd,1.53,,Industrials,21.004366,6.762266
Edelweiss Mid Cap Fund,JSW Energy Ltd,1.53,,Utilities,44.45055,3.234078
Nippon India Flexi Cap Fund,Maruti Suzuki India Ltd,1.53,,Consumer Cyclical,30.770073,4.1185155
SBI Midcap Fund,Indus Towers Ltd Ordinary Shares,1.53,,Communication Services,,
Nippon India Growth Mid Cap Fund,One97 Communications Ltd,1.53,,Technology,,
Union Midcap Fund,UNO Minda Ltd,1.53,,Consumer Cyclical,,
Motilal Oswal Small Cap Fund,JM Financial Ltd,1.52,,Financial Services,10.720304,1.1836108
SBI Midcap Fund,JSW Steel Ltd,1.52,,Basic Materials,12.760185,3.15554
SBI Small Cap Fund,Balrampur Chini Mills Ltd,1.52,,Consumer Defensive,34.129852,3.0919306
Tata Large Cap Fund,Bharat Heavy Electricals Ltd,1.52,,Industrials,58.142857,5.4202347
Invesco India Largecap Fund,UltraTech Cement Ltd,1.52,,Basic Materials,41.494347,4.6217
Franklin India Mid Cap Fund,Kalyan Jewellers India Ltd,1.52,,Consumer Cyclical,,
Quantum Small Cap Fund,Genus Power Infrastructures Ltd,1.52,,Industrials,,
Mirae Asset Midcap Fund,Ceat Ltd,1.52,,Consumer Cyclical,27.161146,3.2932618
Tata Mid Cap Fund,Sona BLW Precision Forgings Ltd,1.52,,Consumer Cyclical,,
SBI Midcap Fund,JSW Energy Ltd,1.52,,Utilities,44.45055,3.234078
ITI Large Cap Fund,IIFL Finance Ltd,1.52,,Financial Services,,
ITI Small Cap Fund,Shaily Engineering Plastics Ltd,1.52,,Basic Materials,,
Aditya Birla SL Large Cap Fund,Shriram Finance Ltd,1.52,,Financial Services,,
Edelweiss Mid Cap Fund,Max Healthcare Institute Ltd Ordinary Shares,1.52,,Healthcare,,
Canara Robeco Mid Cap Fund,InterGlobe Aviation Ltd,1.52,,Industrials,23.408157,29.576513
Union Flexi Cap Fund,ZF Commercial Vehicle Control Systems India Ltd,1.52,,Consumer Cyclical,,
ITI Flexi Cap Fund,Multi Commodity Exchange of India Ltd,1.52,,Financial Services,,
Invesco India Smallcap Fund,Delhivery Ltd,1.52,,Industrials,,
Bajaj Finserv Flexi Cap Fund,Kajaria Ceramics Ltd,1.52,,Industrials,34.01224,6.063991
Edelweiss Large Cap Fund,Anthem Biosciences Ltd,1.52,,Healthcare,83.34985,15.526631
Baroda BNP Paribas Mid Cap Fund,Sundaram Finance Ltd,1.52,,Financial Services,22.8837,3.4346478
Mahindra Manulife Large Cap Fund,Eicher Motors Ltd,1.52,,Consumer Cyclical,37.87843,8.764883
Mahindra Manulife Large Cap Fund,Titan Co Ltd,1.51,,Consumer Cyclical,,
Taurus Flexi Cap Fund,HCL Technologies Ltd,1.51,,Technology,21.097977,4.9742002
Mirae Asset Flexi Cap Fund,Adani Ports & Special Economic Zone Ltd,1.51,,Industrials,,
Tata Mid Cap Fund,Oberoi Realty Ltd,1.51,,Real Estate,24.57135,3.6052597
Franklin India Large Cap Fund,HDFC Life Insurance Co Ltd,1.51,,Financial Services,,
Bank of India Large Cap Fund,Samvardhana Motherson International Ltd,1.51,,Consumer Cyclical,,
Mahindra Manulife Large Cap Fund,Tata Motors Passenger Vehicles Ltd,1.51,,Consumer Cyclical,,
Invesco India Flexi Cap Fund,Phoenix Mills Ltd,1.51,,Real Estate,51.817932,6.168099
Nippon India Large Cap Fund,Trent Ltd,1.51,,Consumer Cyclical,96.15015,22.879957
Baroda BNP Paribas Large Cap Fund,Bosch Ltd,1.51,,Consumer Cyclical,46.152832,8.837203
SBI Small Cap Fund,Finolex Industries Ltd,1.51,,Industrials,16.525627,1.6340868
Invesco India Largecap Fund,Bank of Baroda,1.51,,Financial Services,7.138383,0.7690585
Canara Robeco Small Cap Fund,Global Health Ltd,1.51,,Healthcare,,
ITI Large Cap Fund,Sanghvi Movers Ltd,1.51,,Industrials,21.18872,3.224912
Tata Flexi Cap Fund,Syngene International Ltd,1.51,,Healthcare,73.00181,3.352851
WhiteOak Capital Flexi Cap Fund,State Bank of India,1.51,,Financial Services,12.03334,1.698928
TRUSTMF Small Cap Fund,SJS Enterprises Ltd,1.51,,Consumer Cyclical,,
LIC MF Large Cap Fund,Pidilite Industries Ltd,1.51,,Basic Materials,64.94523,15.596959
HSBC Small Cap Fund,Motilal Oswal Financial Services Ltd,1.51,,Financial Services,,
LIC MF Small Cap Fund,ZF Commercial Vehicle Control Systems India Ltd,1.51,,Consumer Cyclical,,
DSP Midcap Fund,PB Fintech Ltd,1.51,,Financial Services,,
LIC MF Large Cap Fund,Indian Hotels Co Ltd,1.51,,Consumer Cyclical,48.539177,7.9719944
Mirae Asset Large Cap Fund,Britannia Industries Ltd,1.51,,Consumer Defensive,52.356518,25.98983
Nippon India Flexi Cap Fund,Bharat Heavy Electricals Ltd,1.51,,Industrials,58.142857,5.4202347
Kotak Large Cap Fund,Eternal Ltd,1.51,,Consumer Cyclical,,
LIC MF Large Cap Fund,Jindal Stainless Ltd,1.51,,Basic Materials,18.65668,13.449393
Mirae Asset Midcap Fund,PI Industries Ltd,1.51,,Basic Materials,31.848026,3.7480412
Edelweiss Small Cap Fund,APL Apollo Tubes Ltd,1.51,,Basic Materials,44.44946,10.328954
Aditya Birla SL Flexi Cap Fund,Grasim Industries Ltd,1.51,,Basic Materials,45.452057,2.1782508
Aditya Birla SL Flexi Cap Fund,Lenskart Solutions Ltd,1.51,,Healthcare,195.7732,11.320417
Edelweiss Large Cap Fund,Tata Consultancy Services Ltd,1.51,,Technology,17.2117,8.097646
PGIM India Midcap Fund,GE Vernova T&D India Ltd,1.5,,Industrials,84.030495,40.910908
LIC MF Midcap Fund,Coromandel International Ltd,1.5,,Basic Materials,33.319637,4.850019
Motilal Oswal Large Cap Fund,Cholamandalam Financial Holdings Ltd,1.5,,Financial Services,,
Mirae Asset Midcap Fund,Lenskart Solutions Ltd,1.5,,Healthcare,195.7732,11.320417
Bank of India Large Cap Fund,Treps,1.5,,,,
PGIM India Midcap Fund,Eternal Ltd,1.5,,Consumer Cyclical,,
LIC MF Flexi Cap Fund,Pidilite Industries Ltd,1.5,,Basic Materials,64.94523,15.596959
Franklin India Large Cap Fund,Max Healthcare Institute Ltd Ordinary Shares,1.5,,Healthcare,,
LIC MF Midcap Fund,Alkem Laboratories Ltd,1.5,,Healthcare,29.153913,4.8621597
ITI Flexi Cap Fund,Navin Fluorine International Ltd,1.5,,Basic Materials,,
HSBC Flexi Cap Fund,PNB Housing Finance Ltd,1.5,,Financial Services,,
Tata Small Cap Fund,Shoppers Stop Ltd,1.5,,Consumer Cyclical,50.389217,15.921217
Quantum Small Cap Fund,AAVAS Financiers Ltd,1.5,,Financial Services,,
Navi Flexi Cap Fund,Lumax Industries Ltd,1.5,,Consumer Cyclical,31.347767,5.900506
Nippon India Growth Mid Cap Fund,NTPC Green Energy Ltd,1.5,,Utilities,,
Edelweiss Flexi Cap Fund,Kotak Mahindra Bank Ltd,1.5,,Financial Services,19.154411,2.1446095
TRUSTMF Flexi Cap Fund,Fortis Healthcare Ltd,1.5,,Healthcare,69.465454,7.287105
Nippon India Flexi Cap Fund,Jindal Steel Ltd,1.5,,Basic Materials,,
SBI Small Cap Fund,Pine Labs Ltd,1.5,,Technology,,
Sundaram Mid Cap Fund,FSN E-Commerce Ventures Ltd,1.5,,Consumer Cyclical,,
Union Midcap Fund,Sai Life Sciences Ltd,1.5,,Healthcare,,
Bank of India Flexi Cap Fund,Britannia Industries Ltd,1.5,,Consumer Defensive,52.356518,25.98983
Shriram Flexi Cap Fund,KFin Technologies Ltd,1.5,,Technology,,
WhiteOak Capital Mid Cap Fund,Tube Investments of India Ltd Ordinary Shares,1.5,,Industrials,,
Canara Robeco Small Cap Fund,Equitas Small Finance Bank Ltd Ordinary Shares,1.5,,Financial Services,,
Invesco India Largecap Fund,Ather Energy Ltd,1.5,,Consumer Cyclical,,
Aditya Birla SL Flexi Cap Fund,Shriram Finance Ltd,1.5,,Financial Services,,
Baroda BNP Paribas Mid Cap Fund,NHPC Ltd,1.5,,Utilities,27.97091,1.8693043
UTI-Mid Cap Fund,JK Cement Ltd,1.5,,Basic Materials,,
Aditya Birla SL Flexi Cap Fund,GMR Airports Ltd,1.49,,Industrials,,
SBI Small Cap Fund,Elgi Equipments Ltd,1.49,,Industrials,43.30022,8.31144
Motilal Oswal Large Cap Fund,Coal India Ltd,1.49,,Energy,8.216264,2.1484375
HDFC Large Cap Fund,Vishal Mega Mart Ltd,1.49,,Consumer Cyclical,,
AXIS Flexi Cap Fund,Samvardhana Motherson International Ltd,1.49,,Consumer Cyclical,,
DSP Small Cap Fund,eClerx Services Ltd,1.49,,Technology,22.936602,6.389295
DSP Small Cap Fund,Swaraj Engines Ltd,1.49,,Consumer Cyclical,21.644823,8.947071
Taurus Mid Cap Fund,Voltas Ltd,1.49,,Consumer Cyclical,113.616264,6.6683273
Parag Parikh Flexi Cap Fund,Zydus Lifesciences Ltd,1.49,,Healthcare,22.221779,4.1353354
DSP Small Cap Fund,Harsha Engineers International Ltd,1.49,,Industrials,,
PGIM India Large Cap Fund,JSW Steel Ltd,1.49,,Basic Materials,12.760185,3.15554
Invesco India Flexi Cap Fund,Global Health Ltd,1.49,,Healthcare,,
ICICI Pru Large Cap Fund,Hero MotoCorp Ltd,1.49,,Consumer Cyclical,21.683006,5.4568286
SBI Midcap Fund,Colgate-Palmolive (India) Ltd,1.49,,Consumer Defensive,41.325695,34.725204
JM Midcap Fund,Hitachi Energy India Ltd Ordinary Shares,1.49,,Industrials,,
JM Large Cap Fund,Coforge Ltd,1.49,,Technology,,
Mahindra Manulife Flexi Cap Fund,Mankind Pharma Ltd,1.49,,Healthcare,,
Tata Large Cap Fund,Billionbrains Garage Ventures Ltd,1.49,,Financial Services,,
Aditya Birla SL Flexi Cap Fund,Jindal Steel Ltd,1.49,,Basic Materials,,
Baroda BNP Paribas Large Cap Fund,Punjab National Bank,1.49,,Financial Services,5.9734654,0.8438561
Baroda BNP Paribas Large Cap Fund,Eicher Motors Ltd,1.49,,Consumer Cyclical,37.87843,8.764883
Mirae Asset Large Cap Fund,Asian Paints Ltd,1.49,,Basic Materials,67.65291,13.316042
JM Large Cap Fund,Infosys Ltd,1.49,,Technology,,
Canara Robeco Small Cap Fund,Blue Star Ltd,1.49,,Industrials,62.967583,10.043221
Franklin India Large Cap Fund,State Bank of India,1.49,,Financial Services,12.03334,1.698928
DSP Flexi Cap Fund,SBI Life Insurance Co Ltd,1.49,,Financial Services,71.42033,9.250212
AXIS Flexi Cap Fund,Titan Co Ltd,1.49,,Consumer Cyclical,,
HSBC Small Cap Fund,Engineers India Ltd,1.49,,Industrials,19.576893,4.309897
Baroda BNP Paribas Mid Cap Fund,Coromandel International Ltd,1.48,,Basic Materials,33.319637,4.850019
Aditya Birla SL Flexi Cap Fund,Tech Mahindra Ltd,1.48,,Technology,31.637583,5.315708
Edelweiss Small Cap Fund,Ipca Laboratories Ltd,1.48,,Healthcare,38.607655,5.4611874
Canara Robeco Small Cap Fund,Cera Sanitaryware Ltd,1.48,,Industrials,40.0,5.310254
LIC MF Large Cap Fund,Divi's Laboratories Ltd,1.48,,Healthcare,85.46783,13.0643635
Kotak Large Cap Fund,Kotak Mahindra Bank Ltd,1.48,,Financial Services,19.154411,2.1446095
LIC MF Large Cap Fund,NTPC Ltd,1.48,,Utilities,10.470804,1.635282
Baroda BNP Paribas Mid Cap Fund,FSN E-Commerce Ventures Ltd,1.48,,Consumer Cyclical,,
JM Small Cap Fund,City Union Bank Ltd,1.48,,Financial Services,14.732452,1.988053
Bank of India Large Cap Fund,Power Grid Corp Of India Ltd,1.48,,Utilities,,
SBI Large Cap Fund,Treps,1.48,,,,
WhiteOak Capital Mid Cap Fund,Bank Nifty Index,1.48,,,,
Bandhan Midcap Fund,Eternal Ltd,1.48,,Consumer Cyclical,,
HSBC Small Cap Fund,Nippon Life India Asset Management Ltd Ordinary Shares,1.48,,Financial Services,,
Kotak Large Cap Fund,ITC Ltd,1.48,,Consumer Defensive,18.050472,4.9439254
LIC MF Small Cap Fund,Multi Commodity Exchange of India Ltd,1.48,,Financial Services,,
Mahindra Manulife Small Cap Fund,VA Tech Wabag Ltd,1.48,,Industrials,33.3339,4.749209
HDFC Mid Cap Fund,Delhivery Ltd,1.48,,Industrials,,
Invesco India Flexi Cap Fund,Billionbrains Garage Ventures Ltd,1.48,,Financial Services,,
LIC MF Midcap Fund,Mahindra & Mahindra Financial Services Ltd,1.48,,Financial Services,,
Canara Robeco Large Cap Fund,Varun Beverages Ltd,1.48,,Consumer Defensive,,
LIC MF Flexi Cap Fund,Marico Ltd,1.48,,Consumer Defensive,65.507576,27.663319
360 ONE FlexiCap Fund,State Bank of India,1.48,,Financial Services,12.03334,1.698928
Tata Mid Cap Fund,ZF Commercial Vehicle Control Systems India Ltd,1.48,,Consumer Cyclical,,
ITI Flexi Cap Fund,NTPC Ltd,1.48,,Utilities,10.470804,1.635282
Canara Robeco Large Cap Fund,Maruti Suzuki India Ltd,1.48,,Consumer Cyclical,30.770073,4.1185155
Franklin India Mid Cap Fund,Tata Steel Ltd,1.48,,Basic Materials,34.495415,2.4665117
Baroda BNP Paribas Large Cap Fund,Hindustan Unilever Ltd,1.48,,Consumer Defensive,46.515755,10.1043215
PGIM India Flexi Cap Fund,Max Healthcare Institute Ltd Ordinary Shares,1.48,,Healthcare,,
UTI-Large Cap Fund,Avenue Supermarts Ltd,1.48,,Consumer Defensive,,
Edelweiss Mid Cap Fund,NMDC Ltd,1.48,,Basic Materials,10.014152,2.1878703
Sundaram Mid Cap Fund,Bharat Electronics Ltd,1.48,,Industrials,47.852028,12.219276
Navi Flexi Cap Fund,Interarch Building Solutions Ltd,1.48,,Industrials,,
Taurus Flexi Cap Fund,Pace Digitek Ltd,1.48,,Technology,,
Mahindra Manulife Mid Cap Fund,Karur Vysya Bank Ltd,1.48,,Financial Services,11.819303,2.299122
Bank of India Flexi Cap Fund,Nuvama Wealth Management Ltd,1.48,,Financial Services,,
DSP Midcap Fund,Shriram Finance Ltd,1.47,,Financial Services,,
Bank of India Small Cap Fund,Net Receivables / (Payables),1.47,,,,
SBI Midcap Fund,Carborundum Universal Ltd,1.47,,Industrials,106.40155,5.35846
Mahindra Manulife Mid Cap Fund,Ceat Ltd,1.47,,Consumer Cyclical,27.161146,3.2932618
Edelweiss Mid Cap Fund,Cummins India Ltd,1.47,,Industrials,63.69292,17.746988
Parag Parikh Flexi Cap Fund,Cipla Ltd,1.47,,Healthcare,35.08629,3.4341109
Nippon India Growth Mid Cap Fund,Tube Investments of India Ltd Ordinary Shares,1.47,,Industrials,,
Quantum Small Cap Fund,Happiest Minds Technologies Ltd Ordinary Shares,1.47,,Technology,,
DSP Midcap Fund,Apar Industries Ltd,1.47,,Industrials,56.81733,12.386799
JM Large Cap Fund,Divi's Laboratories Ltd,1.47,,Healthcare,85.46783,13.0643635
Edelweiss Large Cap Fund,Solar Industries India Ltd,1.47,,Basic Materials,99.0099,26.524855
Baroda BNP Paribas Small Cap Fund,Aditya Birla Sun Life AMC Ltd,1.47,,Financial Services,,
Mahindra Manulife Flexi Cap Fund,Maruti Suzuki India Ltd,1.47,,Consumer Cyclical,30.770073,4.1185155
Canara Robeco Large Cap Fund,Cholamandalam Investment and Finance Co Ltd,1.47,,Financial Services,,
Taurus Flexi Cap Fund,Grasim Industries Ltd,1.47,,Basic Materials,45.452057,2.1782508
AXIS Midcap Fund,PB Fintech Ltd,1.47,,Financial Services,,
LIC MF Small Cap Fund,BEML Ltd,1.47,,Industrials,50.41009,5.320817
TRUSTMF Small Cap Fund,GNG Electronics Ltd,1.47,,Technology,,
Mirae Asset Flexi Cap Fund,SBI Life Insurance Co Ltd,1.47,,Financial Services,71.42033,9.250212
Tata Mid Cap Fund,Persistent Systems Ltd,1.47,,Technology,44.642857,10.92834
Franklin India Mid Cap Fund,JK Cement Ltd,1.47,,Basic Materials,,
DSP Flexi Cap Fund,Power Finance Corp Ltd,1.47,,Financial Services,5.31349,1.0419072
PGIM India Flexi Cap Fund,Divi's Laboratories Ltd,1.47,,Healthcare,85.46783,13.0643635
JM Flexicap Fund,Tech Mahindra Ltd,1.47,,Technology,31.637583,5.315708
Mahindra Manulife Large Cap Fund,Nestle India Ltd,1.47,,Consumer Defensive,90.96278,66.96817
Mirae Asset Midcap Fund,SRF Ltd,1.47,,Industrials,35.841557,5.5199285
Bandhan Small Cap Fund,PNB Housing Finance Ltd,1.47,,Financial Services,,
UTI-Flexi Cap Fund,Astral Ltd,1.47,,Industrials,,
Canara Robeco Mid Cap Fund,Max Healthcare Institute Ltd Ordinary Shares,1.47,,Healthcare,,
Shriram Flexi Cap Fund,Maruti Suzuki India Ltd,1.46,,Consumer Cyclical,30.770073,4.1185155
Mahindra Manulife Mid Cap Fund,Solar Industries India Ltd,1.46,,Basic Materials,99.0099,26.524855
Invesco India Smallcap Fund,Aether Industries Ltd,1.46,,Basic Materials,,
Canara Robeco Small Cap Fund,Sagility Ltd,1.46,,Healthcare,,
Helios Flexi Cap Fund,Motilal Oswal Financial Services Ltd,1.46,,Financial Services,,
Bandhan Large Cap Fund,ITC Ltd,1.46,,Consumer Defensive,18.050472,4.9439254
Nippon India Flexi Cap Fund,Hindustan Aeronautics Ltd Ordinary Shares,1.46,,Industrials,,
Nippon India Large Cap Fund,Tata Power Co Ltd,1.46,,Utilities,31.554724,3.080304
Union Midcap Fund,Ujjivan Small Finance Bank Ltd Ordinary Shares,1.46,,Financial Services,,
Kotak Midcap Fund,Swiggy Ltd,1.46,,Consumer Cyclical,,
JM Large Cap Fund,Eternal Ltd,1.46,,Consumer Cyclical,,
Franklin India Flexi Cap Fund,Grasim Industries Ltd,1.46,,Basic Materials,45.452057,2.1782508
JM Midcap Fund,Lupin Ltd,1.46,,Healthcare,25.007946,5.4900575
Shriram Flexi Cap Fund,Computer Age Management Services Ltd Ordinary Shares,1.46,,Technology,,
Tata Large Cap Fund,Adani Ports & Special Economic Zone Ltd,1.46,,Industrials,,
Motilal Oswal Large Cap Fund,Power Finance Corp Ltd,1.46,,Financial Services,5.31349,1.0419072
Mahindra Manulife Large Cap Fund,IndusInd Bank Ltd,1.46,,Financial Services,60.223267,1.2141788
Mahindra Manulife Mid Cap Fund,Minda Corp Ltd,1.46,,Consumer Cyclical,47.85478,6.43658
Mahindra Manulife Small Cap Fund,Karur Vysya Bank Ltd,1.46,,Financial Services,11.819303,2.299122
TRUSTMF Small Cap Fund,PNB Housing Finance Ltd,1.46,,Financial Services,,
Franklin India Mid Cap Fund,Poonawalla Fincorp Ltd,1.46,,Financial Services,51.287395,3.7482235
Motilal Oswal Large Cap Fund,Sun Pharmaceuticals Industries Ltd,1.46,,Healthcare,,
HDFC Mid Cap Fund,Mphasis Ltd,1.46,,Technology,24.812908,4.174768
Motilal Oswal Flexi Cap Fund,Muthoot Finance Ltd,1.46,,Financial Services,10.19353,2.9614034
ITI Small Cap Fund,Neuland Laboratories Ltd,1.46,,Healthcare,75.7588,15.6353445
Canara Robeco Mid Cap Fund,JK Cement Ltd,1.46,,Basic Materials,,
HDFC Large Cap Fund,IndusInd Bank Ltd,1.46,,Financial Services,60.223267,1.2141788
Canara Robeco Mid Cap Fund,Swiggy Ltd,1.46,,Consumer Cyclical,,
ITI Flexi Cap Fund,Wockhardt Ltd,1.46,,Healthcare,155.19968,7.174966
LIC MF Flexi Cap Fund,KEI Industries Ltd,1.46,,Industrials,53.76344,8.032405
Tata Mid Cap Fund,UPL Ltd,1.46,,Basic Materials,,
ITI Mid Cap Fund,Lloyds Metals & Energy Ltd,1.46,,Basic Materials,,
LIC MF Midcap Fund,Cholamandalam Financial Holdings Ltd,1.46,,Financial Services,,
AXIS Flexi Cap Fund,L&T Finance Ltd,1.46,,Financial Services,,
LIC MF Flexi Cap Fund,Tata Steel Ltd,1.46,,Basic Materials,34.495415,2.4665117
Baroda BNP Paribas Mid Cap Fund,Yes Bank Ltd,1.45,,Financial Services,19.07563,1.4123064
Quant Small Cap Fund,Sona BLW Precision Forgings Ltd,1.45,,Consumer Cyclical,,
Mirae Asset Flexi Cap Fund,Divi's Laboratories Ltd,1.45,,Healthcare,85.46783,13.0643635
Nippon India Growth Mid Cap Fund,Persistent Systems Ltd,1.45,,Technology,44.642857,10.92834
Edelweiss Flexi Cap Fund,Divi's Laboratories Ltd,1.45,,Healthcare,85.46783,13.0643635
ITI Flexi Cap Fund,Vedanta Aluminium Metal Ltd,1.45,,Basic Materials,,
ITI Flexi Cap Fund,Sai Life Sciences Ltd,1.45,,Healthcare,,
HSBC Small Cap Fund,BSE Ltd,1.45,,Financial Services,,
Union Midcap Fund,SRF Ltd,1.45,,Industrials,35.841557,5.5199285
Quantum Small Cap Fund,Lemon Tree Hotels Ltd,1.45,,Consumer Cyclical,38.54514,6.315281
JM Large Cap Fund,Polycab India Ltd,1.45,,Industrials,,
DSP Flexi Cap Fund,Avenue Supermarts Ltd,1.45,,Consumer Defensive,,
Union Small Cap Fund,360 One Wam Ltd Ordinary Shares,1.45,,Financial Services,,
TRUSTMF Small Cap Fund,Syrma SGS Technology Ltd,1.45,,Technology,73.51393,9.521932
TRUSTMF Small Cap Fund,Privi Speciality Chemicals Ltd,1.45,,Basic Materials,,
ITI Mid Cap Fund,Ather Energy Ltd,1.45,,Consumer Cyclical,,
ITI Mid Cap Fund,PB Fintech Ltd,1.45,,Financial Services,,
Bank of India Large Cap Fund,Vedanta Ltd,1.45,,Basic Materials,,
ITI Mid Cap Fund,Oracle Financial Services Software Ltd,1.45,,Technology,,
Invesco India Flexi Cap Fund,Ather Energy Ltd,1.45,,Consumer Cyclical,,
Kotak Large Cap Fund,Bharat Electronics Ltd,1.45,,Industrials,47.852028,12.219276
JM Small Cap Fund,Multi Commodity Exchange of India Ltd,1.45,,Financial Services,,
PGIM India Flexi Cap Fund,Power Grid Corp Of India Ltd,1.45,,Utilities,,
Mirae Asset Flexi Cap Fund,Lenskart Solutions Ltd,1.45,,Healthcare,195.7732,11.320417
Bandhan Large Cap Fund,Varun Beverages Ltd,1.45,,Consumer Defensive,,
PGIM India Large Cap Fund,Divi's Laboratories Ltd,1.45,,Healthcare,85.46783,13.0643635
SBI Small Cap Fund,Carborundum Universal Ltd,1.45,,Industrials,106.40155,5.35846
360 ONE FlexiCap Fund,PNB Housing Finance Ltd,1.45,,Financial Services,,
HSBC Midcap Fund,TD Power Systems Ltd,1.45,,Industrials,82.627785,18.378323
NJ Flexi Cap Fund,Emami Ltd,1.45,,Consumer Defensive,24.025671,6.1474614
Bank of India Flexi Cap Fund,Treps,1.45,,,,
TRUSTMF Flexi Cap Fund,Nippon Life India Asset Management Ltd Ordinary Shares,1.45,,Financial Services,,
Invesco India Smallcap Fund,JK Lakshmi Cement Ltd,1.45,,Basic Materials,18.972464,1.8051522
Canara Robeco Large Cap Fund,InterGlobe Aviation Ltd,1.45,,Industrials,23.408157,29.576513
HSBC Flexi Cap Fund,Wockhardt Ltd,1.45,,Healthcare,155.19968,7.174966
Aditya Birla SL Large Cap Fund,NTPC Ltd,1.44,,Utilities,10.470804,1.635282
JM Flexicap Fund,Samvardhana Motherson International Ltd,1.44,,Consumer Cyclical,,
HSBC Small Cap Fund,Craftsman Automation Ltd,1.44,,Consumer Cyclical,54.34704,7.6615663
TRUSTMF Small Cap Fund,Rubicon Research Ltd,1.44,,Healthcare,,
ITI Large Cap Fund,Net Receivables / (Payables),1.44,,,,
Helios Flexi Cap Fund,GMR Airports Ltd,1.44,,Industrials,,
Bandhan Midcap Fund,JK Cement Ltd,1.44,,Basic Materials,,
ITI Small Cap Fund,Sai Life Sciences Ltd,1.44,,Healthcare,,
LIC MF Midcap Fund,PI Industries Ltd,1.44,,Basic Materials,31.848026,3.7480412
WhiteOak Capital Large Cap Fund,Tech Mahindra Limited,1.44,,,28.248098,4.8892374
360 ONE FlexiCap Fund,Gravita India Ltd,1.44,,Industrials,31.947418,5.1421127
360 ONE FlexiCap Fund,PhysicsWallah Ltd,1.44,,Consumer Defensive,,
NJ Flexi Cap Fund,Bajaj Finance Ltd,1.44,,Financial Services,,
360 ONE FlexiCap Fund,JSW Infrastructure Ltd,1.44,,Industrials,46.310345,6.4361844
NJ Flexi Cap Fund,J.B. Chemicals & Pharmaceuticals Ltd,1.44,,Healthcare,,
Bank of India Small Cap Fund,ZF Commercial Vehicle Control Systems India Ltd,1.44,,Consumer Cyclical,,
Shriram Flexi Cap Fund,Adani Ports & Special Economic Zone Ltd,1.44,,Industrials,,
DSP Flexi Cap Fund,Infosys Ltd,1.44,,Technology,,
Tata Large Cap Fund,Nestle India Ltd,1.44,,Consumer Defensive,90.96278,66.96817
Franklin India Mid Cap Fund,Billionbrains Garage Ventures Ltd,1.44,,Financial Services,,
DSP Flexi Cap Fund,Hero MotoCorp Ltd,1.44,,Consumer Cyclical,21.683006,5.4568286
HSBC Small Cap Fund,Wockhardt Ltd,1.44,,Healthcare,155.19968,7.174966
HSBC Small Cap Fund,Welspun Living Ltd,1.44,,Consumer Cyclical,,
WhiteOak Capital Mid Cap Fund,Lenskart Solutions Ltd,1.44,,Healthcare,195.7732,11.320417
Baroda BNP Paribas Mid Cap Fund,GlaxoSmithKline Pharmaceuticals Ltd,1.44,,Healthcare,,
WhiteOak Capital Mid Cap Fund,360 One Wam Ltd Ordinary Shares,1.44,,Financial Services,,
Union Flexi Cap Fund,Bharat Heavy Electricals Ltd,1.44,,Industrials,58.142857,5.4202347
Union Flexi Cap Fund,LG Electronics India Ltd,1.44,,Technology,63.68928,14.048153
Tata Mid Cap Fund,Max Healthcare Institute Ltd Ordinary Shares,1.44,,Healthcare,,
HDFC Mid Cap Fund,Persistent Systems Ltd,1.44,,Technology,44.642857,10.92834
Tata Mid Cap Fund,Adani Energy Solutions Ltd,1.44,,Utilities,,
Shriram Flexi Cap Fund,Eternal Ltd,1.43,,Consumer Cyclical,,
LIC MF Small Cap Fund,SKF India (Industrial) Ltd,1.43,,Industrials,,
LIC MF Small Cap Fund,S.P. Apparels Ltd,1.43,,Consumer Cyclical,,
LIC MF Small Cap Fund,Brigade Enterprises Ltd,1.43,,Real Estate,29.064838,27.865442
Aditya Birla SL Flexi Cap Fund,CG Power & Industrial Solutions Ltd,1.43,,Industrials,,
ITI Mid Cap Fund,Sundaram Finance Ltd,1.43,,Financial Services,22.8837,3.4346478
Nippon India Growth Mid Cap Fund,Indus Towers Ltd Ordinary Shares,1.43,,Communication Services,,
HSBC Small Cap Fund,KEI Industries Ltd,1.43,,Industrials,53.76344,8.032405
Tata Small Cap Fund,Redington Ltd,1.43,,Technology,,
Edelweiss Mid Cap Fund,GE Vernova T&D India Ltd,1.43,,Industrials,84.030495,40.910908
HSBC Small Cap Fund,Happy Forgings Ltd,1.43,,Industrials,,
Bajaj Finserv Flexi Cap Fund,Max Financial Services Ltd,1.43,,Financial Services,,
Nippon India Growth Mid Cap Fund,Varun Beverages Ltd,1.43,,Consumer Defensive,,
Bank of India Flexi Cap Fund,Bharat Forge Ltd,1.43,,Consumer Cyclical,100.00883,11.304634
LIC MF Small Cap Fund,OneSource Specialty Pharma Ltd,1.43,,Healthcare,,
AXIS Midcap Fund,JK Cement Ltd,1.43,,Basic Materials,,
Bandhan Flexi Cap Fund,Oil & Natural Gas Corp Ltd,1.43,,Energy,,
Bank of India Flexi Cap Fund,Adani Power Ltd,1.43,,Utilities,28.167116,6.2067533
Sundaram Large Cap Fund,Jubilant Foodworks Ltd,1.43,,Consumer Cyclical,85.50088,13.959026
Mahindra Manulife Large Cap Fund,Pidilite Industries Ltd,1.43,,Basic Materials,64.94523,15.596959
Baroda BNP Paribas Mid Cap Fund,Max Financial Services Ltd,1.43,,Financial Services,,
Bandhan Midcap Fund,Krishna Institute of Medical Sciences Ltd,1.43,,Healthcare,,
Union Small Cap Fund,CarTrade Tech Ltd,1.43,,Consumer Cyclical,,
Baroda BNP Paribas Mid Cap Fund,Schaeffler India Ltd,1.43,,Consumer Cyclical,,
DSP Midcap Fund,Eternal Ltd,1.43,,Consumer Cyclical,,
360 ONE FlexiCap Fund,Divi's Laboratories Ltd,1.43,,Healthcare,85.46783,13.0643635
PGIM India Flexi Cap Fund,Tech Mahindra Ltd,1.43,,Technology,31.637583,5.315708
Mirae Asset Large Cap Fund,Apollo Hospitals Enterprise Ltd,1.43,,Healthcare,,
Sundaram Large Cap Fund,Sun Pharmaceuticals Industries Ltd,1.43,,Healthcare,,
LIC MF Midcap Fund,Arvind Fashions Ltd,1.43,,Consumer Cyclical,,
LIC MF Midcap Fund,Axis Bank Ltd,1.43,,Financial Services,13.927326,1.7253225
Bank of India Flexi Cap Fund,Bank of Baroda,1.43,,Financial Services,7.138383,0.7690585
Canara Robeco Small Cap Fund,Navin Fluorine International Ltd,1.43,,Basic Materials,,
Franklin India Mid Cap Fund,Equitas Small Finance Bank Ltd Ordinary Shares,1.42,,Financial Services,,
Edelweiss Mid Cap Fund,KEI Industries Ltd,1.42,,Industrials,53.76344,8.032405
Bank of India Large Cap Fund,Power Finance Corp Ltd,1.42,,Financial Services,5.31349,1.0419072
Union Midcap Fund,ZF Commercial Vehicle Control Systems India Ltd,1.42,,Consumer Cyclical,,
Nippon India Growth Mid Cap Fund,ICICI Lombard General Insurance Co Ltd,1.42,,Financial Services,,
Nippon India Growth Mid Cap Fund,Gland Pharma Ltd,1.42,,Healthcare,,
HSBC Midcap Fund,Bharat Heavy Electricals Ltd,1.42,,Industrials,58.142857,5.4202347
Canara Robeco Large Cap Fund,Indian Hotels Co Ltd,1.42,,Consumer Cyclical,48.539177,7.9719944
360 ONE FlexiCap Fund,Global Health Ltd,1.42,,Healthcare,,
Quantum Small Cap Fund,PVR INOX Ltd,1.42,,Communication Services,,
TRUSTMF Flexi Cap Fund,Sansera Engineering Ltd,1.42,,Consumer Cyclical,74.63396,7.787878
Mirae Asset Large Cap Fund,Eicher Motors Ltd,1.42,,Consumer Cyclical,37.87843,8.764883
SBI Small Cap Fund,Star Health and Allied Insurance Co Ltd,1.42,,Financial Services,,
Baroda BNP Paribas Flexi Cap Fund,Metropolis Healthcare Ltd,1.42,,Healthcare,57.82341,7.7167597
ITI Flexi Cap Fund,Treps 01-Jul-2026,1.42,,,,
SBI Small Cap Fund,Happy Forgings Ltd,1.42,,Industrials,,
HSBC Flexi Cap Fund,Jindal Steel Ltd,1.42,,Basic Materials,,
Baroda BNP Paribas Mid Cap Fund,Abbott India Ltd,1.42,,Healthcare,39.10034,14.718281
Baroda BNP Paribas Large Cap Fund,UltraTech Cement Ltd,1.42,,Basic Materials,41.494347,4.6217
JM Large Cap Fund,Trent Ltd,1.42,,Consumer Cyclical,96.15015,22.879957
JM Flexicap Fund,Ujjivan Small Finance Bank Ltd Ordinary Shares,1.42,,Financial Services,,
Union Midcap Fund,Endurance Technologies Ltd,1.42,,Consumer Cyclical,,
Tata Flexi Cap Fund,Infosys Ltd,1.42,,Technology,,
HDFC Flexi Cap Fund,Piramal Pharma Ltd,1.42,,Healthcare,,
Invesco India Smallcap Fund,AU Small Finance Bank Ltd,1.41,,Financial Services,28.249933,3.9927256
SBI Small Cap Fund,Sansera Engineering Ltd,1.41,,Consumer Cyclical,74.63396,7.787878
Bandhan Small Cap Fund,Cholamandalam Financial Holdings Ltd,1.41,,Financial Services,,
Baroda BNP Paribas Large Cap Fund,ITC Ltd,1.41,,Consumer Defensive,18.050472,4.9439254
LIC MF Midcap Fund,Surya Roshni Ltd,1.41,,Basic Materials,19.233995,2.0885231
Motilal Oswal Small Cap Fund,Deepak Fertilisers & Petrochemicals Corp Ltd,1.41,,Basic Materials,,
DSP Small Cap Fund,Navin Fluorine International Ltd,1.41,,Basic Materials,,
LIC MF Midcap Fund,Torrent Power Ltd,1.41,,Utilities,28.734314,3.5683436
AXIS Flexi Cap Fund,Navin Fluorine International Ltd,1.41,,Basic Materials,,
TRUSTMF Small Cap Fund,Sky Gold and Diamonds Ltd,1.41,,Consumer Cyclical,38.30671,9.299259
DSP Small Cap Fund,Suprajit Engineering Ltd,1.41,,Consumer Cyclical,39.203606,4.985239
Edelweiss Small Cap Fund,Vijaya Diagnostic Centre Ltd,1.41,,Healthcare,,
Union Midcap Fund,Jindal Steel Ltd,1.41,,Basic Materials,,
Franklin India Mid Cap Fund,Phoenix Mills Ltd,1.41,,Real Estate,51.817932,6.168099
Mirae Asset Flexi Cap Fund,Lupin Ltd,1.41,,Healthcare,25.007946,5.4900575
Bandhan Large Cap Fund,Titan Co Ltd,1.41,,Consumer Cyclical,,
SBI Large Cap Fund,Vedanta Aluminium Metal Ltd,1.41,,Basic Materials,,
Mahindra Manulife Flexi Cap Fund,Tata Capital Ltd,1.41,,Financial Services,,
Invesco India Flexi Cap Fund,Belrise Industries Ltd,1.41,,Consumer Cyclical,41.99831,4.0423107
PGIM India Midcap Fund,Multi Commodity Exchange of India Ltd,1.41,,Financial Services,,
Nippon India Growth Mid Cap Fund,Ashok Leyland Ltd,1.41,,Industrials,30.033842,7.320795
WhiteOak Capital Large Cap Fund,Hindalco Industries Ltd,1.41,,Basic Materials,14.367457,1.7221315
WhiteOak Capital Large Cap Fund,Bank Nifty Index,1.41,,,,
LIC MF Midcap Fund,Motilal Oswal Financial Services Ltd,1.41,,Financial Services,,
LIC MF Midcap Fund,Metro Brands Ltd,1.41,,Consumer Cyclical,,
WhiteOak Capital Mid Cap Fund,Berger Paints India Ltd,1.41,,Basic Materials,57.216827,9.844281
Mahindra Manulife Small Cap Fund,Asahi India Glass Ltd,1.41,,Consumer Cyclical,66.21134,5.825812
Franklin India Mid Cap Fund,Crompton Greaves Consumer Electricals Ltd,1.41,,Consumer Cyclical,,
SBI Midcap Fund,Sundaram Fasteners Ltd,1.41,,Consumer Cyclical,,
UTI-Mid Cap Fund,SRF Ltd,1.41,,Industrials,35.841557,5.5199285
Invesco India Smallcap Fund,Ethos Ltd,1.41,,Consumer Cyclical,,
HSBC Small Cap Fund,CCL Products (India) Ltd,1.41,,Consumer Defensive,40.142097,7.670013
UTI-Mid Cap Fund,Voltamp Transformers Ltd,1.41,,Industrials,31.847237,6.1297164
Tata Flexi Cap Fund,Indus Towers Ltd Ordinary Shares,1.41,,Communication Services,,
Sundaram Mid Cap Fund,TVS Holdings Ltd,1.41,,Consumer Cyclical,,
Bajaj Finserv Flexi Cap Fund,Vedanta Aluminium Metal Ltd,1.41,,Basic Materials,,
ITI Mid Cap Fund,One97 Communications Ltd,1.41,,Technology,,
Navi Flexi Cap Fund,Aditya Birla Sun Life AMC Ltd,1.4,,Financial Services,,
Union Largecap Fund,Max Financial Services Ltd,1.4,,Financial Services,,
PGIM India Midcap Fund,TVS Motor Co Ltd,1.4,,Consumer Cyclical,61.730606,63.15901
TRUSTMF Small Cap Fund,Nippon Life India Asset Management Ltd Ordinary Shares,1.4,,Financial Services,,
Franklin India Mid Cap Fund,Tata Communications Ltd,1.4,,Communication Services,52.915287,14.511902
Mahindra Manulife Mid Cap Fund,Indus Towers Ltd Ordinary Shares,1.4,,Communication Services,,
UTI-Flexi Cap Fund,Torrent Pharmaceuticals Ltd,1.4,,Healthcare,78.29249,19.85032
360 ONE FlexiCap Fund,Crompton Greaves Consumer Electricals Ltd,1.4,,Consumer Cyclical,,
Bank of India Large Cap Fund,Hindustan Unilever Ltd,1.4,,Consumer Defensive,46.515755,10.1043215
Baroda BNP Paribas Flexi Cap Fund,Persistent Systems Ltd,1.4,,Technology,44.642857,10.92834
ITI Large Cap Fund,Maruti Suzuki India Ltd,1.4,,Consumer Cyclical,30.770073,4.1185155
NJ Flexi Cap Fund,Havells India Ltd,1.4,,Industrials,54.349113,9.294542
ITI Mid Cap Fund,TVS Motor Co Ltd,1.4,,Consumer Cyclical,61.730606,63.15901
JM Midcap Fund,OneSource Specialty Pharma Ltd,1.4,,Healthcare,,
TRUSTMF Small Cap Fund,Gabriel India Ltd,1.4,,Consumer Cyclical,86.94493,15.764137
ITI Flexi Cap Fund,Linde India Ltd,1.4,,Basic Materials,,
Tata Large Cap Fund,Power Grid Corp Of India Ltd,1.4,,Utilities,,
Invesco India Smallcap Fund,ABB India Ltd,1.4,,Industrials,39.10034,14.718281
Kotak Large Cap Fund,Apollo Hospitals Enterprise Ltd,1.4,,Healthcare,,
AXIS Flexi Cap Fund,Torrent Power Ltd,1.4,,Utilities,28.734314,3.5683436
HSBC Flexi Cap Fund,Cholamandalam Investment and Finance Co Ltd,1.4,,Financial Services,,
Mirae Asset Midcap Fund,BSE Ltd,1.4,,Financial Services,,
WhiteOak Capital Mid Cap Fund,Muthoot Finance Ltd,1.4,,Financial Services,10.19353,2.9614034
Baroda BNP Paribas Small Cap Fund,Inventurus Knowledge Solutions Ltd,1.4,,Healthcare,,
Mahindra Manulife Large Cap Fund,HDFC Life Insurance Co Ltd,1.4,,Financial Services,,
Baroda BNP Paribas Mid Cap Fund,Linde India Ltd,1.4,,Basic Materials,,
Mahindra Manulife Large Cap Fund,Shriram Finance Ltd,1.4,,Financial Services,,
LIC MF Small Cap Fund,Shakti Pumps (India) Ltd,1.4,,Industrials,30.11662,3.7369044
Bandhan Midcap Fund,Navin Fluorine International Ltd,1.4,,Basic Materials,,
Navi Flexi Cap Fund,Action Construction Equipment Ltd,1.4,,Industrials,,
PGIM India Midcap Fund,Coromandel International Ltd,1.4,,Basic Materials,33.319637,4.850019
Mahindra Manulife Mid Cap Fund,360 One Wam Ltd Ordinary Shares,1.4,,Financial Services,,
Motilal Oswal Small Cap Fund,DCB Bank Ltd,1.4,,Financial Services,,
Helios Flexi Cap Fund,NBCC India Ltd,1.4,,Industrials,,
DSP Midcap Fund,Indus Towers Ltd Ordinary Shares,1.4,,Communication Services,,
HSBC Flexi Cap Fund,Page Industries Ltd,1.4,,Consumer Cyclical,58.260082,29.617994
PGIM India Flexi Cap Fund,AU Small Finance Bank Ltd,1.4,,Financial Services,28.249933,3.9927256
HSBC Small Cap Fund,Finolex Cables Ltd,1.39,,Industrials,21.978765,2.5757465
Invesco India Flexi Cap Fund,Hindustan Aeronautics Ltd Ordinary Shares,1.39,,Industrials,,
Invesco India Flexi Cap Fund,Apollo Hospitals Enterprise Ltd,1.39,,Healthcare,,
Mirae Asset Flexi Cap Fund,JSW Energy Ltd,1.39,,Utilities,44.45055,3.234078
Canara Robeco Small Cap Fund,Indian Hotels Co Ltd,1.39,,Consumer Cyclical,48.539177,7.9719944
HDFC Large Cap Fund,Tata Consumer Products Ltd,1.39,,Consumer Defensive,,
Mirae Asset Flexi Cap Fund,Phoenix Mills Ltd,1.39,,Real Estate,51.817932,6.168099
Union Midcap Fund,Axis Bank Ltd,1.39,,Financial Services,13.927326,1.7253225
DSP Midcap Fund,UNO Minda Ltd,1.39,,Consumer Cyclical,,
UTI-Mid Cap Fund,Marico Ltd,1.39,,Consumer Defensive,65.507576,27.663319
HSBC Midcap Fund,Syngene International Ltd,1.39,,Healthcare,73.00181,3.352851
Helios Flexi Cap Fund,PNB Housing Finance Ltd,1.39,,Financial Services,,
Edelweiss Mid Cap Fund,UNO Minda Ltd,1.39,,Consumer Cyclical,,
Baroda BNP Paribas Large Cap Fund,Titan Co Ltd,1.39,,Consumer Cyclical,,
Motilal Oswal Flexi Cap Fund,Acutaas Chemicals Ltd,1.39,,Basic Materials,,
ITI Mid Cap Fund,Bharat Forge Ltd,1.39,,Consumer Cyclical,100.00883,11.304634
Canara Robeco Mid Cap Fund,Torrent Power Ltd,1.39,,Utilities,28.734314,3.5683436
SBI Midcap Fund,Solar Industries India Ltd,1.39,,Basic Materials,99.0099,26.524855
Baroda BNP Paribas Small Cap Fund,Finolex Cables Ltd,1.39,,Industrials,21.978765,2.5757465
Edelweiss Small Cap Fund,The Federal Bank Ltd,1.39,,Financial Services,,
SBI Large Cap Fund,Eternal Ltd,1.39,,Consumer Cyclical,,
Edelweiss Flexi Cap Fund,Karur Vysya Bank Ltd,1.39,,Financial Services,11.819303,2.299122
PGIM India Large Cap Fund,Max Healthcare Institute Ltd Ordinary Shares,1.38,,Healthcare,,
Motilal Oswal Large Cap Fund,Titan Co Ltd,1.38,,Consumer Cyclical,,
Taurus Mid Cap Fund,Astral Ltd,1.38,,Industrials,,
Bandhan Midcap Fund,Schaeffler India Ltd,1.38,,Consumer Cyclical,,
Bandhan Midcap Fund,Phoenix Mills Ltd,1.38,,Real Estate,51.817932,6.168099
Bandhan Large Cap Fund,Hindustan Unilever Ltd,1.38,,Consumer Defensive,46.515755,10.1043215
HSBC Flexi Cap Fund,NTPC Ltd,1.38,,Utilities,10.470804,1.635282
JM Flexicap Fund,Schneider Electric Infrastructure Ltd,1.38,,Industrials,,
Tata Flexi Cap Fund,SBI Cards and Payment Services Ltd Ordinary Shares,1.38,,Financial Services,,
LIC MF Large Cap Fund,Persistent Systems Ltd,1.38,,Technology,44.642857,10.92834
Mirae Asset Midcap Fund,3M India Ltd,1.38,,Industrials,77.51976,22.932638
JM Small Cap Fund,CarTrade Tech Ltd,1.38,,Consumer Cyclical,,
Sundaram Mid Cap Fund,Sona BLW Precision Forgings Ltd,1.38,,Consumer Cyclical,,
LIC MF Small Cap Fund,Oracle Financial Services Software Ltd,1.38,,Technology,,
JM Flexicap Fund,Star Health and Allied Insurance Co Ltd,1.38,,Financial Services,,
Nippon India Growth Mid Cap Fund,Cummins India Ltd,1.38,,Industrials,63.69292,17.746988
Baroda BNP Paribas Mid Cap Fund,Persistent Systems Ltd,1.38,,Technology,44.642857,10.92834
Bandhan Flexi Cap Fund,Cipla Ltd,1.38,,Healthcare,35.08629,3.4341109
WhiteOak Capital Mid Cap Fund,Alkem Laboratories Ltd,1.38,,Healthcare,29.153913,4.8621597
WhiteOak Capital Mid Cap Fund,Oil India Ltd,1.38,,Energy,10.88228,1.2416646
Franklin India Mid Cap Fund,Oberoi Realty Ltd,1.38,,Real Estate,24.57135,3.6052597
SBI Midcap Fund,Anthem Biosciences Ltd,1.38,,Healthcare,83.34985,15.526631
SBI Midcap Fund,PI Industries Ltd,1.38,,Basic Materials,31.848026,3.7480412
UTI-Large Cap Fund,State Bank of India,1.38,,Financial Services,12.03334,1.698928
Edelweiss Small Cap Fund,V-Mart Retail Ltd,1.38,,Consumer Cyclical,46.306488,6.6772213
Bank of India Large Cap Fund,Britannia Industries Ltd,1.38,,Consumer Defensive,52.356518,25.98983
JM Large Cap Fund,Cummins India Ltd,1.38,,Industrials,63.69292,17.746988
JM Midcap Fund,AU Small Finance Bank Ltd,1.38,,Financial Services,28.249933,3.9927256
Union Small Cap Fund,Vijaya Diagnostic Centre Ltd,1.38,,Healthcare,,
Invesco India Midcap Fund,Phoenix Mills Ltd,1.37,,Real Estate,51.817932,6.168099
AXIS Midcap Fund,UNO Minda Ltd,1.37,,Consumer Cyclical,,
Franklin India Mid Cap Fund,PB Fintech Ltd,1.37,,Financial Services,,
HSBC Small Cap Fund,Time Technoplast Ltd,1.37,,Consumer Cyclical,18.147034,2.474516
Aditya Birla SL Flexi Cap Fund,Apollo Hospitals Enterprise Ltd,1.37,,Healthcare,,
LIC MF Small Cap Fund,Vidya Wires Ltd,1.37,,Industrials,,
Baroda BNP Paribas Small Cap Fund,eClerx Services Ltd,1.37,,Technology,22.936602,6.389295
JM Flexicap Fund,NTPC Ltd,1.37,,Utilities,10.470804,1.635282
LIC MF Small Cap Fund,Piramal Pharma Ltd,1.37,,Healthcare,,
Shriram Flexi Cap Fund,Tata Consultancy Services Ltd,1.37,,Technology,17.2117,8.097646
DSP Small Cap Fund,Voltamp Transformers Ltd,1.37,,Industrials,31.847237,6.1297164
Tata Large Cap Fund,Hindustan Zinc Ltd,1.37,,Basic Materials,21.51808,18.537941
Quantum Small Cap Fund,ICICI Prudential Life Insurance Co Ltd,1.37,,Financial Services,,
JM Large Cap Fund,NTPC Ltd,1.37,,Utilities,10.470804,1.635282
WhiteOak Capital Mid Cap Fund,National Aluminium Co Ltd,1.37,,Basic Materials,11.390134,3.2384465
Invesco India Smallcap Fund,IndusInd Bank Ltd,1.37,,Financial Services,60.223267,1.2141788
DSP Midcap Fund,Hindustan Petroleum Corp Ltd,1.37,,Energy,,
Aditya Birla SL Large Cap Fund,Trent Ltd,1.37,,Consumer Cyclical,96.15015,22.879957
UTI-Mid Cap Fund,Info Edge (India) Ltd,1.37,,Communication Services,54.93524,2.101429
Invesco India Midcap Fund,Cholamandalam Financial Holdings Ltd,1.37,,Financial Services,,
ITI Large Cap Fund,Shakti Pumps (India) Ltd,1.37,,Industrials,30.11662,3.7369044
Franklin India Large Cap Fund,PB Fintech Ltd,1.37,,Financial Services,,
JM Midcap Fund,Waaree Energies Ltd,1.37,,Technology,,
LIC MF Large Cap Fund,Bharat Electronics Ltd,1.37,,Industrials,47.852028,12.219276
Tata Large Cap Fund,Solar Industries India Ltd,1.37,,Basic Materials,99.0099,26.524855
ITI Flexi Cap Fund,Varun Beverages Ltd,1.37,,Consumer Defensive,,
ITI Small Cap Fund,Sona BLW Precision Forgings Ltd,1.37,,Consumer Cyclical,,
Union Flexi Cap Fund,Varun Beverages Ltd,1.37,,Consumer Defensive,,
UTI-Large Cap Fund,HDFC Life Insurance Co Ltd,1.37,,Financial Services,,
Motilal Oswal Small Cap Fund,City Union Bank Ltd,1.37,,Financial Services,14.732452,1.988053
HDFC Mid Cap Fund,Bharat Forge Ltd,1.37,,Consumer Cyclical,100.00883,11.304634
Motilal Oswal Small Cap Fund,Eternal Ltd,1.37,,Consumer Cyclical,,
LIC MF Midcap Fund,Persistent Systems Ltd,1.37,,Technology,44.642857,10.92834
Mahindra Manulife Mid Cap Fund,NMDC Ltd,1.36,,Basic Materials,10.014152,2.1878703
Franklin India Flexi Cap Fund,UltraTech Cement Ltd,1.36,,Basic Materials,41.494347,4.6217
Franklin India Mid Cap Fund,Deepak Nitrite Ltd,1.36,,Basic Materials,31.248913,4.197999
JM Flexicap Fund,IDFC First Bank Ltd,1.36,,Financial Services,,
HSBC Flexi Cap Fund,Maruti Suzuki India Ltd,1.36,,Consumer Cyclical,30.770073,4.1185155
JM Flexicap Fund,LG Electronics India Ltd,1.36,,Technology,63.68928,14.048153
Navi Flexi Cap Fund,ITC Ltd,1.36,,Consumer Defensive,18.050472,4.9439254
Aditya Birla SL Flexi Cap Fund,Tata Consumer Products Ltd,1.36,,Consumer Defensive,,
Bank of India Small Cap Fund,Aequs Ltd,1.36,,Industrials,,
ICICI Pru Large Cap Fund,Tata Steel Ltd,1.36,,Basic Materials,34.495415,2.4665117
ITI Large Cap Fund,Varun Beverages Ltd,1.36,,Consumer Defensive,,
Canara Robeco Large Cap Fund,Divi's Laboratories Ltd,1.36,,Healthcare,85.46783,13.0643635
LIC MF Small Cap Fund,Ratnamani Metals & Tubes Ltd,1.36,,Basic Materials,34.481056,3.7558336
Motilal Oswal Large Cap Fund,Grasim Industries Ltd,1.36,,Basic Materials,45.452057,2.1782508
Mahindra Manulife Mid Cap Fund,Alkem Laboratories Ltd,1.36,,Healthcare,29.153913,4.8621597
Invesco India Flexi Cap Fund,KEI Industries Ltd,1.36,,Industrials,53.76344,8.032405
LIC MF Small Cap Fund,MAS Financial Services Ltd Ordinary Shares,1.36,,Financial Services,,
Mirae Asset Flexi Cap Fund,Cummins India Ltd,1.36,,Industrials,63.69292,17.746988
DSP Flexi Cap Fund,Indus Towers Ltd Ordinary Shares,1.36,,Communication Services,,
TRUSTMF Flexi Cap Fund,Honasa Consumer Ltd,1.36,,Consumer Defensive,,
Invesco India Smallcap Fund,Kirloskar Oil Engines Ltd,1.36,,Industrials,55.561123,8.686619
PGIM India Large Cap Fund,Infosys Ltd,1.36,,Technology,,
Mahindra Manulife Flexi Cap Fund,Oil & Natural Gas Corp Ltd,1.36,,Energy,,
Invesco India Flexi Cap Fund,Nuvama Wealth Management Ltd,1.36,,Financial Services,,
NJ Flexi Cap Fund,Aptus Value Housing Finance India Ltd,1.36,,Financial Services,,
Mirae Asset Large Cap Fund,One97 Communications Ltd,1.36,,Technology,,
Baroda BNP Paribas Flexi Cap Fund,Sagility Ltd,1.36,,Healthcare,,
SBI Small Cap Fund,Aptus Value Housing Finance India Ltd,1.36,,Financial Services,,
Mirae Asset Flexi Cap Fund,Multi Commodity Exchange of India Ltd,1.36,,Financial Services,,
UTI-Mid Cap Fund,Bharti Hexacom Ltd,1.35,,Communication Services,,
Tata Flexi Cap Fund,Dabur India Ltd,1.35,,Consumer Defensive,36.90369,6.36814
Union Small Cap Fund,Sansera Engineering Ltd,1.35,,Consumer Cyclical,74.63396,7.787878
HSBC Flexi Cap Fund,Eternal Ltd,1.35,,Consumer Cyclical,,
Aditya Birla SL Flexi Cap Fund,Welspun Corp Ltd,1.35,,Basic Materials,,
TRUSTMF Small Cap Fund,R R Kabel Ltd,1.35,,Industrials,,
NJ Flexi Cap Fund,IndiaMART InterMESH Ltd,1.35,,Communication Services,21.552254,4.7546673
Nippon India Flexi Cap Fund,Vedanta Aluminium Metal Ltd,1.35,,Basic Materials,,
Edelweiss Flexi Cap Fund,Marico Ltd,1.35,,Consumer Defensive,65.507576,27.663319
DSP Small Cap Fund,PNB Housing Finance Ltd,1.35,,Financial Services,,
NJ Flexi Cap Fund,HDFC Asset Management Co Ltd,1.35,,Financial Services,,
Kotak Midcap Fund,Hindustan Petroleum Corp Ltd,1.35,,Energy,,
ITI Mid Cap Fund,Bank of Maharashtra,1.35,,Financial Services,7.995914,1.6871054
DSP Midcap Fund,Bank of India,1.35,,Financial Services,12.03334,1.698928
Motilal Oswal Large Cap Fund,InterGlobe Aviation Ltd,1.35,,Industrials,23.408157,29.576513
Mahindra Manulife Flexi Cap Fund,RBL Bank Ltd,1.35,,Financial Services,,
Motilal Oswal Large Cap Fund,Indus Towers Ltd Ordinary Shares,1.35,,Communication Services,,
WhiteOak Capital Flexi Cap Fund,J.B. Chemicals & Pharmaceuticals Ltd,1.35,,Healthcare,,
Mirae Asset Large Cap Fund,Sun Pharmaceuticals Industries Ltd,1.35,,Healthcare,,
LIC MF Small Cap Fund,Elecon Engineering Co Ltd,1.35,,Industrials,,
LIC MF Midcap Fund,Vishal Mega Mart Ltd,1.34,,Consumer Cyclical,,
Aditya Birla SL Large Cap Fund,Bajaj Auto Ltd,1.34,,Consumer Cyclical,27.70058,8.37947
HSBC Small Cap Fund,City Union Bank Ltd,1.34,,Financial Services,14.732452,1.988053
Canara Robeco Large Cap Fund,Tata Steel Ltd,1.34,,Basic Materials,34.495415,2.4665117
Aditya Birla SL Flexi Cap Fund,R R Kabel Ltd,1.34,,Industrials,,
JM Flexicap Fund,Adani Ports & Special Economic Zone Ltd,1.34,,Industrials,,
ITI Flexi Cap Fund,Kotak Mahindra Bank Ltd,1.34,,Financial Services,19.154411,2.1446095
Bank of India Small Cap Fund,Balrampur Chini Mills Ltd,1.34,,Consumer Defensive,34.129852,3.0919306
Aditya Birla SL Large Cap Fund,UltraTech Cement Ltd,1.34,,Basic Materials,41.494347,4.6217
Kotak Midcap Fund,Max Financial Services Ltd,1.34,,Financial Services,,
Kotak Midcap Fund,Bharat Forge Ltd,1.34,,Consumer Cyclical,100.00883,11.304634
ITI Flexi Cap Fund,PTC Industries Ltd,1.34,,Industrials,270.2842,18.969341
Bank of India Flexi Cap Fund,Hitachi Energy India Ltd Ordinary Shares,1.34,,Industrials,,
Franklin India Mid Cap Fund,Max Financial Services Ltd,1.34,,Financial Services,,
Franklin India Mid Cap Fund,HDFC Bank Ltd,1.34,,Financial Services,16.051823,1.856211
Invesco India Midcap Fund,Dixon Technologies (India) Ltd,1.34,,Technology,,
DSP Midcap Fund,Jubilant Ingrevia Ltd Ordinary Shares,1.34,,Basic Materials,,
JM Small Cap Fund,Tinna Rubber & Infrastructure Ltd,1.34,,Basic Materials,,
PGIM India Midcap Fund,Nippon Life India Asset Management Ltd Ordinary Shares,1.34,,Financial Services,,
Mahindra Manulife Flexi Cap Fund,Tech Mahindra Ltd,1.34,,Technology,31.637583,5.315708
Canara Robeco Small Cap Fund,Delhivery Ltd,1.34,,Industrials,,
WhiteOak Capital Mid Cap Fund,REC Ltd,1.34,,Financial Services,34.348328,5.7735553
Mahindra Manulife Flexi Cap Fund,Polycab India Ltd,1.34,,Industrials,,
Mirae Asset Flexi Cap Fund,Indus Towers Ltd Ordinary Shares,1.34,,Communication Services,,
Edelweiss Mid Cap Fund,HDFC Asset Management Co Ltd,1.34,,Financial Services,,
HSBC Flexi Cap Fund,Infosys Ltd,1.34,,Technology,,
DSP Small Cap Fund,Techno Electric & Engineering Co Ltd,1.34,,Industrials,,
DSP Small Cap Fund,Greenlam Industries Ltd,1.34,,Consumer Cyclical,123.84616,5.9218073
AXIS Midcap Fund,Vishal Mega Mart Ltd,1.34,,Consumer Cyclical,,
Invesco India Smallcap Fund,Cholamandalam Financial Holdings Ltd,1.34,,Financial Services,,
LIC MF Large Cap Fund,Mahindra & Mahindra Ltd,1.34,,Consumer Cyclical,21.322454,4.203955
Mahindra Manulife Mid Cap Fund,Biocon Ltd,1.34,,Healthcare,125.0,2.0462842
LIC MF Small Cap Fund,Aeroflex Industries Ltd,1.34,,Industrials,82.57752,12.606509
ITI Mid Cap Fund,Housing & Urban Development Corp Ltd,1.34,,Financial Services,,
Aditya Birla SL Flexi Cap Fund,Bajaj Finserv Ltd,1.34,,Financial Services,31.746208,4.122072
Mahindra Manulife Mid Cap Fund,Aster DM Quality Care Ltd Ordinary Shares,1.34,,Healthcare,,
DSP Midcap Fund,Mphasis Ltd,1.34,,Technology,24.812908,4.174768
Edelweiss Small Cap Fund,Aether Industries Ltd,1.33,,Basic Materials,,
TRUSTMF Small Cap Fund,Craftsman Automation Ltd,1.33,,Consumer Cyclical,54.34704,7.6615663
Quantum Small Cap Fund,MPS Ltd,1.33,,Communication Services,26.386189,8.339143
LIC MF Large Cap Fund,Muthoot Finance Ltd,1.33,,Financial Services,10.19353,2.9614034
Edelweiss Mid Cap Fund,Indus Towers Ltd Ordinary Shares,1.33,,Communication Services,,
Edelweiss Mid Cap Fund,APL Apollo Tubes Ltd,1.33,,Basic Materials,44.44946,10.328954
TRUSTMF Small Cap Fund,Ather Energy Ltd,1.33,,Consumer Cyclical,,
Franklin India Mid Cap Fund,HDB Financial Services Ltd,1.33,,Financial Services,,
Canara Robeco Mid Cap Fund,AU Small Finance Bank Ltd,1.33,,Financial Services,28.249933,3.9927256
JM Large Cap Fund,Dr Reddy's Laboratories Ltd,1.33,,Healthcare,,
DSP Small Cap Fund,Cyient Ltd,1.33,,Industrials,,
Baroda BNP Paribas Large Cap Fund,Maruti Suzuki India Ltd,1.33,,Consumer Cyclical,30.770073,4.1185155
Baroda BNP Paribas Flexi Cap Fund,Infosys Ltd,1.33,,Technology,,
JM Midcap Fund,Billionbrains Garage Ventures Ltd,1.33,,Financial Services,,
Motilal Oswal Small Cap Fund,KEI Industries Ltd,1.33,,Industrials,53.76344,8.032405
PGIM India Large Cap Fund,Eicher Motors Ltd,1.33,,Consumer Cyclical,37.87843,8.764883
Aditya Birla SL Flexi Cap Fund,Radico Khaitan Ltd,1.33,,Consumer Defensive,85.46732,18.168161
Motilal Oswal Large Cap Fund,Brigade Hotel Ventures Ltd,1.33,,Consumer Cyclical,,
Motilal Oswal Large Cap Fund,Eternal Ltd,1.33,,Consumer Cyclical,,
Navi Flexi Cap Fund,ASK Automotive Ltd,1.33,,Consumer Cyclical,,
ICICI Pru Large Cap Fund,DLF Ltd,1.33,,Real Estate,35.97323,3.5110068
Tata Mid Cap Fund,Phoenix Mills Ltd,1.33,,Real Estate,51.817932,6.168099
LIC MF Small Cap Fund,One97 Communications Ltd,1.33,,Technology,,
SBI Small Cap Fund,Ratnamani Metals & Tubes Ltd,1.33,,Basic Materials,34.481056,3.7558336
AXIS Flexi Cap Fund,Solar Industries India Ltd,1.33,,Basic Materials,99.0099,26.524855
Kotak Large Cap Fund,Hindalco Industries Ltd,1.33,,Basic Materials,14.367457,1.7221315
DSP Small Cap Fund,Atul Ltd,1.33,,Basic Materials,25.062899,3.2053952
HSBC Flexi Cap Fund,CreditAccess Grameen Ltd Ordinary Shares,1.33,,Financial Services,,
UTI-Mid Cap Fund,Grindwell Norton Ltd,1.33,,Industrials,61.958984,10.33983
LIC MF Small Cap Fund,Vinati Organics Ltd,1.33,,Basic Materials,30.676085,4.343379
Taurus Mid Cap Fund,Balkrishna Industries Ltd,1.32,,Consumer Cyclical,36.381264,4.568192
Sundaram Mid Cap Fund,Jubilant Foodworks Ltd,1.32,,Consumer Cyclical,85.50088,13.959026
Invesco India Flexi Cap Fund,Meesho Ltd,1.32,,Consumer Cyclical,,
PGIM India Midcap Fund,Blue Star Ltd,1.32,,Industrials,62.967583,10.043221
HSBC Flexi Cap Fund,Tech Mahindra Ltd,1.32,,Technology,31.637583,5.315708
Canara Robeco Small Cap Fund,Apar Industries Ltd,1.32,,Industrials,56.81733,12.386799
AXIS Midcap Fund,Radico Khaitan Ltd,1.32,,Consumer Defensive,85.46732,18.168161
Sundaram Mid Cap Fund,Hindustan Petroleum Corp Ltd,1.32,,Energy,,
Quant Mid Cap Fund,Persistent Systems Ltd,1.32,,Technology,44.642857,10.92834
Invesco India Largecap Fund,Asian Paints Ltd,1.32,,Basic Materials,67.65291,13.316042
Nippon India Growth Mid Cap Fund,Alkem Laboratories Ltd,1.32,,Healthcare,29.153913,4.8621597
Edelweiss Flexi Cap Fund,Bharat Heavy Electricals Ltd,1.32,,Industrials,58.142857,5.4202347
Mirae Asset Midcap Fund,Tata Power Co Ltd,1.32,,Utilities,31.554724,3.080304
UTI-Flexi Cap Fund,Pidilite Industries Ltd,1.32,,Basic Materials,64.94523,15.596959
Edelweiss Small Cap Fund,Triveni Turbine Ltd,1.32,,Industrials,57.806538,13.972252
Edelweiss Small Cap Fund,Jubilant Ingrevia Ltd Ordinary Shares,1.32,,Basic Materials,,
Bandhan Large Cap Fund,Grasim Industries Ltd,1.32,,Basic Materials,45.452057,2.1782508
TRUSTMF Small Cap Fund,Aster DM Quality Care Ltd Ordinary Shares,1.32,,Healthcare,,
Mahindra Manulife Large Cap Fund,Divi's Laboratories Ltd,1.32,,Healthcare,85.46783,13.0643635
Quant Flexi Cap Fund,AU Small Finance Bank Ltd,1.32,,Financial Services,28.249933,3.9927256
Aditya Birla SL Large Cap Fund,Godrej Consumer Products Ltd,1.32,,Consumer Defensive,58.899498,8.822688
HSBC Small Cap Fund,Cera Sanitaryware Ltd,1.32,,Industrials,40.0,5.310254
AXIS Large Cap Fund,TVS Motor Co Ltd,1.32,,Consumer Cyclical,61.730606,63.15901
Bank of India Small Cap Fund,Carraro India Ltd,1.32,,Consumer Cyclical,21.883173,5.0548787
Bank of India Small Cap Fund,Nuvama Wealth Management Ltd,1.32,,Financial Services,,
Canara Robeco Large Cap Fund,Shriram Finance Ltd,1.32,,Financial Services,,
ITI Flexi Cap Fund,Divi's Laboratories Ltd,1.32,,Healthcare,85.46783,13.0643635
Invesco India Flexi Cap Fund,JK Cement Ltd,1.32,,Basic Materials,,
Baroda BNP Paribas Mid Cap Fund,Ashok Leyland Ltd,1.32,,Industrials,30.033842,7.320795
ITI Flexi Cap Fund,GNG Electronics Ltd,1.31,,Technology,,
Mahindra Manulife Mid Cap Fund,Shriram Finance Ltd,1.31,,Financial Services,,
ITI Mid Cap Fund,Apar Industries Ltd,1.31,,Industrials,56.81733,12.386799
TRUSTMF Small Cap Fund,Angel One Ltd Ordinary Shares,1.31,,Financial Services,,
DSP Midcap Fund,Apollo Tyres Ltd,1.31,,Consumer Cyclical,20.535303,1.6840942
Canara Robeco Mid Cap Fund,Biocon Ltd,1.31,,Healthcare,125.0,2.0462842
Edelweiss Mid Cap Fund,Max Financial Services Ltd,1.31,,Financial Services,,
Bandhan Large Cap Fund,SBI Life Insurance Co Ltd,1.31,,Financial Services,71.42033,9.250212
Baroda BNP Paribas Large Cap Fund,Future on Multi Commodity Exchange of India Ltd,1.31,,,,
UTI-Mid Cap Fund,IDFC First Bank Ltd,1.31,,Financial Services,,
Tata Small Cap Fund,Gujarat Pipavav Port Ltd,1.31,,Industrials,14.224203,3.1129773
Taurus Mid Cap Fund,Bharat Dynamics Ltd Ordinary Shares,1.31,,Industrials,,
Aditya Birla SL Flexi Cap Fund,SRF Ltd,1.31,,Industrials,35.841557,5.5199285
Bank of India Large Cap Fund,Titan Co Ltd,1.31,,Consumer Cyclical,,
Tata Mid Cap Fund,Voltas Ltd,1.31,,Consumer Cyclical,113.616264,6.6683273
Quant Small Cap Fund,India (Republic of),1.31,,,,
LIC MF Midcap Fund,L&T Technology Services Ltd,1.31,,Technology,,
DSP Small Cap Fund,Dhanuka Agritech Ltd,1.31,,Basic Materials,17.15294,2.7353275
LIC MF Midcap Fund,Lenskart Solutions Ltd,1.31,,Healthcare,195.7732,11.320417
ITI Small Cap Fund,J.B. Chemicals & Pharmaceuticals Ltd,1.31,,Healthcare,,
HSBC Small Cap Fund,Treps,1.31,,,,
Union Flexi Cap Fund,Cummins India Ltd,1.31,,Industrials,63.69292,17.746988
Union Midcap Fund,APL Apollo Tubes Ltd,1.31,,Basic Materials,44.44946,10.328954
Tata Mid Cap Fund,HDB Financial Services Ltd,1.31,,Financial Services,,
Canara Robeco Mid Cap Fund,Vishal Mega Mart Ltd,1.31,,Consumer Cyclical,,
Nippon India Flexi Cap Fund,Infosys Ltd,1.31,,Technology,,
360 ONE FlexiCap Fund,Abbott India Ltd,1.31,,Healthcare,39.10034,14.718281
JM Flexicap Fund,Tata Motors Ltd,1.31,,Consumer Cyclical,,
NJ Flexi Cap Fund,Great Eastern Shipping Co Ltd,1.3,,Industrials,,
Franklin India Mid Cap Fund,State Bank of India,1.3,,Financial Services,12.03334,1.698928
Aditya Birla SL Flexi Cap Fund,Persistent Systems Ltd,1.3,,Technology,44.642857,10.92834
Aditya Birla SL Flexi Cap Fund,ICICI Lombard General Insurance Co Ltd,1.3,,Financial Services,,
Union Flexi Cap Fund,Polycab India Ltd,1.3,,Industrials,,
ITI Small Cap Fund,KSB Ltd,1.3,,Industrials,,
PGIM India Flexi Cap Fund,Multi Commodity Exchange of India Ltd,1.3,,Financial Services,,
Nippon India Flexi Cap Fund,Varun Beverages Ltd,1.3,,Consumer Defensive,,
Union Small Cap Fund,Fortis Healthcare Ltd,1.3,,Healthcare,69.465454,7.287105
Canara Robeco Small Cap Fund,Tech Mahindra Ltd,1.3,,Technology,31.637583,5.315708
TRUSTMF Small Cap Fund,Clean Max Enviro Energy Solutions Ltd,1.3,,Utilities,,
Bandhan Midcap Fund,Glenmark Pharmaceuticals Ltd,1.3,,Healthcare,35.97043,6.1400094
ITI Mid Cap Fund,Ashok Leyland Ltd,1.3,,Industrials,30.033842,7.320795
Tata Large Cap Fund,Indus Towers Ltd Ordinary Shares,1.3,,Communication Services,,
Baroda BNP Paribas Small Cap Fund,KSB Ltd,1.3,,Industrials,,
HSBC Large Cap Fund,Delhivery Ltd,1.3,,Industrials,,
Baroda BNP Paribas Mid Cap Fund,Marico Ltd,1.3,,Consumer Defensive,65.507576,27.663319
LIC MF Midcap Fund,Suzlon Energy Ltd,1.3,,Industrials,21.004366,6.762266
Edelweiss Mid Cap Fund,Karur Vysya Bank Ltd,1.3,,Financial Services,11.819303,2.299122
Quantum Small Cap Fund,SJS Enterprises Ltd,1.3,,Consumer Cyclical,,
Bandhan Large Cap Fund,One97 Communications Ltd,1.3,,Technology,,
HDFC Flexi Cap Fund,Bajaj Auto Ltd,1.3,,Consumer Cyclical,27.70058,8.37947
Baroda BNP Paribas Mid Cap Fund,ICICI Lombard General Insurance Co Ltd,1.3,,Financial Services,,
Motilal Oswal Flexi Cap Fund,Triparty Repo,1.3,,,,
Invesco India Smallcap Fund,ZF Commercial Vehicle Control Systems India Ltd,1.3,,Consumer Cyclical,,
Baroda BNP Paribas Mid Cap Fund,One97 Communications Ltd,1.3,,Technology,,
ITI Large Cap Fund,Tata Power Co Ltd,1.3,,Utilities,31.554724,3.080304
Bandhan Small Cap Fund,Paradeep Phosphates Ltd,1.3,,Basic Materials,14.46757,2.2856574
Union Midcap Fund,Acutaas Chemicals Ltd,1.3,,Basic Materials,,
Canara Robeco Small Cap Fund,Cholamandalam Financial Holdings Ltd,1.3,,Financial Services,,
Franklin India Flexi Cap Fund,Ashok Leyland Ltd,1.3,,Industrials,30.033842,7.320795
Franklin India Mid Cap Fund,Dixon Technologies (India) Ltd,1.29,,Technology,,
Edelweiss Flexi Cap Fund,Clearing Corporation Of India Ltd.,1.29,,,,
Canara Robeco Large Cap Fund,Hindustan Unilever Ltd,1.29,,Consumer Defensive,46.515755,10.1043215
PGIM India Large Cap Fund,Mankind Pharma Ltd,1.29,,Healthcare,,
Mahindra Manulife Large Cap Fund,SRF Ltd,1.29,,Industrials,35.841557,5.5199285
Baroda BNP Paribas Small Cap Fund,Manappuram Finance Ltd,1.29,,Financial Services,30.949366,2.1463308
PGIM India Flexi Cap Fund,Ather Energy Ltd,1.29,,Consumer Cyclical,,
Union Midcap Fund,Coforge Ltd,1.29,,Technology,,
Baroda BNP Paribas Mid Cap Fund,Swiggy Ltd,1.29,,Consumer Cyclical,,
Edelweiss Large Cap Fund,Marico Ltd,1.29,,Consumer Defensive,65.507576,27.663319
Edelweiss Flexi Cap Fund,L&T Finance Ltd,1.29,,Financial Services,,
PGIM India Flexi Cap Fund,Hindalco Industries Ltd,1.29,,Basic Materials,14.367457,1.7221315
TRUSTMF Small Cap Fund,Coforge Ltd,1.29,,Technology,,
Mahindra Manulife Small Cap Fund,Belrise Industries Ltd,1.29,,Consumer Cyclical,41.99831,4.0423107
Edelweiss Mid Cap Fund,Torrent Power Ltd,1.29,,Utilities,28.734314,3.5683436
Edelweiss Mid Cap Fund,Ashok Leyland Ltd,1.29,,Industrials,30.033842,7.320795
Mahindra Manulife Small Cap Fund,Glenmark Pharmaceuticals Ltd,1.29,,Healthcare,35.97043,6.1400094
HSBC Small Cap Fund,Ratnamani Metals & Tubes Ltd,1.29,,Basic Materials,34.481056,3.7558336
HSBC Small Cap Fund,Cholamandalam Financial Holdings Ltd,1.29,,Financial Services,,
Bank of India Small Cap Fund,Wework India Management Ltd,1.29,,Real Estate,,
UTI-Large Cap Fund,Tata Consumer Products Ltd,1.29,,Consumer Defensive,,
Aditya Birla SL Flexi Cap Fund,Meesho Ltd,1.29,,Consumer Cyclical,,
Bandhan Flexi Cap Fund,Hindustan Unilever Ltd,1.29,,Consumer Defensive,46.515755,10.1043215
Edelweiss Small Cap Fund,Max Financial Services Ltd,1.29,,Financial Services,,
Edelweiss Small Cap Fund,KSB Ltd,1.29,,Industrials,,
PGIM India Flexi Cap Fund,UNO Minda Ltd,1.29,,Consumer Cyclical,,
Sundaram Mid Cap Fund,JK Cement Ltd,1.29,,Basic Materials,,
360 ONE FlexiCap Fund,BSE Ltd,1.29,,Financial Services,,
HDFC Large Cap Fund,Havells India Ltd,1.29,,Industrials,54.349113,9.294542
JM Small Cap Fund,Neuland Laboratories Ltd,1.29,,Healthcare,75.7588,15.6353445
Franklin India Large Cap Fund,Tata Consumer Products Ltd,1.29,,Consumer Defensive,,
Union Largecap Fund,UltraTech Cement Ltd,1.29,,Basic Materials,41.494347,4.6217
WhiteOak Capital Mid Cap Fund,Oracle Financial Services Software Limited,1.29,,,30.211132,14.838195
Motilal Oswal Large Cap Fund,Restaurant Brands Asia Ltd Ordinary Shares,1.29,,Consumer Cyclical,,
ITI Mid Cap Fund,Fortis Healthcare Ltd,1.29,,Healthcare,69.465454,7.287105
Bandhan Flexi Cap Fund,Info Edge (India) Ltd,1.29,,Communication Services,54.93524,2.101429
Tata Flexi Cap Fund,Abbott India Ltd,1.29,,Healthcare,39.10034,14.718281
Bank of India Flexi Cap Fund,Asian Paints Ltd,1.29,,Basic Materials,67.65291,13.316042
Sundaram Mid Cap Fund,Alkem Laboratories Ltd,1.29,,Healthcare,29.153913,4.8621597
AXIS Midcap Fund,Torrent Power Ltd,1.29,,Utilities,28.734314,3.5683436
Shriram Flexi Cap Fund,Krishna Institute of Medical Sciences Ltd,1.29,,Healthcare,,
NJ Flexi Cap Fund,Endurance Technologies Ltd,1.29,,Consumer Cyclical,,
Kotak Midcap Fund,Poonawalla Fincorp Ltd,1.28,,Financial Services,51.287395,3.7482235
Baroda BNP Paribas Mid Cap Fund,Cummins India Ltd,1.28,,Industrials,63.69292,17.746988
LIC MF Midcap Fund,PB Fintech Ltd,1.28,,Financial Services,,
Baroda BNP Paribas Mid Cap Fund,AU Small Finance Bank Ltd,1.28,,Financial Services,28.249933,3.9927256
HSBC Small Cap Fund,Supreme Petrochem Ltd,1.28,,Basic Materials,27.247278,5.545093
Bandhan Small Cap Fund,Jubilant Pharmova Ltd,1.28,,Healthcare,37.175907,2.0812213
PGIM India Midcap Fund,Phoenix Mills Ltd,1.28,,Real Estate,51.817932,6.168099
Bandhan Midcap Fund,Max Healthcare Institute Ltd Ordinary Shares,1.28,,Healthcare,,
Edelweiss Large Cap Fund,Maruti Suzuki India Ltd,1.28,,Consumer Cyclical,30.770073,4.1185155
Tata Flexi Cap Fund,HDFC Asset Management Co Ltd,1.28,,Financial Services,,
ITI Large Cap Fund,JSW Steel Ltd,1.28,,Basic Materials,12.760185,3.15554
HSBC Large Cap Fund,NTPC Ltd,1.28,,Utilities,10.470804,1.635282
HSBC Flexi Cap Fund,Ashok Leyland Ltd,1.28,,Industrials,30.033842,7.320795
DSP Midcap Fund,Techno Electric & Engineering Co Ltd,1.28,,Industrials,,
Mahindra Manulife Mid Cap Fund,Varun Beverages Ltd,1.28,,Consumer Defensive,,
JM Small Cap Fund,Ather Energy Ltd,1.28,,Consumer Cyclical,,
Tata Mid Cap Fund,Jubilant Foodworks Ltd,1.28,,Consumer Cyclical,85.50088,13.959026
Franklin India Large Cap Fund,Apollo Hospitals Enterprise Ltd,1.28,,Healthcare,,
Quant Small Cap Fund,Cash Offset For Derivatives,1.28,,,,
TRUSTMF Small Cap Fund,Piramal Finance Ltd,1.28,,Financial Services,,
Mahindra Manulife Large Cap Fund,Britannia Industries Ltd,1.28,,Consumer Defensive,52.356518,25.98983
TRUSTMF Small Cap Fund,Delhivery Ltd,1.28,,Industrials,,
Motilal Oswal Large Cap Fund,Indiqube Spaces Ltd,1.28,,Real Estate,,
SBI Midcap Fund,Thermax Ltd,1.28,,Industrials,77.06719,8.242397
TRUSTMF Small Cap Fund,Neuland Laboratories Ltd,1.28,,Healthcare,75.7588,15.6353445
SBI Small Cap Fund,Esab India Ltd,1.28,,Industrials,42.016712,20.188566
PGIM India Flexi Cap Fund,Mankind Pharma Ltd,1.28,,Healthcare,,
Motilal Oswal Large Cap Fund,Whirlpool of India Ltd,1.27,,Consumer Cyclical,41.151318,2.4800913
SBI Midcap Fund,Dalmia Bharat Ltd,1.27,,Basic Materials,,
Baroda BNP Paribas Flexi Cap Fund,Aurobindo Pharma Ltd,1.27,,Healthcare,25.90625,2.5414207
Parag Parikh Flexi Cap Fund,Dr Reddy's Laboratories Ltd,1.27,,Healthcare,,
Mirae Asset Midcap Fund,Gujarat Fluorochemicals Ltd Ordinary Shares,1.27,,Basic Materials,,
ITI Flexi Cap Fund,ITC Ltd,1.27,,Consumer Defensive,18.050472,4.9439254
Kotak Midcap Fund,Piramal Finance Ltd,1.27,,Financial Services,,
ITI Small Cap Fund,The Federal Bank Ltd,1.27,,Financial Services,,
Quant Small Cap Fund,Bayer CropScience Ltd,1.27,,Basic Materials,27.472542,6.330108
Edelweiss Small Cap Fund,Go Digit General Insurance Ltd,1.27,,Financial Services,,
Motilal Oswal Large Cap Fund,Varun Beverages Ltd,1.27,,Consumer Defensive,,
Helios Flexi Cap Fund,Billionbrains Garage Ventures Ltd,1.27,,Financial Services,,
Motilal Oswal Small Cap Fund,Hexaware Technologies Ltd Ordinary Shares,1.27,,Technology,,
Canara Robeco Mid Cap Fund,Linde India Ltd,1.27,,Basic Materials,,
Canara Robeco Small Cap Fund,Aditya Birla Real Estate Ltd,1.27,,Real Estate,,
ITI Flexi Cap Fund,Polycab India Ltd,1.27,,Industrials,,
Nippon India Flexi Cap Fund,Trent Ltd,1.27,,Consumer Cyclical,96.15015,22.879957
Edelweiss Small Cap Fund,Delhivery Ltd,1.27,,Industrials,,
Mahindra Manulife Small Cap Fund,Nitin Spinners Ltd,1.27,,Consumer Cyclical,19.422882,2.3619754
Mahindra Manulife Flexi Cap Fund,Tata Power Co Ltd,1.27,,Utilities,31.554724,3.080304
Nippon India Flexi Cap Fund,Avenue Supermarts Ltd,1.27,,Consumer Defensive,,
Franklin India Mid Cap Fund,Max Healthcare Institute Ltd Ordinary Shares,1.27,,Healthcare,,
JM Midcap Fund,CarTrade Tech Ltd,1.27,,Consumer Cyclical,,
WhiteOak Capital Mid Cap Fund,Ipca Laboratories Ltd,1.27,,Healthcare,38.607655,5.4611874
DSP Flexi Cap Fund,Coromandel International Ltd,1.27,,Basic Materials,33.319637,4.850019
PGIM India Flexi Cap Fund,Vishal Mega Mart Ltd,1.27,,Consumer Cyclical,,
Mirae Asset Flexi Cap Fund,TVS Motor Co Ltd,1.27,,Consumer Cyclical,61.730606,63.15901
Aditya Birla SL Flexi Cap Fund,APL Apollo Tubes Ltd,1.27,,Basic Materials,44.44946,10.328954
Mirae Asset Large Cap Fund,HDFC Life Insurance Co Ltd,1.27,,Financial Services,,
Kotak Midcap Fund,Blue Star Ltd,1.27,,Industrials,62.967583,10.043221
Navi Flexi Cap Fund,Dhanuka Agritech Ltd,1.27,,Basic Materials,17.15294,2.7353275
Bandhan Large Cap Fund,Kotak Mahindra Bank Ltd,1.27,,Financial Services,19.154411,2.1446095
LIC MF Small Cap Fund,Lumax Auto Technologies Ltd,1.27,,Consumer Cyclical,55.389194,11.1216955
Union Small Cap Fund,Home First Finance Co India Ltd,1.27,,Financial Services,,
Nippon India Flexi Cap Fund,J.B. Chemicals & Pharmaceuticals Ltd,1.27,,Healthcare,,
TRUSTMF Small Cap Fund,Avalon Technologies Ltd,1.27,,Technology,116.28995,18.191496
Quant Flexi Cap Fund,Indus Towers Ltd Ordinary Shares,1.27,,Communication Services,,
SBI Small Cap Fund,V-Guard Industries Ltd,1.27,,Industrials,38.480095,5.8717422
Bajaj Finserv Flexi Cap Fund,Eicher Motors Ltd,1.27,,Consumer Cyclical,37.87843,8.764883
Union Midcap Fund,Treps,1.27,,,,
WhiteOak Capital Flexi Cap Fund,Aadhar Housing Finance Ltd,1.27,,Financial Services,,
UTI-Flexi Cap Fund,Grindwell Norton Ltd,1.27,,Industrials,61.958984,10.33983
Nippon India Growth Mid Cap Fund,Bharat Heavy Electricals Ltd,1.26,,Industrials,58.142857,5.4202347
DSP Large Cap Fund,Petronet LNG Ltd,1.26,,Energy,10.671012,1.8728886
Baroda BNP Paribas Small Cap Fund,Travel Food Services Ltd,1.26,,Consumer Cyclical,40.0056,13.0443125
Bandhan Midcap Fund,Billionbrains Garage Ventures Ltd,1.26,,Financial Services,,
Sundaram Mid Cap Fund,Dr. Lal PathLabs Ltd,1.26,,Healthcare,,
Tata Flexi Cap Fund,Sobha Ltd,1.26,,Real Estate,,
Bandhan Large Cap Fund,Vedanta Aluminium Metal Ltd,1.26,,Basic Materials,,
LIC MF Flexi Cap Fund,Endurance Technologies Ltd,1.26,,Consumer Cyclical,,
JM Small Cap Fund,Yatra Online Ltd,1.26,,Consumer Cyclical,,
PGIM India Flexi Cap Fund,CG Power & Industrial Solutions Ltd,1.26,,Industrials,,
LIC MF Midcap Fund,Deepak Nitrite Ltd,1.26,,Basic Materials,31.248913,4.197999
WhiteOak Capital Mid Cap Fund,Hitachi Energy India Ltd Ordinary Shares,1.26,,Industrials,,
Bank of India Flexi Cap Fund,CreditAccess Grameen Ltd Ordinary Shares,1.26,,Financial Services,,
TRUSTMF Small Cap Fund,MTAR Technologies Ltd,1.26,,Industrials,,
Franklin India Mid Cap Fund,Havells India Ltd,1.26,,Industrials,54.349113,9.294542
ITI Flexi Cap Fund,Hindustan Copper Ltd,1.26,,Basic Materials,56.491043,15.52563
Edelweiss Flexi Cap Fund,City Union Bank Ltd,1.26,,Financial Services,14.732452,1.988053
Bank of India Small Cap Fund,Vijaya Diagnostic Centre Ltd,1.26,,Healthcare,,
Bajaj Finserv Flexi Cap Fund,Hindustan Unilever Ltd,1.26,,Consumer Defensive,46.515755,10.1043215
PGIM India Large Cap Fund,Samvardhana Motherson International Ltd,1.26,,Consumer Cyclical,,
ITI Small Cap Fund,Craftsman Automation Ltd,1.26,,Consumer Cyclical,54.34704,7.6615663
ITI Mid Cap Fund,Midwest Ltd,1.26,,Basic Materials,,
ITI Small Cap Fund,Krishna Institute of Medical Sciences Ltd,1.26,,Healthcare,,
Motilal Oswal Large Cap Fund,DLF Ltd,1.26,,Real Estate,35.97323,3.5110068
WhiteOak Capital Large Cap Fund,Nexus Select Trust Reits,1.26,,Real Estate,,
UTI-Large Cap Fund,Tata Consultancy Services Ltd,1.26,,Technology,17.2117,8.097646
UTI-Large Cap Fund,Tech Mahindra Ltd,1.26,,Technology,31.637583,5.315708
Nippon India Flexi Cap Fund,Aditya Birla Sun Life AMC Ltd,1.26,,Financial Services,,
Baroda BNP Paribas Mid Cap Fund,Aster DM Quality Care Ltd Ordinary Shares,1.26,,Healthcare,,
LIC MF Large Cap Fund,Godfrey Phillips India Ltd,1.26,,Consumer Defensive,27.37881,6.106945
HDFC Flexi Cap Fund,PB Fintech Ltd,1.25,,Financial Services,,
ICICI Pru Large Cap Fund,State Bank of India,1.25,,Financial Services,12.03334,1.698928
TRUSTMF Small Cap Fund,K.P.R. Mill Ltd,1.25,,Consumer Cyclical,,
ITI Mid Cap Fund,GE Vernova T&D India Ltd,1.25,,Industrials,84.030495,40.910908
TRUSTMF Flexi Cap Fund,TVS Motor Co Ltd,1.25,,Consumer Cyclical,61.730606,63.15901
Aditya Birla SL Flexi Cap Fund,Hindustan Petroleum Corp Ltd,1.25,,Energy,,
Sundaram Large Cap Fund,Swiggy Ltd,1.25,,Consumer Cyclical,,
Tata Mid Cap Fund,Thermax Ltd,1.25,,Industrials,77.06719,8.242397
TRUSTMF Flexi Cap Fund,Billionbrains Garage Ventures Ltd,1.25,,Financial Services,,
TRUSTMF Flexi Cap Fund,Fractal Analytics Ltd,1.25,,Technology,,
Franklin India Large Cap Fund,Cholamandalam Investment and Finance Co Ltd,1.25,,Financial Services,,
JM Small Cap Fund,Carraro India Ltd,1.25,,Consumer Cyclical,21.883173,5.0548787
Baroda BNP Paribas Small Cap Fund,Pine Labs Ltd,1.25,,Technology,,
Union Midcap Fund,Prestige Estates Projects Ltd,1.25,,Real Estate,59.86932,4.183585
Bandhan Flexi Cap Fund,V-Mart Retail Ltd,1.25,,Consumer Cyclical,46.306488,6.6772213
UTI-Mid Cap Fund,Persistent Systems Ltd,1.25,,Technology,44.642857,10.92834
HSBC Small Cap Fund,Delhivery Ltd,1.25,,Industrials,,
Bandhan Flexi Cap Fund,State Bank of India,1.25,,Financial Services,12.03334,1.698928
Edelweiss Mid Cap Fund,Hindustan Petroleum Corp Ltd,1.25,,Energy,,
Bank of India Small Cap Fund,TD Power Systems Ltd,1.25,,Industrials,82.627785,18.378323
UTI-Mid Cap Fund,Astral Ltd,1.25,,Industrials,,
UTI-Mid Cap Fund,Endurance Technologies Ltd,1.25,,Consumer Cyclical,,
Baroda BNP Paribas Mid Cap Fund,Aequs Ltd,1.25,,Industrials,,
Nippon India Flexi Cap Fund,Coforge Ltd,1.25,,Technology,,
HSBC Midcap Fund,Cochin Shipyard Ltd,1.25,,Industrials,,
Shriram Flexi Cap Fund,Clearing Corporation Of India Ltd.,1.25,,,,
HSBC Large Cap Fund,Max Healthcare Institute Ltd Ordinary Shares,1.24,,Healthcare,,
Navi Flexi Cap Fund,Time Technoplast Limited,1.24,,,18.147034,2.474516
HDFC Mid Cap Fund,Bosch Ltd,1.24,,Consumer Cyclical,46.152832,8.837203
SBI Small Cap Fund,Afcons Infrastructure Ltd,1.24,,Industrials,40.153732,1.8508021
Kotak Midcap Fund,Persistent Systems Ltd,1.24,,Technology,44.642857,10.92834
Baroda BNP Paribas Flexi Cap Fund,Ajanta Pharma Ltd,1.24,,Healthcare,43.00333,10.097092
Canara Robeco Large Cap Fund,Titan Co Ltd,1.24,,Consumer Cyclical,,
Union Flexi Cap Fund,ICICI Prudential Asset Management Co Ltd,1.24,,Financial Services,,
Canara Robeco Large Cap Fund,Tech Mahindra Ltd,1.24,,Technology,31.637583,5.315708
Baroda BNP Paribas Mid Cap Fund,Karur Vysya Bank Ltd,1.24,,Financial Services,11.819303,2.299122
ITI Mid Cap Fund,Max Healthcare Institute Ltd Ordinary Shares,1.24,,Healthcare,,
ITI Mid Cap Fund,ZF Commercial Vehicle Control Systems India Ltd,1.24,,Consumer Cyclical,,
PGIM India Large Cap Fund,Power Finance Corp Ltd,1.24,,Financial Services,5.31349,1.0419072
Edelweiss Mid Cap Fund,Persistent Systems Ltd,1.24,,Technology,44.642857,10.92834
Union Largecap Fund,Mphasis Ltd,1.24,,Technology,24.812908,4.174768
Helios Flexi Cap Fund,360 One Wam Ltd Ordinary Shares,1.24,,Financial Services,,
JM Flexicap Fund,Multi Commodity Exchange of India Ltd,1.24,,Financial Services,,
Invesco India Largecap Fund,Tata Steel Ltd,1.24,,Basic Materials,34.495415,2.4665117
HSBC Flexi Cap Fund,Endurance Technologies Ltd,1.24,,Consumer Cyclical,,
Shriram Flexi Cap Fund,Thyrocare Technologies Ltd,1.24,,Healthcare,,
Mahindra Manulife Small Cap Fund,Ajanta Pharma Ltd,1.24,,Healthcare,43.00333,10.097092
LIC MF Small Cap Fund,Techno Electric & Engineering Co Ltd,1.24,,Industrials,,
Bandhan Midcap Fund,APL Apollo Tubes Ltd,1.24,,Basic Materials,44.44946,10.328954
Bandhan Midcap Fund,FSN E-Commerce Ventures Ltd,1.24,,Consumer Cyclical,,
Bandhan Midcap Fund,TVS Motor Co Ltd,1.24,,Consumer Cyclical,61.730606,63.15901
LIC MF Large Cap Fund,Coforge Ltd,1.24,,Technology,,
LIC MF Midcap Fund,K.P.R. Mill Ltd,1.24,,Consumer Cyclical,,
Franklin India Mid Cap Fund,Swiggy Ltd,1.24,,Consumer Cyclical,,
DSP Small Cap Fund,Vardhman Textiles Ltd,1.24,,Consumer Cyclical,20.406586,1.7023746
Franklin India Flexi Cap Fund,Hindustan Aeronautics Ltd Ordinary Shares,1.24,,Industrials,,
Edelweiss Mid Cap Fund,PB Fintech Ltd,1.23,,Financial Services,,
Tata Flexi Cap Fund,Bank of Baroda,1.23,,Financial Services,7.138383,0.7690585
Mahindra Manulife Small Cap Fund,Welspun Corp Ltd,1.23,,Basic Materials,,
ITI Mid Cap Fund,Abbott India Ltd,1.23,,Healthcare,39.10034,14.718281
Edelweiss Flexi Cap Fund,KEI Industries Ltd,1.23,,Industrials,53.76344,8.032405
JM Small Cap Fund,Gravita India Ltd,1.23,,Industrials,31.947418,5.1421127
HSBC Small Cap Fund,Navin Fluorine International Ltd,1.23,,Basic Materials,,
Bandhan Midcap Fund,Torrent Power Ltd,1.23,,Utilities,28.734314,3.5683436
Aditya Birla SL Large Cap Fund,Bajaj Finserv Ltd,1.23,,Financial Services,31.746208,4.122072
Mahindra Manulife Small Cap Fund,Kirloskar Brothers Ltd,1.23,,Industrials,40.487545,6.1286645
AXIS Midcap Fund,Abbott India Ltd,1.23,,Healthcare,39.10034,14.718281
Bandhan Small Cap Fund,Yatharth Hospital and Trauma Care Services Ltd,1.23,,Healthcare,,
Helios Flexi Cap Fund,CarTrade Tech Ltd,1.23,,Consumer Cyclical,,
Sundaram Mid Cap Fund,Motilal Oswal Financial Services Ltd,1.23,,Financial Services,,
DSP Small Cap Fund,Aarti Drugs Ltd,1.23,,Healthcare,19.604334,2.4512923
Union Flexi Cap Fund,Dr. Lal PathLabs Ltd,1.23,,Healthcare,,
Mahindra Manulife Mid Cap Fund,Triparty Repo,1.23,,,,
Union Flexi Cap Fund,Navin Fluorine International Ltd,1.23,,Basic Materials,,
Union Largecap Fund,Navin Fluorine International Ltd,1.23,,Basic Materials,,
HSBC Flexi Cap Fund,Billionbrains Garage Ventures Ltd,1.23,,Financial Services,,
LIC MF Large Cap Fund,Grasim Industries Ltd,1.23,,Basic Materials,45.452057,2.1782508
Tata Mid Cap Fund,Dixon Technologies (India) Ltd,1.23,,Technology,,
PGIM India Large Cap Fund,Sun Pharmaceuticals Industries Ltd,1.23,,Healthcare,,
WhiteOak Capital Mid Cap Fund,GE Vernova T&D India Ltd,1.23,,Industrials,84.030495,40.910908
UTI-Flexi Cap Fund,Divi's Laboratories Ltd,1.23,,Healthcare,85.46783,13.0643635
AXIS Midcap Fund,SRF Ltd,1.22,,Industrials,35.841557,5.5199285
HSBC Flexi Cap Fund,Hindustan Unilever Ltd,1.22,,Consumer Defensive,46.515755,10.1043215
Union Flexi Cap Fund,Tata Consumer Products Ltd,1.22,,Consumer Defensive,,
SBI Midcap Fund,GlaxoSmithKline Pharmaceuticals Ltd,1.22,,Healthcare,,
Shriram Flexi Cap Fund,Tata Steel Ltd,1.22,,Basic Materials,34.495415,2.4665117
Navi Flexi Cap Fund,UPL Ltd,1.22,,Basic Materials,,
SBI Large Cap Fund,ICICI Prudential Asset Management Co Ltd,1.22,,Financial Services,,
Invesco India Largecap Fund,Avenue Supermarts Ltd,1.22,,Consumer Defensive,,
TRUSTMF Flexi Cap Fund,Muthoot Finance Ltd,1.22,,Financial Services,10.19353,2.9614034
Bank of India Small Cap Fund,Hitachi Energy India Ltd Ordinary Shares,1.22,,Industrials,,
ITI Mid Cap Fund,Indian Bank,1.22,,Financial Services,9.372036,1.4279683
ITI Mid Cap Fund,JK Cement Ltd,1.22,,Basic Materials,,
Motilal Oswal Large Cap Fund,SBI Life Insurance Co Ltd,1.22,,Financial Services,71.42033,9.250212
SBI Large Cap Fund,Adani Enterprises Ltd,1.22,,Energy,52.359394,4.8032765
HSBC Midcap Fund,Polycab India Ltd,1.22,,Industrials,,
DSP Small Cap Fund,Bayer CropScience Ltd,1.22,,Basic Materials,27.472542,6.330108
TRUSTMF Small Cap Fund,Central Depository Services (India) Ltd,1.22,,Financial Services,,
DSP Large Cap Fund,GAIL (India) Ltd,1.22,,Utilities,11.544548,1.2809391
Bajaj Finserv Flexi Cap Fund,Net Receivables / (Payables),1.22,,,,
Invesco India Smallcap Fund,Safari Industries (India) Ltd,1.22,,Consumer Cyclical,44.051006,6.528887
JM Large Cap Fund,Bharat Electronics Ltd,1.22,,Industrials,47.852028,12.219276
Motilal Oswal Small Cap Fund,PG Electroplast Ltd,1.22,,Technology,90.87176,5.911051
Helios Flexi Cap Fund,Delhivery Ltd,1.22,,Industrials,,
Mahindra Manulife Small Cap Fund,Mahindra Manu Liquid Dir Gr,1.22,,,,
Mahindra Manulife Small Cap Fund,Aditya Birla Real Estate Ltd,1.22,,Real Estate,,
Helios Flexi Cap Fund,Fortis Healthcare Ltd,1.22,,Healthcare,69.465454,7.287105
TRUSTMF Small Cap Fund,Acutaas Chemicals Ltd,1.22,,Basic Materials,,
HSBC Flexi Cap Fund,UltraTech Cement Ltd,1.22,,Basic Materials,41.494347,4.6217
HSBC Large Cap Fund,Trent Ltd,1.22,,Consumer Cyclical,96.15015,22.879957
Quant Mid Cap Fund,United Breweries Ltd,1.22,,Consumer Defensive,93.477974,8.186209
Bank of India Large Cap Fund,Coforge Ltd,1.21,,Technology,,
Bank of India Flexi Cap Fund,Syrma SGS Technology Ltd,1.21,,Technology,73.51393,9.521932
UTI-Mid Cap Fund,Lupin Ltd,1.21,,Healthcare,25.007946,5.4900575
Bajaj Finserv Flexi Cap Fund,Asian Paints Ltd,1.21,,Basic Materials,67.65291,13.316042
Canara Robeco Large Cap Fund,Tata Consumer Products Ltd,1.21,,Consumer Defensive,,
Canara Robeco Large Cap Fund,Bharat Electronics Ltd,1.21,,Industrials,47.852028,12.219276
UTI-Large Cap Fund,Titan Co Ltd,1.21,,Consumer Cyclical,,
Canara Robeco Small Cap Fund,Triveni Turbine Ltd,1.21,,Industrials,57.806538,13.972252
Bank of India Large Cap Fund,TD Power Systems Ltd,1.21,,Industrials,82.627785,18.378323
ITI Small Cap Fund,Tenneco Clean Air India Ltd,1.21,,Consumer Cyclical,,
Union Flexi Cap Fund,Phoenix Mills Ltd,1.21,,Real Estate,51.817932,6.168099
Taurus Flexi Cap Fund,Maruti Suzuki India Ltd,1.21,,Consumer Cyclical,30.770073,4.1185155
Canara Robeco Small Cap Fund,CreditAccess Grameen Ltd Ordinary Shares,1.21,,Financial Services,,
UTI-Mid Cap Fund,Indian Bank,1.21,,Financial Services,9.372036,1.4279683
Kotak Large Cap Fund,United Spirits Ltd,1.21,,Consumer Defensive,63.68353,11.682224
Baroda BNP Paribas Flexi Cap Fund,Solar Industries India Ltd,1.21,,Basic Materials,99.0099,26.524855
Mahindra Manulife Flexi Cap Fund,Cochin Shipyard Ltd,1.21,,Industrials,,
Bank of India Small Cap Fund,Sterlite Technologies Ltd,1.21,,Technology,138.89131,13.750727
WhiteOak Capital Mid Cap Fund,06/08/2026 Maturing 182 DTB,1.21,,,,
Bandhan Small Cap Fund,Rashi Peripherals Ltd,1.21,,Technology,,
Edelweiss Large Cap Fund,GE Vernova T&D India Ltd,1.21,,Industrials,84.030495,40.910908
Canara Robeco Mid Cap Fund,Delhivery Ltd,1.21,,Industrials,,
Mahindra Manulife Flexi Cap Fund,Infosys Ltd,1.21,,Technology,,
Tata Mid Cap Fund,Hindustan Petroleum Corp Ltd,1.21,,Energy,,
Bank of India Flexi Cap Fund,Kotak Mahindra Bank Ltd,1.21,,Financial Services,19.154411,2.1446095
Bank of India Flexi Cap Fund,Swan Corp Ltd,1.21,,Industrials,,
Sundaram Mid Cap Fund,Torrent Power Ltd,1.21,,Utilities,28.734314,3.5683436
Mahindra Manulife Mid Cap Fund,Bharti Hexacom Ltd,1.21,,Communication Services,,
Bandhan Small Cap Fund,Shaily Engineering Plastics Ltd,1.21,,Basic Materials,,
WhiteOak Capital Large Cap Fund,Solar Industries India Ltd,1.21,,Basic Materials,99.0099,26.524855
WhiteOak Capital Mid Cap Fund,Max Healthcare Institute Ltd Ordinary Shares,1.21,,Healthcare,,
Bandhan Large Cap Fund,Shriram Finance Ltd,1.21,,Financial Services,,
Invesco India Flexi Cap Fund,Vishal Mega Mart Ltd,1.21,,Consumer Cyclical,,
Quantum Small Cap Fund,City Union Bank Ltd,1.21,,Financial Services,14.732452,1.988053
Quant Small Cap Fund,Karnataka Bank Ltd,1.2,,Financial Services,8.170796,0.8861219
Baroda BNP Paribas Flexi Cap Fund,17/09/2026 Maturing 364 DTB,1.2,,,,
Mahindra Manulife Flexi Cap Fund,NMDC Ltd,1.2,,Basic Materials,10.014152,2.1878703
Mahindra Manulife Large Cap Fund,Godrej Properties Ltd,1.2,,Real Estate,38.909775,3.254932
Quant Small Cap Fund,Pfizer Ltd,1.2,,Healthcare,30.488506,5.3124375
Quant Small Cap Fund,Welspun Enterprises Ltd,1.2,,Industrials,23.978014,2.5917728
Baroda BNP Paribas Large Cap Fund,Power Grid Corp Of India Ltd,1.2,,Utilities,,
PGIM India Large Cap Fund,ICICI Prudential Asset Management Co Ltd,1.2,,Financial Services,,
Baroda BNP Paribas Mid Cap Fund,Mankind Pharma Ltd,1.2,,Healthcare,,
Helios Flexi Cap Fund,NTPC Ltd,1.2,,Utilities,10.470804,1.635282
JM Small Cap Fund,Titagarh Rail Systems Ltd,1.2,,Industrials,94.37083,4.6903887
Mirae Asset Large Cap Fund,Godrej Consumer Products Ltd,1.2,,Consumer Defensive,58.899498,8.822688
Baroda BNP Paribas Small Cap Fund,Amber Enterprises India Ltd Ordinary Shares,1.2,,Consumer Cyclical,,
HSBC Large Cap Fund,FSN E-Commerce Ventures Ltd,1.2,,Consumer Cyclical,,
AXIS Flexi Cap Fund,Fine Organic Industries Ltd Ordinary Shares,1.2,,Basic Materials,,
Baroda BNP Paribas Small Cap Fund,Fractal Analytics Ltd,1.2,,Technology,,
Motilal Oswal Flexi Cap Fund,Bharat Dynamics Ltd Ordinary Shares,1.2,,Industrials,,
JM Small Cap Fund,Marksans Pharma Ltd,1.2,,Healthcare,35.2835,4.6118345
Union Midcap Fund,LG Electronics India Ltd,1.2,,Technology,63.68928,14.048153
Franklin India Large Cap Fund,Tata Power Co Ltd,1.2,,Utilities,31.554724,3.080304
UTI-Mid Cap Fund,Bharat Forge Ltd,1.2,,Consumer Cyclical,100.00883,11.304634
Bank of India Small Cap Fund,Swan Defence and Heavy Industries Ltd,1.2,,Industrials,,
Franklin India Large Cap Fund,ABB India Ltd,1.2,,Industrials,39.10034,14.718281
Edelweiss Mid Cap Fund,Polycab India Ltd,1.2,,Industrials,,
Mahindra Manulife Small Cap Fund,Acutaas Chemicals Ltd,1.2,,Basic Materials,,
Edelweiss Mid Cap Fund,Phoenix Mills Ltd,1.2,,Real Estate,51.817932,6.168099
TRUSTMF Small Cap Fund,Billionbrains Garage Ventures Ltd,1.2,,Financial Services,,
HSBC Flexi Cap Fund,HDFC Asset Management Co Ltd,1.2,,Financial Services,,
Taurus Mid Cap Fund,Indian Energy Exchange Ltd,1.2,,Financial Services,,
ITI Large Cap Fund,Indian Hotels Co Ltd,1.2,,Consumer Cyclical,48.539177,7.9719944
Bandhan Small Cap Fund,Cyient Ltd,1.2,,Industrials,,
HSBC Small Cap Fund,Aegis Logistics Ltd,1.2,,Energy,53.76321,7.9628196
Shriram Flexi Cap Fund,Navin Fluorine International Ltd,1.2,,Basic Materials,,
Mahindra Manulife Small Cap Fund,Jamna Auto Industries Ltd,1.2,,Consumer Cyclical,25.13889,5.0300484
Canara Robeco Mid Cap Fund,Trent Ltd,1.2,,Consumer Cyclical,96.15015,22.879957
Bank of India Small Cap Fund,Housing & Urban Development Corp Ltd,1.2,,Financial Services,,
WhiteOak Capital Large Cap Fund,Muthoot Finance Ltd,1.2,,Financial Services,10.19353,2.9614034
JM Midcap Fund,PB Fintech Ltd,1.2,,Financial Services,,
Bajaj Finserv Flexi Cap Fund,Cummins India Ltd,1.2,,Industrials,63.69292,17.746988
LIC MF Small Cap Fund,DCB Bank Ltd,1.2,,Financial Services,,
HDFC Mid Cap Fund,Star Health and Allied Insurance Co Ltd,1.2,,Financial Services,,
Aditya Birla SL Large Cap Fund,Apollo Hospitals Enterprise Ltd,1.2,,Healthcare,,
PGIM India Flexi Cap Fund,Bharat Electronics Ltd,1.2,,Industrials,47.852028,12.219276
JM Flexicap Fund,Net Receivable/Payable,1.19,,,,
HSBC Midcap Fund,KEI Industries Ltd,1.19,,Industrials,53.76344,8.032405
Canara Robeco Small Cap Fund,Ujjivan Small Finance Bank Ltd Ordinary Shares,1.19,,Financial Services,,
NJ Flexi Cap Fund,Muthoot Finance Ltd,1.19,,Financial Services,10.19353,2.9614034
Tata Large Cap Fund,Britannia Industries Ltd,1.19,,Consumer Defensive,52.356518,25.98983
Bandhan Flexi Cap Fund,SBI Life Insurance Co Ltd,1.19,,Financial Services,71.42033,9.250212
Sundaram Mid Cap Fund,ZF Commercial Vehicle Control Systems India Ltd,1.19,,Consumer Cyclical,,
WhiteOak Capital Large Cap Fund,CG Power & Industrial Solutions Ltd,1.19,,Industrials,,
Mirae Asset Flexi Cap Fund,Mankind Pharma Ltd,1.19,,Healthcare,,
PGIM India Midcap Fund,Bharat Forge Ltd,1.19,,Consumer Cyclical,100.00883,11.304634
LIC MF Midcap Fund,Oil India Ltd,1.19,,Energy,10.88228,1.2416646
360 ONE FlexiCap Fund,Shaily Engineering Plastics Ltd,1.19,,Basic Materials,,
Kotak Large Cap Fund,Bharat Petroleum Corp Ltd,1.19,,Energy,,
Bandhan Midcap Fund,Swiggy Ltd,1.19,,Consumer Cyclical,,
Helios Flexi Cap Fund,Apollo Hospitals Enterprise Ltd,1.19,,Healthcare,,
HSBC Flexi Cap Fund,R R Kabel Ltd,1.19,,Industrials,,
Mirae Asset Flexi Cap Fund,UltraTech Cement Ltd,1.19,,Basic Materials,41.494347,4.6217
Edelweiss Large Cap Fund,Bharat Electronics Ltd,1.19,,Industrials,47.852028,12.219276
Edelweiss Mid Cap Fund,Jindal Stainless Ltd,1.19,,Basic Materials,18.65668,13.449393
Union Midcap Fund,Amber Enterprises India Ltd Ordinary Shares,1.19,,Consumer Cyclical,,
SBI Small Cap Fund,Relaxo Footwears Ltd,1.19,,Consumer Cyclical,58.784725,4.7725096
Bandhan Small Cap Fund,Karnataka Bank Ltd,1.19,,Financial Services,8.170796,0.8861219
Kotak Large Cap Fund,Kotak Liquid Dir Gr,1.19,,,,
Nippon India Growth Mid Cap Fund,Prestige Estates Projects Ltd,1.19,,Real Estate,59.86932,4.183585
Bajaj Finserv Flexi Cap Fund,Piramal Pharma Ltd,1.19,,Healthcare,,
UTI-Large Cap Fund,Tata Motors Passenger Vehicles Ltd,1.19,,Consumer Cyclical,,
Baroda BNP Paribas Large Cap Fund,Varun Beverages Ltd,1.19,,Consumer Defensive,,
Baroda BNP Paribas Mid Cap Fund,Max Healthcare Institute Ltd Ordinary Shares,1.19,,Healthcare,,
Edelweiss Mid Cap Fund,JK Cement Ltd,1.19,,Basic Materials,,
Edelweiss Small Cap Fund,K.P.R. Mill Ltd,1.19,,Consumer Cyclical,,
Tata Large Cap Fund,Hyundai Motor India Ltd,1.19,,Consumer Cyclical,36.36589,8.935097
SBI Midcap Fund,L&T Technology Services Ltd,1.19,,Technology,,
Bank of India Flexi Cap Fund,HEG Ltd,1.19,,Industrials,36.100697,2.7336922
Shriram Flexi Cap Fund,SJS Enterprises Ltd,1.18,,Consumer Cyclical,,
Baroda BNP Paribas Large Cap Fund,Axis Bank Ltd,1.18,,Financial Services,13.927326,1.7253225
Mirae Asset Large Cap Fund,Vedanta Aluminium Metal Ltd,1.18,,Basic Materials,,
JM Midcap Fund,Titagarh Rail Systems Ltd,1.18,,Industrials,94.37083,4.6903887
PGIM India Flexi Cap Fund,ICICI Prudential Asset Management Co Ltd,1.18,,Financial Services,,
Franklin India Large Cap Fund,Oberoi Realty Ltd,1.18,,Real Estate,24.57135,3.6052597
Tata Flexi Cap Fund,Ramco Cements Ltd,1.18,,Basic Materials,,
Canara Robeco Mid Cap Fund,Prestige Estates Projects Ltd,1.18,,Real Estate,59.86932,4.183585
Tata Small Cap Fund,CIE Automotive India Ltd,1.18,,Consumer Cyclical,17.364637,2.011259
UTI-Mid Cap Fund,Swiggy Ltd,1.18,,Consumer Cyclical,,
Baroda BNP Paribas Large Cap Fund,Hero MotoCorp Ltd,1.18,,Consumer Cyclical,21.683006,5.4568286
Franklin India Mid Cap Fund,Bharat Electronics Ltd,1.18,,Industrials,47.852028,12.219276
Invesco India Smallcap Fund,Anand Rathi Wealth Ltd,1.18,,Financial Services,76.33491,34.957996
HSBC Small Cap Fund,Multi Commodity Exchange of India Ltd,1.18,,Financial Services,,
ITI Small Cap Fund,PTC Industries Ltd,1.18,,Industrials,270.2842,18.969341
Motilal Oswal Small Cap Fund,Cholamandalam Financial Holdings Ltd,1.18,,Financial Services,,
Union Small Cap Fund,K.P.R. Mill Ltd,1.18,,Consumer Cyclical,,
DSP Midcap Fund,Atul Ltd,1.18,,Basic Materials,25.062899,3.2053952
Mirae Asset Flexi Cap Fund,Bajaj Finance Ltd,1.18,,Financial Services,,
Mahindra Manulife Large Cap Fund,Dr Reddy's Laboratories Ltd,1.18,,Healthcare,,
LIC MF Small Cap Fund,Pfizer Ltd,1.18,,Healthcare,30.488506,5.3124375
Invesco India Largecap Fund,Shriram Finance Ltd,1.18,,Financial Services,,
Quant Small Cap Fund,Strides Pharma Science Ltd,1.18,,Healthcare,,
DSP Midcap Fund,Power Finance Corp Ltd,1.18,,Financial Services,5.31349,1.0419072
Kotak Midcap Fund,Lenskart Solutions Ltd,1.18,,Healthcare,195.7732,11.320417
Kotak Midcap Fund,PI Industries Ltd,1.18,,Basic Materials,31.848026,3.7480412
Aditya Birla SL Large Cap Fund,HCL Technologies Ltd,1.18,,Technology,21.097977,4.9742002
Aditya Birla SL Flexi Cap Fund,Avenue Supermarts Ltd,1.18,,Consumer Defensive,,
Kotak Midcap Fund,Power Finance Corp Ltd,1.18,,Financial Services,5.31349,1.0419072
ITI Mid Cap Fund,Neuland Laboratories Ltd,1.18,,Healthcare,75.7588,15.6353445
HSBC Flexi Cap Fund,RBL Bank Ltd,1.18,,Financial Services,,
Mirae Asset Midcap Fund,SKF India (Industrial) Ltd,1.18,,Industrials,,
Baroda BNP Paribas Flexi Cap Fund,City Union Bank Ltd,1.18,,Financial Services,14.732452,1.988053
Baroda BNP Paribas Flexi Cap Fund,UltraTech Cement Ltd,1.18,,Basic Materials,41.494347,4.6217
Quantum Small Cap Fund,CMS Info Systems Ltd,1.18,,Industrials,,
Mirae Asset Flexi Cap Fund,BSE Ltd,1.17,,Financial Services,,
Nippon India Large Cap Fund,Dr Reddy's Laboratories Ltd,1.17,,Healthcare,,
ITI Mid Cap Fund,Sona BLW Precision Forgings Ltd,1.17,,Consumer Cyclical,,
ITI Flexi Cap Fund,Sedemac Mechatronics Ltd,1.17,,Consumer Cyclical,103.09611,27.419071
Nippon India Growth Mid Cap Fund,NLC India Ltd,1.17,,Utilities,,
HSBC Small Cap Fund,Indo Count Industries Ltd,1.17,,Consumer Cyclical,66.65625,3.5872254
Motilal Oswal Small Cap Fund,Schneider Electric Infrastructure Ltd,1.17,,Industrials,,
Edelweiss Flexi Cap Fund,Indian Hotels Co Ltd,1.17,,Consumer Cyclical,48.539177,7.9719944
WhiteOak Capital Large Cap Fund,Power Finance Corp Ltd,1.17,,Financial Services,5.31349,1.0419072
Kotak Midcap Fund,Dalmia Bharat Ltd,1.17,,Basic Materials,,
Bandhan Midcap Fund,Bharti Hexacom Ltd,1.17,,Communication Services,,
JM Flexicap Fund,Billionbrains Garage Ventures Ltd,1.17,,Financial Services,,
Edelweiss Small Cap Fund,Can Fin Homes Ltd,1.17,,Financial Services,9.523417,1.8063651
Union Small Cap Fund,KSB Ltd,1.17,,Industrials,,
Union Small Cap Fund,PNB Housing Finance Ltd,1.17,,Financial Services,,
TRUSTMF Small Cap Fund,Bharat Dynamics Ltd Ordinary Shares,1.17,,Industrials,,
Canara Robeco Mid Cap Fund,Voltas Ltd,1.17,,Consumer Cyclical,113.616264,6.6683273
Quantum Small Cap Fund,Graphite India Ltd,1.17,,Industrials,65.13303,2.3673997
SBI Midcap Fund,Procter & Gamble Hygiene and Health Care Ltd,1.17,,Consumer Defensive,,
Kotak Large Cap Fund,Cummins India Ltd,1.17,,Industrials,63.69292,17.746988
Invesco India Smallcap Fund,Swiggy Ltd,1.17,,Consumer Cyclical,,
Helios Flexi Cap Fund,Varun Beverages Ltd,1.17,,Consumer Defensive,,
Mahindra Manulife Mid Cap Fund,Belrise Industries Ltd,1.17,,Consumer Cyclical,41.99831,4.0423107
Baroda BNP Paribas Mid Cap Fund,Escorts Kubota Ltd,1.17,,Industrials,,
TRUSTMF Flexi Cap Fund,Zen Technologies Ltd,1.17,,Industrials,14.837942,2.3970907
HDFC Mid Cap Fund,Karur Vysya Bank Ltd,1.17,,Financial Services,11.819303,2.299122
Bandhan Midcap Fund,Cholamandalam Investment and Finance Co Ltd,1.17,,Financial Services,,
HDFC Large Cap Fund,ICICI Prudential Asset Management Co Ltd,1.17,,Financial Services,,
Canara Robeco Large Cap Fund,United Spirits Ltd,1.17,,Consumer Defensive,63.68353,11.682224
Baroda BNP Paribas Small Cap Fund,Waterways Leisure Tourism Ltd,1.17,,Industrials,,
UTI-Mid Cap Fund,Multi Commodity Exchange of India Ltd,1.17,,Financial Services,,
Kotak Large Cap Fund,Coromandel International Ltd,1.17,,Basic Materials,33.319637,4.850019
Edelweiss Small Cap Fund,Motherson Sumi Wiring India Ltd,1.17,,Consumer Cyclical,,
ITI Small Cap Fund,Quality Power Electrical Equipments Ltd,1.17,,Industrials,,
TRUSTMF Flexi Cap Fund,PhysicsWallah Ltd,1.16,,Consumer Defensive,,
Tata Mid Cap Fund,Cummins India Ltd,1.16,,Industrials,63.69292,17.746988
AXIS Large Cap Fund,Axis Money Market Dir Gr,1.16,,,,
Mahindra Manulife Small Cap Fund,Dixon Technologies (India) Ltd,1.16,,Technology,,
Mirae Asset Midcap Fund,Axis Bank Ltd,1.16,,Financial Services,13.927326,1.7253225
Nippon India Flexi Cap Fund,Swiggy Ltd,1.16,,Consumer Cyclical,,
Quant Small Cap Fund,Samvardhana Motherson International Ltd,1.16,,Consumer Cyclical,,
Edelweiss Large Cap Fund,J.B. Chemicals & Pharmaceuticals Ltd,1.16,,Healthcare,,
Baroda BNP Paribas Mid Cap Fund,Bharti Hexacom Ltd,1.16,,Communication Services,,
WhiteOak Capital Large Cap Fund,Bharat Heavy Electricals Ltd,1.16,,Industrials,58.142857,5.4202347
Aditya Birla SL Flexi Cap Fund,Sun Pharmaceuticals Industries Ltd,1.16,,Healthcare,,
Canara Robeco Mid Cap Fund,Blue Star Ltd,1.16,,Industrials,62.967583,10.043221
Quantum Small Cap Fund,Computer Age Management Services Ltd Ordinary Shares,1.16,,Technology,,
Kotak Large Cap Fund,Cnx Bank Index-Jul2026,1.16,,,,
Franklin India Mid Cap Fund,PNB Housing Finance Ltd,1.16,,Financial Services,,
Helios Flexi Cap Fund,Cholamandalam Investment and Finance Co Ltd,1.16,,Financial Services,,
PGIM India Large Cap Fund,Prestige Estates Projects Ltd,1.16,,Real Estate,59.86932,4.183585
Mirae Asset Flexi Cap Fund,Trent Ltd,1.16,,Consumer Cyclical,96.15015,22.879957
Canara Robeco Small Cap Fund,Metropolis Healthcare Ltd,1.16,,Healthcare,57.82341,7.7167597
Franklin India Mid Cap Fund,Escorts Kubota Ltd,1.16,,Industrials,,
Franklin India Mid Cap Fund,Trent Ltd,1.16,,Consumer Cyclical,96.15015,22.879957
Baroda BNP Paribas Small Cap Fund,India Cements Ltd,1.16,,Basic Materials,131.77153,1.2180974
JM Large Cap Fund,Muthoot Finance Ltd,1.16,,Financial Services,10.19353,2.9614034
Shriram Flexi Cap Fund,Narayana Hrudayalaya Ltd,1.16,,Healthcare,46.511227,8.438228
Navi Flexi Cap Fund,Sun Pharmaceuticals Industries Ltd,1.16,,Healthcare,,
UTI-Large Cap Fund,ITC Ltd,1.16,,Consumer Defensive,18.050472,4.9439254
SBI Midcap Fund,Billionbrains Garage Ventures Ltd,1.16,,Financial Services,,
Baroda BNP Paribas Large Cap Fund,JSW Steel Ltd,1.16,,Basic Materials,12.760185,3.15554
Baroda BNP Paribas Small Cap Fund,Atul Ltd,1.16,,Basic Materials,25.062899,3.2053952
SBI Midcap Fund,JSW Infrastructure Ltd,1.16,,Industrials,46.310345,6.4361844
Motilal Oswal Large Cap Fund,Bajaj Holdings and Investment Ltd,1.16,,Financial Services,,
Tata Flexi Cap Fund,Graphite India Ltd,1.16,,Industrials,65.13303,2.3673997
Helios Flexi Cap Fund,Adani Energy Solutions Ltd,1.16,,Utilities,,
Bank of India Small Cap Fund,Goodluck India Ltd,1.16,,Basic Materials,,
ITI Small Cap Fund,Treps 01-Jul-2026,1.16,,,,
Mahindra Manulife Flexi Cap Fund,The Federal Bank Ltd,1.15,,Financial Services,,
PGIM India Large Cap Fund,Asian Paints Ltd,1.15,,Basic Materials,67.65291,13.316042
Taurus Mid Cap Fund,Titagarh Rail Systems Ltd,1.15,,Industrials,94.37083,4.6903887
Invesco India Midcap Fund,Krishna Institute of Medical Sciences Ltd,1.15,,Healthcare,,
TRUSTMF Small Cap Fund,Apollo Micro Systems Ltd Ordinary Shares,1.15,,Industrials,,
Canara Robeco Mid Cap Fund,Varun Beverages Ltd,1.15,,Consumer Defensive,,
ITI Large Cap Fund,Cummins India Ltd,1.15,,Industrials,63.69292,17.746988
HSBC Flexi Cap Fund,Pitti Engineering Ltd,1.15,,Industrials,,
Mahindra Manulife Flexi Cap Fund,Bajaj Auto Ltd,1.15,,Consumer Cyclical,27.70058,8.37947
Bank of India Large Cap Fund,Bajaj Auto Ltd,1.15,,Consumer Cyclical,27.70058,8.37947
Motilal Oswal Small Cap Fund,Aditya Birla Real Estate Ltd,1.15,,Real Estate,,
ITI Flexi Cap Fund,FIEM Industries Ltd,1.15,,Consumer Cyclical,29.93334,6.2906713
Aditya Birla SL Large Cap Fund,Avenue Supermarts Ltd,1.15,,Consumer Defensive,,
HSBC Small Cap Fund,RBL Bank Ltd,1.15,,Financial Services,,
Aditya Birla SL Large Cap Fund,Sona BLW Precision Forgings Ltd,1.15,,Consumer Cyclical,,
Helios Flexi Cap Fund,Power Grid Corp Of India Ltd,1.15,,Utilities,,
Bandhan Midcap Fund,ICICI Lombard General Insurance Co Ltd,1.15,,Financial Services,,
Bandhan Flexi Cap Fund,ICICI Prudential Life Insurance Co Ltd,1.15,,Financial Services,,
JM Small Cap Fund,Ceat Ltd,1.15,,Consumer Cyclical,27.161146,3.2932618
HSBC Flexi Cap Fund,Piramal Finance Ltd,1.15,,Financial Services,,
JM Large Cap Fund,HDFC Life Insurance Co Ltd,1.15,,Financial Services,,
ICICI Pru Large Cap Fund,HDFC Life Insurance Co Ltd,1.15,,Financial Services,,
Sundaram Mid Cap Fund,TVS Motor Co Ltd,1.15,,Consumer Cyclical,61.730606,63.15901
Union Small Cap Fund,DOMS Industries Ltd,1.15,,Industrials,,
AXIS Midcap Fund,FSN E-Commerce Ventures Ltd,1.15,,Consumer Cyclical,,
Mahindra Manulife Small Cap Fund,DOMS Industries Ltd,1.15,,Industrials,,
JM Midcap Fund,Indus Towers Ltd Ordinary Shares,1.15,,Communication Services,,
PGIM India Flexi Cap Fund,Global Health Ltd,1.15,,Healthcare,,
Bandhan Large Cap Fund,Indian Hotels Co Ltd,1.15,,Consumer Cyclical,48.539177,7.9719944
Motilal Oswal Small Cap Fund,OneSource Specialty Pharma Ltd,1.15,,Healthcare,,
PGIM India Midcap Fund,Indian Bank,1.15,,Financial Services,9.372036,1.4279683
DSP Small Cap Fund,IFB Industries Ltd,1.15,,Consumer Cyclical,39.68353,5.7198715
DSP Midcap Fund,Oil India Ltd,1.15,,Energy,10.88228,1.2416646
Edelweiss Mid Cap Fund,Lupin Ltd,1.14,,Healthcare,25.007946,5.4900575
Baroda BNP Paribas Large Cap Fund,Tata Motors Ltd,1.14,,Consumer Cyclical,,
HDFC Flexi Cap Fund,Bosch Ltd,1.14,,Consumer Cyclical,46.152832,8.837203
Mahindra Manulife Large Cap Fund,NTPC Ltd,1.14,,Utilities,10.470804,1.635282
Invesco India Flexi Cap Fund,Polycab India Ltd,1.14,,Industrials,,
Bajaj Finserv Flexi Cap Fund,Eternal Ltd,1.14,,Consumer Cyclical,,
Aditya Birla SL Large Cap Fund,Titan Co Ltd,1.14,,Consumer Cyclical,,
Canara Robeco Small Cap Fund,InterGlobe Aviation Ltd,1.14,,Industrials,23.408157,29.576513
Edelweiss Mid Cap Fund,Page Industries Ltd,1.14,,Consumer Cyclical,58.260082,29.617994
Union Largecap Fund,Polycab India Ltd,1.14,,Industrials,,
Taurus Flexi Cap Fund,Eternal Ltd,1.14,,Consumer Cyclical,,
Motilal Oswal Small Cap Fund,KEC International Ltd,1.14,,Industrials,21.054482,2.0709355
JM Flexicap Fund,Bosch Ltd,1.14,,Consumer Cyclical,46.152832,8.837203
Canara Robeco Small Cap Fund,V-Guard Industries Ltd,1.14,,Industrials,38.480095,5.8717422
Canara Robeco Small Cap Fund,Innova Captab Ltd,1.14,,Healthcare,,
Tata Flexi Cap Fund,Bharat Forge Ltd,1.14,,Consumer Cyclical,100.00883,11.304634
Edelweiss Small Cap Fund,Ather Energy Ltd,1.14,,Consumer Cyclical,,
Canara Robeco Mid Cap Fund,Dalmia Bharat Ltd,1.14,,Basic Materials,,
Nippon India Large Cap Fund,HDFC Life Insurance Co Ltd,1.14,,Financial Services,,
Baroda BNP Paribas Mid Cap Fund,Bosch Ltd,1.14,,Consumer Cyclical,46.152832,8.837203
Canara Robeco Mid Cap Fund,UNO Minda Ltd,1.14,,Consumer Cyclical,,
HDFC Mid Cap Fund,Nippon Life India Asset Management Ltd Ordinary Shares,1.14,,Financial Services,,
Baroda BNP Paribas Large Cap Fund,LG Electronics India Ltd,1.14,,Technology,63.68928,14.048153
ITI Mid Cap Fund,Motilal Oswal Financial Services Ltd,1.14,,Financial Services,,
TRUSTMF Small Cap Fund,PhysicsWallah Ltd,1.14,,Consumer Defensive,,
Tata Mid Cap Fund,Lupin Ltd,1.14,,Healthcare,25.007946,5.4900575
SBI Midcap Fund,Hatsun Agro Product Ltd,1.14,,Consumer Defensive,59.18868,10.8024645
Bandhan Large Cap Fund,Bharat Electronics Ltd,1.14,,Industrials,47.852028,12.219276
Mirae Asset Flexi Cap Fund,Tata Consultancy Services Ltd,1.14,,Technology,17.2117,8.097646
JM Midcap Fund,Tinna Rubber & Infrastructure Ltd,1.14,,Basic Materials,,
Navi Flexi Cap Fund,UNO Minda Ltd,1.14,,Consumer Cyclical,,
Motilal Oswal Large Cap Fund,Aptus Value Housing Finance India Ltd,1.14,,Financial Services,,
Kotak Midcap Fund,Metro Brands Ltd,1.14,,Consumer Cyclical,,
UTI-Mid Cap Fund,Timken India Ltd,1.14,,Industrials,60.607704,8.648188
TRUSTMF Flexi Cap Fund,BSE Ltd,1.14,,Financial Services,,
Tata Small Cap Fund,VIP Industries Ltd,1.14,,Consumer Cyclical,60.114506,9.643349
Mirae Asset Large Cap Fund,NTPC Ltd,1.14,,Utilities,10.470804,1.635282
Quant Small Cap Fund,Aditya Birla Lifestyle Brands Ltd,1.14,,Consumer Cyclical,,
Aditya Birla SL Large Cap Fund,Maruti Suzuki India Ltd,1.14,,Consumer Cyclical,30.770073,4.1185155
TRUSTMF Small Cap Fund,Shaily Engineering Plastics Ltd,1.14,,Basic Materials,,
AXIS Flexi Cap Fund,Net Receivables / (Payables),1.14,,,,
WhiteOak Capital Mid Cap Fund,Nippon Life India Asset Management Limited,1.14,,,47.611336,16.1065
DSP Flexi Cap Fund,APL Apollo Tubes Ltd,1.14,,Basic Materials,44.44946,10.328954
ITI Small Cap Fund,RBL Bank Ltd,1.13,,Financial Services,,
Bank of India Small Cap Fund,TVS Srichakra Ltd,1.13,,Consumer Cyclical,42.735516,2.5626037
Edelweiss Small Cap Fund,Sumitomo Chemical India Ltd Ordinary Shares,1.13,,Basic Materials,,
Bank of India Small Cap Fund,CreditAccess Grameen Ltd Ordinary Shares,1.13,,Financial Services,,
Bank of India Large Cap Fund,SBI Life Insurance Co Ltd,1.13,,Financial Services,71.42033,9.250212
Navi Flexi Cap Fund,Power Finance Corp Ltd,1.13,,Financial Services,5.31349,1.0419072
Edelweiss Large Cap Fund,Krishna Institute of Medical Sciences Ltd,1.13,,Healthcare,,
LIC MF Small Cap Fund,Campus Activewear Ltd,1.13,,Consumer Cyclical,,
LIC MF Small Cap Fund,Orkla India Ltd,1.13,,Consumer Defensive,,
Quant Flexi Cap Fund,Piramal Finance Ltd,1.13,,Financial Services,,
ITI Small Cap Fund,Gabriel India Ltd,1.13,,Consumer Cyclical,86.94493,15.764137
TRUSTMF Flexi Cap Fund,Bharat Forge Ltd,1.13,,Consumer Cyclical,100.00883,11.304634
Nippon India Growth Mid Cap Fund,Indian Hotels Co Ltd,1.13,,Consumer Cyclical,48.539177,7.9719944
Bank of India Large Cap Fund,Mazagon Dock Shipbuilders Ltd,1.13,,Industrials,,
JM Flexicap Fund,Punjab National Bank,1.13,,Financial Services,5.9734654,0.8438561
Motilal Oswal Flexi Cap Fund,Premier Energies Ltd,1.13,,Technology,,
Aditya Birla SL Flexi Cap Fund,Bajaj Auto Ltd,1.13,,Consumer Cyclical,27.70058,8.37947
Aditya Birla SL Flexi Cap Fund,Dr. Lal PathLabs Ltd,1.13,,Healthcare,,
Baroda BNP Paribas Small Cap Fund,Craftsman Automation Ltd,1.13,,Consumer Cyclical,54.34704,7.6615663
ITI Mid Cap Fund,Escorts Kubota Ltd,1.13,,Industrials,,
Mahindra Manulife Small Cap Fund,Mold-tek Packaging Ltd,1.13,,Consumer Cyclical,29.941023,3.3014596
Mirae Asset Large Cap Fund,Bharat Petroleum Corp Ltd,1.13,,Energy,,
Bank of India Flexi Cap Fund,Siemens Energy India Ltd,1.13,,Utilities,99.01765,29.658049
Bandhan Flexi Cap Fund,Hero MotoCorp Ltd,1.13,,Consumer Cyclical,21.683006,5.4568286
SBI Midcap Fund,JK Cement Ltd,1.13,,Basic Materials,,
JM Small Cap Fund,Firstsource Solutions Ltd,1.13,,Technology,30.763737,4.407898
PGIM India Midcap Fund,Ajanta Pharma Ltd,1.13,,Healthcare,43.00333,10.097092
Helios Flexi Cap Fund,PhysicsWallah Ltd,1.13,,Consumer Defensive,,
Union Midcap Fund,Sona BLW Precision Forgings Ltd,1.13,,Consumer Cyclical,,
Tata Small Cap Fund,Krsnaa Diagnostics Ltd,1.13,,Healthcare,18.150484,1.855798
Tata Small Cap Fund,ASK Automotive Ltd,1.13,,Consumer Cyclical,,
JM Midcap Fund,Fortis Healthcare Ltd,1.13,,Healthcare,69.465454,7.287105
HDFC Large Cap Fund,Swiggy Ltd,1.13,,Consumer Cyclical,,
Franklin India Mid Cap Fund,K.P.R. Mill Ltd,1.13,,Consumer Cyclical,,
Union Small Cap Fund,Sagility Ltd,1.13,,Healthcare,,
Sundaram Mid Cap Fund,JSW Energy Ltd,1.13,,Utilities,44.45055,3.234078
TRUSTMF Small Cap Fund,Data Patterns (India) Ltd,1.13,,Industrials,91.74241,14.127508
Mirae Asset Midcap Fund,Billionbrains Garage Ventures Ltd,1.13,,Financial Services,,
Mahindra Manulife Flexi Cap Fund,Suzlon Energy Ltd,1.13,,Industrials,21.004366,6.762266
Mahindra Manulife Flexi Cap Fund,Engineers India Ltd,1.13,,Industrials,19.576893,4.309897
WhiteOak Capital Mid Cap Fund,Motilal Oswal Financial Services Ltd,1.13,,Financial Services,,
SBI Large Cap Fund,Sona BLW Precision Forgings Ltd,1.13,,Consumer Cyclical,,
WhiteOak Capital Large Cap Fund,Bajaj Finserv Ltd,1.13,,Financial Services,31.746208,4.122072
AXIS Midcap Fund,ICICI Lombard General Insurance Co Ltd,1.13,,Financial Services,,
Mahindra Manulife Large Cap Fund,Hindustan Aeronautics Ltd Ordinary Shares,1.13,,Industrials,,
UTI-Flexi Cap Fund,Marico Ltd,1.13,,Consumer Defensive,65.507576,27.663319
Baroda BNP Paribas Large Cap Fund,Torrent Pharmaceuticals Ltd,1.13,,Healthcare,78.29249,19.85032
Edelweiss Flexi Cap Fund,The Federal Bank Ltd,1.13,,Financial Services,,
JM Midcap Fund,Hero MotoCorp Ltd,1.13,,Consumer Cyclical,21.683006,5.4568286
Tata Mid Cap Fund,Bharat Electronics Ltd,1.12,,Industrials,47.852028,12.219276
AXIS Midcap Fund,Eternal Ltd,1.12,,Consumer Cyclical,,
ITI Flexi Cap Fund,Oracle Financial Services Software Ltd,1.12,,Technology,,
Sundaram Mid Cap Fund,Indian Bank,1.12,,Financial Services,9.372036,1.4279683
ITI Small Cap Fund,City Union Bank Ltd,1.12,,Financial Services,14.732452,1.988053
ITI Flexi Cap Fund,Sun Pharmaceuticals Industries Ltd,1.12,,Healthcare,,
Mahindra Manulife Large Cap Fund,Net Receivables / (Payables),1.12,,,,
Nippon India Large Cap Fund,Cipla Ltd,1.12,,Healthcare,35.08629,3.4341109
Canara Robeco Large Cap Fund,Tata Consultancy Services Ltd,1.12,,Technology,17.2117,8.097646
Sundaram Mid Cap Fund,Sundaram Liquid Dir Gr,1.12,,,,
Nippon India Large Cap Fund,SBI Life Insurance Co Ltd,1.12,,Financial Services,71.42033,9.250212
Mahindra Manulife Small Cap Fund,NBCC India Ltd,1.12,,Industrials,,
ITI Small Cap Fund,Sedemac Mechatronics Ltd,1.12,,Consumer Cyclical,103.09611,27.419071
Tata Large Cap Fund,Bharat Petroleum Corp Ltd,1.12,,Energy,,
Franklin India Large Cap Fund,Trent Ltd,1.12,,Consumer Cyclical,96.15015,22.879957
Motilal Oswal Small Cap Fund,Thirumalai Chemicals Ltd,1.12,,Basic Materials,,1.2938454
Sundaram Large Cap Fund,Tata Consumer Products Ltd,1.12,,Consumer Defensive,,
HSBC Midcap Fund,Navin Fluorine International Ltd,1.12,,Basic Materials,,
Quant Mid Cap Fund,AWL Agri Business Ltd,1.12,,Consumer Defensive,,
WhiteOak Capital Large Cap Fund,Axis Bank Ltd,1.12,,Financial Services,13.927326,1.7253225
TRUSTMF Flexi Cap Fund,Coforge Ltd,1.12,,Technology,,
Baroda BNP Paribas Large Cap Fund,Bajaj Finserv Ltd,1.12,,Financial Services,31.746208,4.122072
HDFC Flexi Cap Fund,Tata Steel Ltd,1.12,,Basic Materials,34.495415,2.4665117
DSP Small Cap Fund,S.P. Apparels Ltd,1.12,,Consumer Cyclical,,
LIC MF Small Cap Fund,Ather Energy Ltd,1.12,,Consumer Cyclical,,
Shriram Flexi Cap Fund,Marico Ltd,1.12,,Consumer Defensive,65.507576,27.663319
JM Flexicap Fund,Bajaj Finance Ltd,1.12,,Financial Services,,
Franklin India Flexi Cap Fund,Hindalco Industries Ltd,1.12,,Basic Materials,14.367457,1.7221315
Edelweiss Mid Cap Fund,Sundaram Finance Ltd,1.12,,Financial Services,22.8837,3.4346478
NJ Flexi Cap Fund,Tech Mahindra Ltd,1.12,,Technology,31.637583,5.315708
JM Midcap Fund,360 One Wam Ltd Ordinary Shares,1.12,,Financial Services,,
Baroda BNP Paribas Mid Cap Fund,CRISIL Ltd,1.12,,Financial Services,38.169014,10.298539
Union Largecap Fund,JSW Steel Ltd,1.12,,Basic Materials,12.760185,3.15554
Baroda BNP Paribas Large Cap Fund,Bharat Electronics Ltd,1.12,,Industrials,47.852028,12.219276
Edelweiss Mid Cap Fund,Ajanta Pharma Ltd,1.12,,Healthcare,43.00333,10.097092
Aditya Birla SL Flexi Cap Fund,Angel One Ltd Ordinary Shares,1.11,,Financial Services,,
Mahindra Manulife Mid Cap Fund,Kajaria Ceramics Ltd,1.11,,Industrials,34.01224,6.063991
ITI Flexi Cap Fund,TVS Motor Co Ltd,1.11,,Consumer Cyclical,61.730606,63.15901
ITI Small Cap Fund,Aditya Birla Capital Ltd,1.11,,Financial Services,26.376858,3.1052613
Kotak Large Cap Fund,Tech Mahindra Ltd,1.11,,Technology,31.637583,5.315708
Mahindra Manulife Flexi Cap Fund,Net Receivables / (Payables),1.11,,,,
Aditya Birla SL Flexi Cap Fund,Maruti Suzuki India Ltd,1.11,,Consumer Cyclical,30.770073,4.1185155
Canara Robeco Large Cap Fund,NTPC Ltd,1.11,,Utilities,10.470804,1.635282
HDFC Flexi Cap Fund,Divi's Laboratories Ltd,1.11,,Healthcare,85.46783,13.0643635
DSP Flexi Cap Fund,Multi Commodity Exchange of India Ltd,1.11,,Financial Services,,
AXIS Large Cap Fund,Bharat Electronics Ltd,1.11,,Industrials,47.852028,12.219276
Tata Mid Cap Fund,Ramco Cements Ltd,1.11,,Basic Materials,,
Mahindra Manulife Mid Cap Fund,Schaeffler India Ltd,1.11,,Consumer Cyclical,,
Bank of India Small Cap Fund,Prudent Corporate Advisory Services Ltd,1.11,,Financial Services,,
360 ONE FlexiCap Fund,Vedanta Aluminium Metal Ltd,1.11,,Basic Materials,,
PGIM India Midcap Fund,JSW Infrastructure Ltd,1.11,,Industrials,46.310345,6.4361844
ITI Mid Cap Fund,Lupin Ltd,1.11,,Healthcare,25.007946,5.4900575
Edelweiss Small Cap Fund,JSW Cement Ltd,1.11,,Basic Materials,,
WhiteOak Capital Large Cap Fund,Pidilite Industries Ltd,1.11,,Basic Materials,64.94523,15.596959
Aditya Birla SL Large Cap Fund,Mankind Pharma Ltd,1.11,,Healthcare,,
PGIM India Midcap Fund,JSW Steel Ltd,1.11,,Basic Materials,12.760185,3.15554
Motilal Oswal Small Cap Fund,eClerx Services Ltd,1.11,,Technology,22.936602,6.389295
Tata Small Cap Fund,PCBL Chemical Ltd,1.11,,Basic Materials,,
DSP Small Cap Fund,Rainbow Childrens Medicare Ltd,1.11,,Healthcare,,
Edelweiss Large Cap Fund,Net Receivables/(Payables),1.11,,,,
Union Small Cap Fund,Ather Energy Ltd,1.11,,Consumer Cyclical,,
TRUSTMF Flexi Cap Fund,Sedemac Mechatronics Ltd,1.11,,Consumer Cyclical,103.09611,27.419071
Baroda BNP Paribas Mid Cap Fund,Shree Cement Ltd,1.11,,Basic Materials,55.361866,4.2382216
Edelweiss Large Cap Fund,Cash Offset For Derivatives,1.1,,,,
Bank of India Small Cap Fund,Sanathan Textiles Ltd,1.1,,Consumer Cyclical,,
Union Midcap Fund,Schaeffler India Ltd,1.1,,Consumer Cyclical,,
Edelweiss Large Cap Fund,Infosys Ltd.28/07/2026,1.1,,,,
Franklin India Flexi Cap Fund,Asian Paints Ltd,1.1,,Basic Materials,67.65291,13.316042
PGIM India Flexi Cap Fund,Prestige Estates Projects Ltd,1.1,,Real Estate,59.86932,4.183585
Invesco India Flexi Cap Fund,Bharat Electronics Ltd,1.1,,Industrials,47.852028,12.219276
ITI Flexi Cap Fund,Concord Biotech Ltd,1.1,,Healthcare,,
LIC MF Midcap Fund,Muthoot Finance Ltd,1.1,,Financial Services,10.19353,2.9614034
Aditya Birla SL Flexi Cap Fund,Eternal Ltd,1.1,,Consumer Cyclical,,
Union Small Cap Fund,Treps,1.1,,,,
Canara Robeco Small Cap Fund,V-Mart Retail Ltd,1.1,,Consumer Cyclical,46.306488,6.6772213
Sundaram Mid Cap Fund,Dixon Technologies (India) Ltd,1.1,,Technology,,
LIC MF Large Cap Fund,Nippon Life India Asset Management Ltd Ordinary Shares,1.1,,Financial Services,,
LIC MF Large Cap Fund,Tata Steel Ltd,1.1,,Basic Materials,34.495415,2.4665117
Quantum Small Cap Fund,Gujarat Energy Ltd,1.1,,Utilities,,
Bank of India Small Cap Fund,Mrs Bectors Food Specialities Ltd Ordinary Shares,1.1,,Consumer Defensive,,
HSBC Small Cap Fund,Sumitomo Chemical India Ltd Ordinary Shares,1.1,,Basic Materials,,
Bandhan Small Cap Fund,One97 Communications Ltd,1.1,,Technology,,
JM Large Cap Fund,SRF Ltd,1.1,,Industrials,35.841557,5.5199285
TRUSTMF Flexi Cap Fund,Apollo Micro Systems Ltd Ordinary Shares,1.1,,Industrials,,
Tata Flexi Cap Fund,Brookfield India Real Estate Trust,1.1,,Real Estate,47.194252,1.4751358
ITI Mid Cap Fund,Blue Star Ltd,1.1,,Industrials,62.967583,10.043221
DSP Small Cap Fund,Apar Industries Ltd,1.1,,Industrials,56.81733,12.386799
JM Small Cap Fund,Northern Arc Capital Ltd,1.1,,Financial Services,10.300149,1.1457711
Helios Flexi Cap Fund,Coal India Ltd,1.1,,Energy,8.216264,2.1484375
JM Flexicap Fund,360 One Wam Ltd Ordinary Shares,1.1,,Financial Services,,
HDFC Flexi Cap Fund,Persistent Systems Ltd,1.1,,Technology,44.642857,10.92834
Mirae Asset Midcap Fund,Treps,1.1,,,,
ITI Mid Cap Fund,NTPC Ltd,1.1,,Utilities,10.470804,1.635282
Kotak Midcap Fund,ICICI Lombard General Insurance Co Ltd,1.1,,Financial Services,,
Edelweiss Small Cap Fund,Concord Biotech Ltd,1.1,,Healthcare,,
Union Flexi Cap Fund,Shriram Finance Ltd,1.1,,Financial Services,,
UTI-Mid Cap Fund,Torrent Power Ltd,1.1,,Utilities,28.734314,3.5683436
DSP Flexi Cap Fund,Rainbow Childrens Medicare Ltd,1.1,,Healthcare,,
Baroda BNP Paribas Mid Cap Fund,TVS Motor Co Ltd,1.1,,Consumer Cyclical,61.730606,63.15901
ITI Mid Cap Fund,State Bank of India,1.09,,Financial Services,12.03334,1.698928
HSBC Small Cap Fund,PTC Industries Ltd,1.09,,Industrials,270.2842,18.969341
ITI Flexi Cap Fund,Vishnu Chemicals Ltd,1.09,,Basic Materials,27.696125,3.665791
PGIM India Flexi Cap Fund,DOMS Industries Ltd,1.09,,Industrials,,
DSP Midcap Fund,Cholamandalam Financial Holdings Ltd,1.09,,Financial Services,,
DSP Small Cap Fund,Mold-tek Packaging Ltd,1.09,,Consumer Cyclical,29.941023,3.3014596
Kotak Large Cap Fund,Hindustan Unilever Ltd,1.09,,Consumer Defensive,46.515755,10.1043215
PGIM India Midcap Fund,Torrent Power Ltd,1.09,,Utilities,28.734314,3.5683436
DSP Flexi Cap Fund,Polycab India Ltd,1.09,,Industrials,,
PGIM India Large Cap Fund,Maruti Suzuki India Ltd,1.09,,Consumer Cyclical,30.770073,4.1185155
Mahindra Manulife Small Cap Fund,Stove Kraft Ltd Ordinary Shares,1.09,,Consumer Cyclical,,
DSP Flexi Cap Fund,Century Plyboards (India) Ltd,1.09,,Basic Materials,,
ITI Mid Cap Fund,Bharti Hexacom Ltd,1.09,,Communication Services,,
UTI-Large Cap Fund,Bajaj Auto Ltd,1.09,,Consumer Cyclical,27.70058,8.37947
Mahindra Manulife Small Cap Fund,Gokaldas Exports Ltd,1.09,,Consumer Cyclical,60.60948,2.730805
Mahindra Manulife Large Cap Fund,Tata Capital Ltd,1.09,,Financial Services,,
Union Small Cap Fund,eClerx Services Ltd,1.09,,Technology,22.936602,6.389295
Sundaram Mid Cap Fund,Mankind Pharma Ltd,1.09,,Healthcare,,
HSBC Small Cap Fund,Laurus Labs Ltd,1.09,,Healthcare,,
Nippon India Growth Mid Cap Fund,Dixon Technologies (India) Ltd,1.09,,Technology,,
Parag Parikh Flexi Cap Fund,Indraprastha Gas Ltd,1.09,,Utilities,13.7129965,1.8475419
ITI Mid Cap Fund,JSW Energy Ltd,1.09,,Utilities,44.45055,3.234078
Invesco India Largecap Fund,Global Health Ltd,1.09,,Healthcare,,
Invesco India Flexi Cap Fund,Dixon Technologies (India) Ltd,1.09,,Technology,,
Aditya Birla SL Large Cap Fund,Meesho Ltd,1.09,,Consumer Cyclical,,
Quant Flexi Cap Fund,Bharat Heavy Electricals Ltd,1.09,,Industrials,58.142857,5.4202347
Invesco India Flexi Cap Fund,Eternal Ltd,1.09,,Consumer Cyclical,,
Invesco India Flexi Cap Fund,Knowledge Marine & Engineering Works Ltd Ordinary Shares,1.09,,Industrials,,
JM Midcap Fund,Apar Industries Ltd,1.09,,Industrials,56.81733,12.386799
ITI Small Cap Fund,Titagarh Rail Systems Ltd,1.09,,Industrials,94.37083,4.6903887
SBI Small Cap Fund,India (Republic of),1.09,,,,
Tata Mid Cap Fund,Apollo Hospitals Enterprise Ltd,1.09,,Healthcare,,
Tata Mid Cap Fund,Multi Commodity Exchange of India Ltd,1.09,,Financial Services,,
Canara Robeco Small Cap Fund,Sobha Ltd,1.09,,Real Estate,,
Franklin India Mid Cap Fund,Aster DM Quality Care Ltd Ordinary Shares,1.09,,Healthcare,,
HSBC Large Cap Fund,Hindustan Petroleum Corp Ltd,1.09,,Energy,,
Union Largecap Fund,Treps,1.09,,,,
HSBC Flexi Cap Fund,Lenskart Solutions Ltd,1.08,,Healthcare,195.7732,11.320417
DSP Midcap Fund,Polycab India Ltd,1.08,,Industrials,,
JM Small Cap Fund,Sagility Ltd,1.08,,Healthcare,,
Baroda BNP Paribas Mid Cap Fund,JSW Energy Ltd,1.08,,Utilities,44.45055,3.234078
Helios Flexi Cap Fund,K.P.R. Mill Ltd,1.08,,Consumer Cyclical,,
Edelweiss Flexi Cap Fund,Craftsman Automation Ltd,1.08,,Consumer Cyclical,54.34704,7.6615663
Invesco India Largecap Fund,Samvardhana Motherson International Ltd,1.08,,Consumer Cyclical,,
Shriram Flexi Cap Fund,Rainbow Childrens Medicare Ltd,1.08,,Healthcare,,
Tata Flexi Cap Fund,Indian Hotels Co Ltd,1.08,,Consumer Cyclical,48.539177,7.9719944
Helios Flexi Cap Fund,ABB India Ltd,1.08,,Industrials,39.10034,14.718281
HSBC Flexi Cap Fund,Ather Energy Ltd,1.08,,Consumer Cyclical,,
Franklin India Mid Cap Fund,Godrej Properties Ltd,1.08,,Real Estate,38.909775,3.254932
Helios Flexi Cap Fund,Gokaldas Exports Ltd,1.08,,Consumer Cyclical,60.60948,2.730805
AXIS Midcap Fund,Coforge Ltd,1.08,,Technology,,
UTI-Flexi Cap Fund,Nestle India Ltd,1.08,,Consumer Defensive,90.96278,66.96817
Tata Large Cap Fund,Westlife Foodworld Ltd,1.08,,Consumer Cyclical,294.4802,14.863075
Aditya Birla SL Large Cap Fund,Persistent Systems Ltd,1.08,,Technology,44.642857,10.92834
Sundaram Mid Cap Fund,Persistent Systems Ltd,1.08,,Technology,44.642857,10.92834
Edelweiss Flexi Cap Fund,Radico Khaitan Ltd,1.08,,Consumer Defensive,85.46732,18.168161
JM Small Cap Fund,Zuari Industries Ltd,1.08,,Industrials,,
Canara Robeco Small Cap Fund,Bajaj Finance Ltd,1.08,,Financial Services,,
Quant Mid Cap Fund,Nippon Life India Asset Management Ltd,1.08,,,,
Mahindra Manulife Small Cap Fund,GE Vernova T&D India Ltd,1.08,,Industrials,84.030495,40.910908
Bank of India Flexi Cap Fund,UltraTech Cement Ltd,1.08,,Basic Materials,41.494347,4.6217
Union Small Cap Fund,Hindustan Copper Ltd,1.08,,Basic Materials,56.491043,15.52563
ITI Large Cap Fund,Hindustan Aeronautics Ltd Ordinary Shares,1.08,,Industrials,,
UTI-Flexi Cap Fund,CG Power & Industrial Solutions Ltd,1.08,,Industrials,,
UTI-Mid Cap Fund,Solar Industries India Ltd,1.08,,Basic Materials,99.0099,26.524855
AXIS Large Cap Fund,Max Healthcare Institute Ltd Ordinary Shares,1.08,,Healthcare,,
Nippon India Growth Mid Cap Fund,Indian Bank,1.08,,Financial Services,9.372036,1.4279683
Mahindra Manulife Flexi Cap Fund,CESC Ltd,1.08,,Utilities,13.964226,1.7352923
Motilal Oswal Large Cap Fund,J.B. Chemicals & Pharmaceuticals Ltd,1.08,,Healthcare,,
Nippon India Growth Mid Cap Fund,Lupin Ltd,1.08,,Healthcare,25.007946,5.4900575
Mahindra Manulife Mid Cap Fund,Kirloskar Brothers Ltd,1.08,,Industrials,40.487545,6.1286645
Aditya Birla SL Large Cap Fund,Bajaj Finance Ltd,1.08,,Financial Services,,
ICICI Pru Large Cap Fund,United Spirits Ltd,1.08,,Consumer Defensive,63.68353,11.682224
Bank of India Large Cap Fund,Tata Motors Ltd,1.08,,Consumer Cyclical,,
ICICI Pru Large Cap Fund,Hindustan Aeronautics Ltd Ordinary Shares,1.08,,Industrials,,
Nippon India Growth Mid Cap Fund,HDB Financial Services Ltd,1.08,,Financial Services,,
ITI Flexi Cap Fund,INOX India Ltd,1.08,,Industrials,,
Helios Flexi Cap Fund,Net Receivable / Payable,1.07,,,,
Edelweiss Flexi Cap Fund,Phoenix Mills Ltd,1.07,,Real Estate,51.817932,6.168099
Shriram Flexi Cap Fund,Apollo Hospitals Enterprise Ltd,1.07,,Healthcare,,
Invesco India Largecap Fund,Divi's Laboratories Ltd,1.07,,Healthcare,85.46783,13.0643635
Sundaram Mid Cap Fund,Amber Enterprises India Ltd Ordinary Shares,1.07,,Consumer Cyclical,,
UTI-Large Cap Fund,LTM Ltd,1.07,,Technology,,
PGIM India Flexi Cap Fund,Krishna Institute of Medical Sciences Ltd,1.07,,Healthcare,,
Invesco India Flexi Cap Fund,FSN E-Commerce Ventures Ltd,1.07,,Consumer Cyclical,,
PGIM India Flexi Cap Fund,Kotak Mahindra Bank Ltd,1.07,,Financial Services,19.154411,2.1446095
HSBC Flexi Cap Fund,Sun Pharmaceuticals Industries Ltd,1.07,,Healthcare,,
ITI Large Cap Fund,Ambuja Cements Ltd,1.07,,Basic Materials,24.327354,1.8076178
UTI-Large Cap Fund,Jindal Stainless Ltd,1.07,,Basic Materials,18.65668,13.449393
JM Large Cap Fund,Prestige Estates Projects Ltd,1.07,,Real Estate,59.86932,4.183585
Tata Mid Cap Fund,Ashok Leyland Ltd,1.07,,Industrials,30.033842,7.320795
Nippon India Flexi Cap Fund,Lupin Ltd,1.07,,Healthcare,25.007946,5.4900575
DSP Large Cap Fund,United Spirits Ltd,1.07,,Consumer Defensive,63.68353,11.682224
Union Midcap Fund,Multi Commodity Exchange of India Ltd,1.07,,Financial Services,,
Mirae Asset Flexi Cap Fund,Narayana Hrudayalaya Ltd,1.07,,Healthcare,46.511227,8.438228
DSP Large Cap Fund,Oil & Natural Gas Corp Ltd,1.07,,Energy,,
Nippon India Large Cap Fund,Lupin Ltd,1.07,,Healthcare,25.007946,5.4900575
HSBC Small Cap Fund,Bikaji Foods International Ltd,1.07,,Consumer Defensive,,
Nippon India Flexi Cap Fund,Kotak Mahindra Bank Ltd,1.07,,Financial Services,19.154411,2.1446095
Franklin India Flexi Cap Fund,Kalyan Jewellers India Ltd,1.07,,Consumer Cyclical,,
Mahindra Manulife Large Cap Fund,HDB Financial Services Ltd,1.07,,Financial Services,,
LIC MF Small Cap Fund,Galaxy Surfactants Ltd,1.07,,Basic Materials,27.398912,2.6695411
Invesco India Midcap Fund,Net Receivables / (Payables),1.07,,,,
Union Midcap Fund,Gabriel India Ltd,1.07,,Consumer Cyclical,86.94493,15.764137
NJ Flexi Cap Fund,Mphasis Ltd,1.07,,Technology,24.812908,4.174768
JM Large Cap Fund,CG Power & Industrial Solutions Ltd,1.07,,Industrials,,
Mirae Asset Flexi Cap Fund,Inventurus Knowledge Solutions Ltd,1.07,,Healthcare,,
Union Small Cap Fund,MTAR Technologies Ltd,1.07,,Industrials,,
HSBC Midcap Fund,Atlanta Electricals Ltd,1.07,,Industrials,54.953846,13.301447
PGIM India Midcap Fund,Fortis Healthcare Ltd,1.07,,Healthcare,69.465454,7.287105
Bank of India Small Cap Fund,Aye Finance Ltd,1.07,,Financial Services,,
ITI Mid Cap Fund,Aurobindo Pharma Ltd,1.07,,Healthcare,25.90625,2.5414207
Canara Robeco Small Cap Fund,Can Fin Homes Ltd,1.07,,Financial Services,9.523417,1.8063651
JM Flexicap Fund,Trent Ltd,1.07,,Consumer Cyclical,96.15015,22.879957
Invesco India Smallcap Fund,Ingersoll-Rand (India) Ltd,1.07,,Industrials,53.475193,22.16104
Nippon India Growth Mid Cap Fund,Trent Ltd,1.07,,Consumer Cyclical,96.15015,22.879957
AXIS Large Cap Fund,Cipla Ltd,1.07,,Healthcare,35.08629,3.4341109
Aditya Birla SL Flexi Cap Fund,Trent Ltd,1.07,,Consumer Cyclical,96.15015,22.879957
Motilal Oswal Small Cap Fund,Central Depository Services (India) Ltd,1.07,,Financial Services,,
HDFC Large Cap Fund,Hyundai Motor India Ltd,1.07,,Consumer Cyclical,36.36589,8.935097
Kotak Midcap Fund,REC Ltd,1.07,,Financial Services,34.348328,5.7735553
SBI Large Cap Fund,InterGlobe Aviation Ltd,1.07,,Industrials,23.408157,29.576513
Aditya Birla SL Flexi Cap Fund,AU Small Finance Bank Ltd,1.07,,Financial Services,28.249933,3.9927256
ITI Flexi Cap Fund,Indian Hotels Co Ltd,1.07,,Consumer Cyclical,48.539177,7.9719944
WhiteOak Capital Large Cap Fund,Infosys Limited,1.07,,,15.266987,5.1902313
Bandhan Large Cap Fund,Adani Ports & Special Economic Zone Ltd,1.07,,Industrials,,
Mahindra Manulife Flexi Cap Fund,Neuland Laboratories Ltd,1.07,,Healthcare,75.7588,15.6353445
Bank of India Small Cap Fund,Lumax Auto Technologies Ltd,1.07,,Consumer Cyclical,55.389194,11.1216955
Edelweiss Small Cap Fund,Thermax Ltd,1.07,,Industrials,77.06719,8.242397
JM Midcap Fund,Multi Commodity Exchange of India Ltd,1.07,,Financial Services,,
ITI Flexi Cap Fund,Bandhan Bank Ltd,1.07,,Financial Services,,
Quantum Small Cap Fund,GNA Axles Ltd,1.07,,Consumer Cyclical,,
Bandhan Midcap Fund,Max Financial Services Ltd,1.07,,Financial Services,,
AXIS Large Cap Fund,Solar Industries India Ltd,1.07,,Basic Materials,99.0099,26.524855
AXIS Large Cap Fund,CG Power & Industrial Solutions Ltd,1.07,,Industrials,,
Nippon India Growth Mid Cap Fund,Ipca Laboratories Ltd,1.07,,Healthcare,38.607655,5.4611874
Nippon India Growth Mid Cap Fund,ZF Commercial Vehicle Control Systems India Ltd,1.06,,Consumer Cyclical,,
Franklin India Mid Cap Fund,Siemens Energy India Ltd,1.06,,Utilities,99.01765,29.658049
SBI Large Cap Fund,Hindustan Unilever Ltd,1.06,,Consumer Defensive,46.515755,10.1043215
ITI Flexi Cap Fund,Cholamandalam Investment and Finance Co Ltd,1.06,,Financial Services,,
JM Small Cap Fund,Garden Reach Shipbuilders & Engineers Ltd,1.06,,Industrials,,
ICICI Pru Large Cap Fund,Oil & Natural Gas Corp Ltd,1.06,,Energy,,
HDFC Mid Cap Fund,Coromandel International Ltd,1.06,,Basic Materials,33.319637,4.850019
Bandhan Small Cap Fund,Sky Gold and Diamonds Ltd,1.06,,Consumer Cyclical,38.30671,9.299259
UTI-Mid Cap Fund,Gland Pharma Ltd,1.06,,Healthcare,,
Invesco India Largecap Fund,Prestige Estates Projects Ltd,1.06,,Real Estate,59.86932,4.183585
DSP Large Cap Fund,Asian Paints Ltd,1.06,,Basic Materials,67.65291,13.316042
AXIS Flexi Cap Fund,Ipca Laboratories Ltd,1.06,,Healthcare,38.607655,5.4611874
WhiteOak Capital Large Cap Fund,Cholamandalam Investment and Finance Co Ltd,1.06,,Financial Services,,
WhiteOak Capital Large Cap Fund,Billionbrains Garage Ventures Ltd,1.06,,Financial Services,,
Mahindra Manulife Small Cap Fund,Sona BLW Precision Forgings Ltd,1.06,,Consumer Cyclical,,
JM Small Cap Fund,Motilal Oswal Financial Services Ltd,1.06,,Financial Services,,
Franklin India Flexi Cap Fund,Pine Labs Ltd,1.06,,Technology,,
Mahindra Manulife Flexi Cap Fund,Crompton Greaves Consumer Electricals Ltd,1.06,,Consumer Cyclical,,
Nippon India Growth Mid Cap Fund,FSN E-Commerce Ventures Ltd,1.06,,Consumer Cyclical,,
Franklin India Large Cap Fund,Asian Paints Ltd,1.06,,Basic Materials,67.65291,13.316042
Mirae Asset Large Cap Fund,Titan Co Ltd,1.06,,Consumer Cyclical,,
Bajaj Finserv Flexi Cap Fund,Premier Energies Ltd,1.06,,Technology,,
Nippon India Large Cap Fund,Divi's Laboratories Ltd,1.06,,Healthcare,85.46783,13.0643635
DSP Small Cap Fund,Safari Industries (India) Ltd,1.06,,Consumer Cyclical,44.051006,6.528887
LIC MF Midcap Fund,Bharat Dynamics Ltd Ordinary Shares,1.06,,Industrials,,
Invesco India Smallcap Fund,Go Digit General Insurance Ltd,1.06,,Financial Services,,
LIC MF Midcap Fund,BSE Ltd,1.06,,Financial Services,,
Navi Flexi Cap Fund,United Spirits Ltd,1.06,,Consumer Defensive,63.68353,11.682224
Invesco India Smallcap Fund,Leela Palaces Hotels and Resorts Ltd,1.06,,Consumer Cyclical,,
HSBC Small Cap Fund,Techno Electric & Engineering Co Ltd,1.06,,Industrials,,
JM Flexicap Fund,Pine Labs Ltd,1.06,,Technology,,
PGIM India Midcap Fund,Karur Vysya Bank Ltd,1.06,,Financial Services,11.819303,2.299122
ITI Mid Cap Fund,Max Financial Services Ltd,1.06,,Financial Services,,
HSBC Flexi Cap Fund,Global Health Ltd,1.06,,Healthcare,,
TRUSTMF Flexi Cap Fund,Navin Fluorine International Ltd,1.06,,Basic Materials,,
PGIM India Midcap Fund,Container Corporation of India Ltd,1.06,,Industrials,,
PGIM India Midcap Fund,Timken India Ltd,1.06,,Industrials,60.607704,8.648188
Edelweiss Flexi Cap Fund,IDFC First Bank Ltd,1.06,,Financial Services,,
Bajaj Finserv Flexi Cap Fund,GlaxoSmithKline Pharmaceuticals Ltd,1.06,,Healthcare,,
Baroda BNP Paribas Mid Cap Fund,LG Electronics India Ltd,1.05,,Technology,63.68928,14.048153
Franklin India Flexi Cap Fund,Prestige Estates Projects Ltd,1.05,,Real Estate,59.86932,4.183585
TRUSTMF Small Cap Fund,Granules India Ltd,1.05,,Healthcare,38.792797,5.317839
TRUSTMF Small Cap Fund,TD Power Systems Ltd,1.05,,Industrials,82.627785,18.378323
PGIM India Midcap Fund,Bajaj Finance Ltd,1.05,,Financial Services,,
Aditya Birla SL Large Cap Fund,Lenskart Solutions Ltd,1.05,,Healthcare,195.7732,11.320417
Franklin India Flexi Cap Fund,Eris Lifesciences Ltd Registered Shs,1.05,,Healthcare,,
JM Midcap Fund,Mphasis Ltd,1.05,,Technology,24.812908,4.174768
TRUSTMF Flexi Cap Fund,JSW Infrastructure Ltd,1.05,,Industrials,46.310345,6.4361844
Baroda BNP Paribas Mid Cap Fund,3M India Ltd,1.05,,Industrials,77.51976,22.932638
Baroda BNP Paribas Large Cap Fund,NHPC Ltd,1.05,,Utilities,27.97091,1.8693043
Canara Robeco Large Cap Fund,Hindustan Aeronautics Ltd Ordinary Shares,1.05,,Industrials,,
Aditya Birla SL Flexi Cap Fund,Adani Ports & Special Economic Zone Ltd,1.05,,Industrials,,
Tata Small Cap Fund,Gokaldas Exports Ltd,1.05,,Consumer Cyclical,60.60948,2.730805
HDFC Mid Cap Fund,Eternal Ltd,1.05,,Consumer Cyclical,,
ITI Mid Cap Fund,Dixon Technologies (India) Ltd,1.05,,Technology,,
Nippon India Growth Mid Cap Fund,APL Apollo Tubes Ltd,1.05,,Basic Materials,44.44946,10.328954
SBI Large Cap Fund,PI Industries Ltd,1.05,,Basic Materials,31.848026,3.7480412
Mahindra Manulife Flexi Cap Fund,Carborundum Universal Ltd,1.05,,Industrials,106.40155,5.35846
Bank of India Small Cap Fund,Meesho Ltd,1.05,,Consumer Cyclical,,
AXIS Midcap Fund,TVS Motor Co Ltd,1.05,,Consumer Cyclical,61.730606,63.15901
Mirae Asset Flexi Cap Fund,Anthem Biosciences Ltd,1.05,,Healthcare,83.34985,15.526631
AXIS Large Cap Fund,Torrent Pharmaceuticals Ltd,1.05,,Healthcare,78.29249,19.85032
UTI-Mid Cap Fund,Steel Authority Of India Ltd,1.05,,Basic Materials,28.473343,1.2537969
UTI-Mid Cap Fund,Global Health Ltd,1.05,,Healthcare,,
ITI Flexi Cap Fund,InterGlobe Aviation Ltd,1.05,,Industrials,23.408157,29.576513
UTI-Mid Cap Fund,Mphasis Ltd,1.05,,Technology,24.812908,4.174768
Sundaram Mid Cap Fund,Ashok Leyland Ltd,1.05,,Industrials,30.033842,7.320795
Edelweiss Flexi Cap Fund,Cash Offset For Derivatives,1.05,,,,
Baroda BNP Paribas Flexi Cap Fund,Blue Star Ltd,1.05,,Industrials,62.967583,10.043221
WhiteOak Capital Large Cap Fund,Asian Paints Ltd,1.05,,Basic Materials,67.65291,13.316042
Nippon India Flexi Cap Fund,Hindustan Petroleum Corp Ltd,1.05,,Energy,,
Invesco India Flexi Cap Fund,Transformers & Rectifiers (India) Ltd,1.05,,Industrials,,
Canara Robeco Small Cap Fund,CESC Ltd,1.05,,Utilities,13.964226,1.7352923
Edelweiss Mid Cap Fund,Indian Hotels Co Ltd,1.05,,Consumer Cyclical,48.539177,7.9719944
Mahindra Manulife Flexi Cap Fund,Info Edge (India) Ltd,1.05,,Communication Services,54.93524,2.101429
UTI-Mid Cap Fund,Berger Paints India Ltd,1.05,,Basic Materials,57.216827,9.844281
Mirae Asset Flexi Cap Fund,Bharat Electronics Ltd,1.04,,Industrials,47.852028,12.219276
Union Midcap Fund,Aarti Industries Ltd,1.04,,Basic Materials,34.366875,3.0478146
AXIS Flexi Cap Fund,Bharat Forge Ltd,1.04,,Consumer Cyclical,100.00883,11.304634
Bank of India Flexi Cap Fund,Prudent Corporate Advisory Services Ltd,1.04,,Financial Services,,
AXIS Flexi Cap Fund,Sai Life Sciences Ltd,1.04,,Healthcare,,
Aditya Birla SL Flexi Cap Fund,Clearing Corporation Of India Limited,1.04,,,,
ITI Mid Cap Fund,Oberoi Realty Ltd,1.04,,Real Estate,24.57135,3.6052597
Mahindra Manulife Small Cap Fund,Sagility Ltd,1.04,,Healthcare,,
WhiteOak Capital Mid Cap Fund,JSW Infrastructure Ltd,1.04,,Industrials,46.310345,6.4361844
LIC MF Small Cap Fund,SML Mahindra Ltd,1.04,,Consumer Cyclical,,
Union Flexi Cap Fund,Aarti Industries Ltd,1.04,,Basic Materials,34.366875,3.0478146
HSBC Flexi Cap Fund,JSW Energy Ltd,1.04,,Utilities,44.45055,3.234078
Bank of India Flexi Cap Fund,Tata Motors Ltd,1.04,,Consumer Cyclical,,
Edelweiss Flexi Cap Fund,Bharat Electronics Ltd,1.04,,Industrials,47.852028,12.219276
Mahindra Manulife Small Cap Fund,Bandhan Bank Ltd,1.04,,Financial Services,,
HSBC Midcap Fund,Avalon Technologies Ltd,1.04,,Technology,116.28995,18.191496
Invesco India Smallcap Fund,Timken India Ltd,1.04,,Industrials,60.607704,8.648188
ITI Flexi Cap Fund,Maruti Suzuki India Ltd,1.04,,Consumer Cyclical,30.770073,4.1185155
JM Midcap Fund,Sumitomo Chemical India Ltd Ordinary Shares,1.04,,Basic Materials,,
Nippon India Large Cap Fund,Cholamandalam Investment and Finance Co Ltd,1.04,,Financial Services,,
Edelweiss Mid Cap Fund,Vishal Mega Mart Ltd,1.04,,Consumer Cyclical,,
360 ONE FlexiCap Fund,Redington Ltd,1.04,,Technology,,
UTI-Mid Cap Fund,ITC Hotels Ltd,1.04,,Consumer Cyclical,,
ICICI Pru Large Cap Fund,SBI Life Insurance Co Ltd,1.04,,Financial Services,71.42033,9.250212
Nippon India Growth Mid Cap Fund,Angel One Ltd Ordinary Shares,1.04,,Financial Services,,
Baroda BNP Paribas Large Cap Fund,United Spirits Ltd,1.04,,Consumer Defensive,63.68353,11.682224
Aditya Birla SL Large Cap Fund,PNB Housing Finance Ltd,1.04,,Financial Services,,
WhiteOak Capital Flexi Cap Fund,Max Financial Services Ltd,1.04,,Financial Services,,
UTI-Flexi Cap Fund,Poly Medicure Ltd,1.04,,Healthcare,53.19868,5.5223246
Sundaram Large Cap Fund,Bank of Baroda,1.04,,Financial Services,7.138383,0.7690585
UTI-Mid Cap Fund,Aditya Birla Capital Ltd,1.03,,Financial Services,26.376858,3.1052613
UTI-Mid Cap Fund,CreditAccess Grameen Ltd Ordinary Shares,1.03,,Financial Services,,
UTI-Mid Cap Fund,Cholamandalam Investment and Finance Co Ltd,1.03,,Financial Services,,
Edelweiss Small Cap Fund,Balkrishna Industries Ltd,1.03,,Consumer Cyclical,36.381264,4.568192
Edelweiss Small Cap Fund,Prestige Estates Projects Ltd,1.03,,Real Estate,59.86932,4.183585
Mirae Asset Large Cap Fund,Varun Beverages Ltd,1.03,,Consumer Defensive,,
Sundaram Mid Cap Fund,Prestige Estates Projects Ltd,1.03,,Real Estate,59.86932,4.183585
PGIM India Large Cap Fund,Torrent Pharmaceuticals Ltd,1.03,,Healthcare,78.29249,19.85032
WhiteOak Capital Large Cap Fund,Max Financial Services Ltd,1.03,,Financial Services,,
Edelweiss Mid Cap Fund,SRF Ltd,1.03,,Industrials,35.841557,5.5199285
UTI-Large Cap Fund,Oil & Natural Gas Corp Ltd,1.03,,Energy,,
ITI Flexi Cap Fund,Prestige Estates Projects Ltd,1.03,,Real Estate,59.86932,4.183585
ITI Flexi Cap Fund,The Federal Bank Ltd,1.03,,Financial Services,,
PGIM India Large Cap Fund,Shriram Finance Ltd,1.03,,Financial Services,,
UTI-Mid Cap Fund,Oil India Ltd,1.03,,Energy,10.88228,1.2416646
TRUSTMF Flexi Cap Fund,Minda Corp Ltd,1.03,,Consumer Cyclical,47.85478,6.43658
Invesco India Smallcap Fund,Aditya Birla Real Estate Ltd,1.03,,Real Estate,,
UTI-Mid Cap Fund,Coromandel International Ltd,1.03,,Basic Materials,33.319637,4.850019
DSP Midcap Fund,KPIT Technologies Ltd,1.03,,Technology,29.503763,4.822329
Mirae Asset Large Cap Fund,Trent Ltd,1.03,,Consumer Cyclical,96.15015,22.879957
Baroda BNP Paribas Small Cap Fund,RBL Bank Ltd,1.03,,Financial Services,,
Mahindra Manulife Flexi Cap Fund,Zydus Lifesciences Ltd,1.03,,Healthcare,22.221779,4.1353354
Bandhan Flexi Cap Fund,Hyundai Motor India Ltd,1.03,,Consumer Cyclical,36.36589,8.935097
PGIM India Large Cap Fund,Cummins India Ltd,1.03,,Industrials,63.69292,17.746988
Edelweiss Small Cap Fund,ITC Hotels Ltd,1.03,,Consumer Cyclical,,
Edelweiss Large Cap Fund,Torrent Pharmaceuticals Ltd,1.03,,Healthcare,78.29249,19.85032
LIC MF Midcap Fund,Godfrey Phillips India Ltd,1.03,,Consumer Defensive,27.37881,6.106945
Mahindra Manulife Flexi Cap Fund,Godrej Properties Ltd,1.03,,Real Estate,38.909775,3.254932
DSP Large Cap Fund,ICICI Lombard General Insurance Co Ltd,1.03,,Financial Services,,
Edelweiss Flexi Cap Fund,Maruti Suzuki India Ltd,1.03,,Consumer Cyclical,30.770073,4.1185155
Union Small Cap Fund,JK Cement Ltd,1.03,,Basic Materials,,
Edelweiss Flexi Cap Fund,Torrent Pharmaceuticals Ltd,1.03,,Healthcare,78.29249,19.85032
Aditya Birla SL Large Cap Fund,Tech Mahindra Ltd,1.03,,Technology,31.637583,5.315708
Baroda BNP Paribas Flexi Cap Fund,Net Receivables / (Payables),1.03,,,,
SBI Small Cap Fund,Dodla Dairy Ltd,1.03,,Consumer Defensive,,
AXIS Large Cap Fund,Net Receivables / (Payables),1.03,,,,
PGIM India Flexi Cap Fund,Cummins India Ltd,1.03,,Industrials,63.69292,17.746988
Aditya Birla SL Flexi Cap Fund,Atul Ltd,1.03,,Basic Materials,25.062899,3.2053952
PGIM India Flexi Cap Fund,Marico Ltd,1.03,,Consumer Defensive,65.507576,27.663319
Tata Flexi Cap Fund,Adani Ports & Special Economic Zone Ltd,1.03,,Industrials,,
AXIS Midcap Fund,KEI Industries Ltd,1.03,,Industrials,53.76344,8.032405
Invesco India Flexi Cap Fund,Hexaware Technologies Ltd Ordinary Shares,1.03,,Technology,,
Canara Robeco Large Cap Fund,SBI Life Insurance Co Ltd,1.03,,Financial Services,71.42033,9.250212
ITI Large Cap Fund,Godfrey Phillips India Ltd,1.03,,Consumer Defensive,27.37881,6.106945
ITI Small Cap Fund,Thermax Ltd,1.03,,Industrials,77.06719,8.242397
ITI Large Cap Fund,TVS Motor Co Ltd,1.03,,Consumer Cyclical,61.730606,63.15901
Canara Robeco Large Cap Fund,ITC Ltd,1.03,,Consumer Defensive,18.050472,4.9439254
Nippon India Flexi Cap Fund,Tata Motors Ltd,1.03,,Consumer Cyclical,,
Franklin India Mid Cap Fund,Hexaware Technologies Ltd Ordinary Shares,1.03,,Technology,,
SBI Midcap Fund,India (Republic of),1.03,,,,
WhiteOak Capital Mid Cap Fund,Sona BLW Precision Forgings Ltd,1.03,,Consumer Cyclical,,
WhiteOak Capital Mid Cap Fund,Nexus Select Trust Reits,1.03,,Real Estate,,
SBI Small Cap Fund,CMS Info Systems Ltd,1.02,,Industrials,,
ITI Mid Cap Fund,Vishal Mega Mart Ltd,1.02,,Consumer Cyclical,,
SBI Small Cap Fund,Fractal Analytics Ltd,1.02,,Technology,,
LIC MF Large Cap Fund,Tata Motors Ltd,1.02,,Consumer Cyclical,,
Union Flexi Cap Fund,Tata Motors Passenger Vehicles Ltd,1.02,,Consumer Cyclical,,
Sundaram Mid Cap Fund,IndusInd Bank Ltd,1.02,,Financial Services,60.223267,1.2141788
Baroda BNP Paribas Mid Cap Fund,NLC India Ltd,1.02,,Utilities,,
JM Small Cap Fund,Wework India Management Ltd,1.02,,Real Estate,,
JM Flexicap Fund,Eternal Ltd,1.02,,Consumer Cyclical,,
Nippon India Growth Mid Cap Fund,NTPC Ltd,1.02,,Utilities,10.470804,1.635282
JM Flexicap Fund,Amber Enterprises India Ltd Ordinary Shares,1.02,,Consumer Cyclical,,
AXIS Large Cap Fund,Tata Consumer Products Ltd,1.02,,Consumer Defensive,,
Bandhan Small Cap Fund,Great Eastern Shipping Co Ltd,1.02,,Industrials,,
TRUSTMF Flexi Cap Fund,OneSource Specialty Pharma Ltd,1.02,,Healthcare,,
Baroda BNP Paribas Small Cap Fund,Leela Palaces Hotels and Resorts Ltd,1.02,,Consumer Cyclical,,
ICICI Pru Large Cap Fund,Power Grid Corp Of India Ltd,1.02,,Utilities,,
Nippon India Large Cap Fund,Tata Steel Ltd,1.02,,Basic Materials,34.495415,2.4665117
ICICI Pru Large Cap Fund,HDFC Asset Management Co Ltd,1.02,,Financial Services,,
JM Flexicap Fund,Emmvee Photovoltaic Power Ltd,1.02,,Technology,,
ITI Mid Cap Fund,Page Industries Ltd,1.02,,Consumer Cyclical,58.260082,29.617994
AXIS Midcap Fund,AU Small Finance Bank Ltd,1.02,,Financial Services,28.249933,3.9927256
Bandhan Small Cap Fund,Aditya Birla Real Estate Ltd,1.02,,Real Estate,,
Mahindra Manulife Small Cap Fund,P N Gadgil Jewellers Ltd,1.02,,Consumer Cyclical,19.569254,4.445343
Union Flexi Cap Fund,Kotak Mahindra Bank Ltd,1.02,,Financial Services,19.154411,2.1446095
UTI-Large Cap Fund,SBI Life Insurance Co Ltd,1.02,,Financial Services,71.42033,9.250212
Quant Mid Cap Fund,Dixon Technologies (India) Ltd,1.02,,Technology,,
Bank of India Large Cap Fund,Adani Power Ltd,1.02,,Utilities,28.167116,6.2067533
UTI-Large Cap Fund,Metropolis Healthcare Ltd,1.02,,Healthcare,57.82341,7.7167597
LIC MF Small Cap Fund,Bikaji Foods International Ltd,1.02,,Consumer Defensive,,
Union Largecap Fund,Trent Ltd,1.02,,Consumer Cyclical,96.15015,22.879957
Helios Flexi Cap Fund,Sedemac Mechatronics Ltd,1.02,,Consumer Cyclical,103.09611,27.419071
Mirae Asset Midcap Fund,Mankind Pharma Ltd,1.02,,Healthcare,,
Mirae Asset Flexi Cap Fund,Cholamandalam Financial Holdings Ltd,1.02,,Financial Services,,
Edelweiss Large Cap Fund,Schaeffler India Ltd,1.02,,Consumer Cyclical,,
Bank of India Large Cap Fund,NTPC Ltd,1.02,,Utilities,10.470804,1.635282
Bank of India Large Cap Fund,Kotak Mahindra Bank Ltd,1.02,,Financial Services,19.154411,2.1446095
Helios Flexi Cap Fund,Honasa Consumer Ltd,1.02,,Consumer Defensive,,
Tata Mid Cap Fund,Muthoot Finance Ltd,1.02,,Financial Services,10.19353,2.9614034
Helios Flexi Cap Fund,Muthoot Finance Ltd,1.02,,Financial Services,10.19353,2.9614034
LIC MF Small Cap Fund,Gujarat Energy Ltd,1.02,,Utilities,,
Mirae Asset Flexi Cap Fund,ICICI Prudential Asset Management Co Ltd,1.02,,Financial Services,,
Mahindra Manulife Mid Cap Fund,ITC Hotels Ltd,1.02,,Consumer Cyclical,,
Tata Large Cap Fund,Cipla Ltd,1.02,,Healthcare,35.08629,3.4341109
Navi Flexi Cap Fund,Shanti Gold International Ltd,1.02,,Consumer Cyclical,,
Canara Robeco Large Cap Fund,CG Power & Industrial Solutions Ltd,1.02,,Industrials,,
Mahindra Manulife Large Cap Fund,Tata Power Co Ltd,1.02,,Utilities,31.554724,3.080304
Mahindra Manulife Large Cap Fund,Grasim Industries Ltd,1.02,,Basic Materials,45.452057,2.1782508
ITI Flexi Cap Fund,Grasim Industries Ltd,1.02,,Basic Materials,45.452057,2.1782508
UTI-Mid Cap Fund,Dr. Lal PathLabs Ltd,1.02,,Healthcare,,
Kotak Large Cap Fund,Samvardhana Motherson International Ltd,1.02,,Consumer Cyclical,,
Kotak Large Cap Fund,Godrej Consumer Products Ltd,1.02,,Consumer Defensive,58.899498,8.822688
Shriram Flexi Cap Fund,Bajaj Holdings and Investment Ltd,1.02,,Financial Services,,
Tata Mid Cap Fund,Gujarat Fluorochemicals Ltd Ordinary Shares,1.01,,Basic Materials,,
Tata Mid Cap Fund,IDFC First Bank Ltd,1.01,,Financial Services,,
Mahindra Manulife Flexi Cap Fund,Titan Co Ltd,1.01,,Consumer Cyclical,,
Invesco India Smallcap Fund,Carborundum Universal Ltd,1.01,,Industrials,106.40155,5.35846
Mirae Asset Large Cap Fund,JSW Energy Ltd,1.01,,Utilities,44.45055,3.234078
HDFC Large Cap Fund,Adani Ports & Special Economic Zone Ltd,1.01,,Industrials,,
WhiteOak Capital Flexi Cap Fund,Hindalco Industries Ltd,1.01,,Basic Materials,14.367457,1.7221315
AXIS Flexi Cap Fund,Hindustan Aeronautics Ltd Ordinary Shares,1.01,,Industrials,,
Tata Mid Cap Fund,Bosch Ltd,1.01,,Consumer Cyclical,46.152832,8.837203
JM Flexicap Fund,Coal India Ltd,1.01,,Energy,8.216264,2.1484375
Tata Mid Cap Fund,Indraprastha Gas Ltd,1.01,,Utilities,13.7129965,1.8475419
Franklin India Large Cap Fund,United Spirits Ltd,1.01,,Consumer Defensive,63.68353,11.682224
PGIM India Large Cap Fund,Torrent Power Ltd,1.01,,Utilities,28.734314,3.5683436
Motilal Oswal Large Cap Fund,Krishna Institute of Medical Sciences Ltd,1.01,,Healthcare,,
ITI Flexi Cap Fund,UltraTech Cement Ltd,1.01,,Basic Materials,41.494347,4.6217
Canara Robeco Mid Cap Fund,Info Edge (India) Ltd,1.01,,Communication Services,54.93524,2.101429
Nippon India Growth Mid Cap Fund,Torrent Power Ltd,1.01,,Utilities,28.734314,3.5683436
Invesco India Largecap Fund,Multi Commodity Exchange of India Ltd,1.01,,Financial Services,,
Invesco India Largecap Fund,Hindustan Aeronautics Ltd Ordinary Shares,1.01,,Industrials,,
Sundaram Large Cap Fund,ICICI Lombard General Insurance Co Ltd,1.01,,Financial Services,,
Edelweiss Small Cap Fund,Voltamp Transformers Ltd,1.01,,Industrials,31.847237,6.1297164
Canara Robeco Small Cap Fund,EPL Ltd Ordinary Shares,1.01,,Consumer Cyclical,,
ITI Mid Cap Fund,Shriram Finance Ltd,1.01,,Financial Services,,
WhiteOak Capital Large Cap Fund,Tata Steel Ltd,1.01,,Basic Materials,34.495415,2.4665117
LIC MF Small Cap Fund,AAVAS Financiers Ltd,1.01,,Financial Services,,
Motilal Oswal Large Cap Fund,Tech Mahindra Ltd,1.01,,Technology,31.637583,5.315708
Edelweiss Flexi Cap Fund,CreditAccess Grameen Ltd Ordinary Shares,1.01,,Financial Services,,
Invesco India Smallcap Fund,Angel One Ltd Ordinary Shares,1.01,,Financial Services,,
Mirae Asset Flexi Cap Fund,Hindustan Aeronautics Ltd Ordinary Shares,1.01,,Industrials,,
SBI Midcap Fund,Net Receivable / Payable,1.01,,,,
Baroda BNP Paribas Large Cap Fund,HDFC Life Insurance Co Ltd,1.01,,Financial Services,,
UTI-Mid Cap Fund,Delhivery Ltd,1.01,,Industrials,,
LIC MF Midcap Fund,Bajaj Auto Ltd,1.01,,Consumer Cyclical,27.70058,8.37947
Mirae Asset Flexi Cap Fund,Titan Co Ltd,1.01,,Consumer Cyclical,,
UTI-Large Cap Fund,Mankind Pharma Ltd,1.01,,Healthcare,,
Edelweiss Flexi Cap Fund,Max Healthcare Institute Ltd Ordinary Shares,1.01,,Healthcare,,
Edelweiss Flexi Cap Fund,Ashok Leyland Ltd,1.01,,Industrials,30.033842,7.320795
PGIM India Flexi Cap Fund,SRF Ltd,1.01,,Industrials,35.841557,5.5199285
Mirae Asset Flexi Cap Fund,Canara HSBC Life Insurance Co Ltd,1.01,,Financial Services,,
HSBC Small Cap Fund,Gokaldas Exports Ltd,1.01,,Consumer Cyclical,60.60948,2.730805
PGIM India Midcap Fund,Dixon Technologies (India) Ltd,1.01,,Technology,,
UTI-Large Cap Fund,Power Grid Corp Of India Ltd,1.01,,Utilities,,
UTI-Large Cap Fund,Coal India Ltd,1.01,,Energy,8.216264,2.1484375
Tata Flexi Cap Fund,Bajaj Electricals Ltd,1.01,,Consumer Cyclical,39.817986,2.5182657
PGIM India Midcap Fund,Persistent Systems Ltd,1.01,,Technology,44.642857,10.92834
ITI Small Cap Fund,Vedanta Aluminium Metal Ltd,1.01,,Basic Materials,,
NJ Flexi Cap Fund,Kajaria Ceramics Ltd,1.01,,Industrials,34.01224,6.063991
Franklin India Large Cap Fund,JSW Infrastructure Ltd,1.01,,Industrials,46.310345,6.4361844
Edelweiss Mid Cap Fund,Bharat Electronics Ltd,1.0,,Industrials,47.852028,12.219276
Bank of India Small Cap Fund,Steelcast Ltd,1.0,,Basic Materials,37.593857,8.465914
Aditya Birla SL Large Cap Fund,Jindal Steel Ltd,1.0,,Basic Materials,,
JM Large Cap Fund,LTM Ltd,1.0,,Technology,,
Edelweiss Large Cap Fund,Lupin Ltd,1.0,,Healthcare,25.007946,5.4900575
Union Midcap Fund,Aditya Birla Capital Ltd,1.0,,Financial Services,26.376858,3.1052613
Canara Robeco Small Cap Fund,Home First Finance Co India Ltd,1.0,,Financial Services,,
Canara Robeco Small Cap Fund,Bikaji Foods International Ltd,1.0,,Consumer Defensive,,
Nippon India Flexi Cap Fund,Tech Mahindra Ltd,1.0,,Technology,31.637583,5.315708
Sundaram Large Cap Fund,HCL Technologies Ltd,1.0,,Technology,21.097977,4.9742002
Quant Small Cap Fund,Orchid Pharma Ltd,1.0,,Healthcare,,
Invesco India Midcap Fund,Corona Remedies Ltd,1.0,,Healthcare,,
Canara Robeco Large Cap Fund,PB Fintech Ltd,1.0,,Financial Services,,
Shriram Flexi Cap Fund,Torrent Pharmaceuticals Ltd,1.0,,Healthcare,78.29249,19.85032
Navi Flexi Cap Fund,Motilal Oswal Financial Services Ltd,1.0,,Financial Services,,
Baroda BNP Paribas Mid Cap Fund,Metro Brands Ltd,1.0,,Consumer Cyclical,,
Union Midcap Fund,Suzlon Energy Ltd,1.0,,Industrials,21.004366,6.762266
Bank of India Small Cap Fund,Multi Commodity Exchange of India Ltd,1.0,,Financial Services,,
HDFC Mid Cap Fund,Indian Hotels Co Ltd,1.0,,Consumer Cyclical,48.539177,7.9719944
AXIS Midcap Fund,Blue Star Ltd,1.0,,Industrials,62.967583,10.043221
UTI-Large Cap Fund,PB Fintech Ltd,1.0,,Financial Services,,
AXIS Midcap Fund,CG Power & Industrial Solutions Ltd,1.0,,Industrials,,
Canara Robeco Small Cap Fund,Birlasoft Ltd,1.0,,Technology,,
Mirae Asset Midcap Fund,Phoenix Mills Ltd,1.0,,Real Estate,51.817932,6.168099
Union Midcap Fund,AU Small Finance Bank Ltd,1.0,,Financial Services,28.249933,3.9927256
ITI Flexi Cap Fund,Eternal Ltd,1.0,,Consumer Cyclical,,
Bajaj Finserv Flexi Cap Fund,Amber Enterprises India Ltd Ordinary Shares,1.0,,Consumer Cyclical,,
Mirae Asset Large Cap Fund,Dr Reddy's Laboratories Ltd,1.0,,Healthcare,,
TRUSTMF Small Cap Fund,Krishna Institute of Medical Sciences Ltd,1.0,,Healthcare,,
LIC MF Large Cap Fund,Ujjivan Small Finance Bank Ltd Ordinary Shares,1.0,,Financial Services,,
JM Flexicap Fund,Adani Enterprises Ltd,1.0,,Energy,52.359394,4.8032765
ITI Mid Cap Fund,Park Medi World Ltd,1.0,,Healthcare,,
Nippon India Large Cap Fund,Indian Hotels Co Ltd,1.0,,Consumer Cyclical,48.539177,7.9719944
SBI Large Cap Fund,Schaeffler India Ltd,1.0,,Consumer Cyclical,,
Invesco India Midcap Fund,Craftsman Automation Ltd,1.0,,Consumer Cyclical,54.34704,7.6615663
UTI-Flexi Cap Fund,Affle 3i Ltd,1.0,,Communication Services,,
ITI Small Cap Fund,Ingersoll-Rand (India) Ltd,1.0,,Industrials,53.475193,22.16104
Mahindra Manulife Small Cap Fund,Adani Green Energy Ltd,1.0,,Utilities,131.58197,11.718897
Edelweiss Flexi Cap Fund,AU Small Finance Bank Ltd,1.0,,Financial Services,28.249933,3.9927256
DSP Midcap Fund,Vishal Mega Mart Ltd,1.0,,Consumer Cyclical,,
UTI-Mid Cap Fund,Karur Vysya Bank Ltd,1.0,,Financial Services,11.819303,2.299122
PGIM India Large Cap Fund,Vishal Mega Mart Ltd,1.0,,Consumer Cyclical,,
Bank of India Small Cap Fund,Repo,1.0,,,,
Bandhan Large Cap Fund,Meesho Ltd,1.0,,Consumer Cyclical,,
ITI Flexi Cap Fund,Shriram Finance Ltd,1.0,,Financial Services,,
ITI Flexi Cap Fund,Bajaj Finance Ltd,1.0,,Financial Services,,
360 ONE FlexiCap Fund,Oswal Pumps Ltd,1.0,,Industrials,,
Edelweiss Small Cap Fund,Dr. Lal PathLabs Ltd,1.0,,Healthcare,,
ICICI Pru Large Cap Fund,ICICI Prudential Life Insurance Co Ltd,1.0,,Financial Services,,
ITI Small Cap Fund,Delhivery Ltd,1.0,,Industrials,,
PGIM India Large Cap Fund,ICICI Lombard General Insurance Co Ltd,0.99,,Financial Services,,
Edelweiss Flexi Cap Fund,Tata Consumer Products Ltd,0.99,,Consumer Defensive,,
ITI Small Cap Fund,Amber Enterprises India Ltd Ordinary Shares,0.99,,Consumer Cyclical,,
Bank of India Small Cap Fund,Vardhman Textiles Ltd,0.99,,Consumer Cyclical,20.406586,1.7023746
ITI Small Cap Fund,Sumitomo Chemical India Ltd Ordinary Shares,0.99,,Basic Materials,,
Mahindra Manulife Flexi Cap Fund,Voltas Ltd,0.99,,Consumer Cyclical,113.616264,6.6683273
TRUSTMF Small Cap Fund,Computer Age Management Services Ltd Ordinary Shares,0.99,,Technology,,
TRUSTMF Small Cap Fund,Dixon Technologies (India) Ltd,0.99,,Technology,,
TRUSTMF Small Cap Fund,Zen Technologies Ltd,0.99,,Industrials,14.837942,2.3970907
Mahindra Manulife Flexi Cap Fund,Bandhan Bank Ltd,0.99,,Financial Services,,
Motilal Oswal Large Cap Fund,Sambhv Steel Tubes Ltd,0.99,,Basic Materials,20.084192,3.267731
Motilal Oswal Large Cap Fund,Sagility Ltd,0.99,,Healthcare,,
Mahindra Manulife Flexi Cap Fund,Grasim Industries Ltd,0.99,,Basic Materials,45.452057,2.1782508
ITI Small Cap Fund,Kajaria Ceramics Ltd,0.99,,Industrials,34.01224,6.063991
Franklin India Flexi Cap Fund,Bharat Petroleum Corp Ltd,0.99,,Energy,,
Edelweiss Flexi Cap Fund,LG Electronics India Ltd,0.99,,Technology,63.68928,14.048153
WhiteOak Capital Large Cap Fund,NTPC Ltd,0.99,,Utilities,10.470804,1.635282
DSP Large Cap Fund,Bharat Petroleum Corp Ltd,0.99,,Energy,,
Canara Robeco Large Cap Fund,Trent Ltd,0.99,,Consumer Cyclical,96.15015,22.879957
HSBC Flexi Cap Fund,Lupin Ltd,0.99,,Healthcare,25.007946,5.4900575
Bandhan Small Cap Fund,Apar Industries Ltd,0.99,,Industrials,56.81733,12.386799
Bandhan Large Cap Fund,Coforge Ltd,0.99,,Technology,,
Mirae Asset Flexi Cap Fund,Maruti Suzuki India Ltd,0.99,,Consumer Cyclical,30.770073,4.1185155
NJ Flexi Cap Fund,Sbi Cards And Payment Services Limited July 2026 Future,0.99,,,,
Franklin India Large Cap Fund,Vishal Mega Mart Ltd,0.99,,Consumer Cyclical,,
NJ Flexi Cap Fund,UTI Asset Management Co Ltd,0.99,,Financial Services,,
HSBC Small Cap Fund,KFin Technologies Ltd,0.99,,Technology,,
ICICI Pru Large Cap Fund,Hyundai Motor India Ltd,0.99,,Consumer Cyclical,36.36589,8.935097
Franklin India Flexi Cap Fund,Exide Industries Ltd,0.99,,Consumer Cyclical,44.626595,2.9953663
Edelweiss Mid Cap Fund,Cholamandalam Investment and Finance Co Ltd,0.99,,Financial Services,,
Taurus Flexi Cap Fund,Dixon Technologies (India) Ltd,0.99,,Technology,,
Tata Mid Cap Fund,Hexaware Technologies Ltd Ordinary Shares,0.99,,Technology,,
Mahindra Manulife Large Cap Fund,Punjab National Bank,0.99,,Financial Services,5.9734654,0.8438561
WhiteOak Capital Mid Cap Fund,Godrej Properties Ltd,0.99,,Real Estate,38.909775,3.254932
ITI Flexi Cap Fund,United Spirits Ltd,0.99,,Consumer Defensive,63.68353,11.682224
UTI-Flexi Cap Fund,AU Small Finance Bank Ltd,0.99,,Financial Services,28.249933,3.9927256
PGIM India Midcap Fund,Cummins India Ltd,0.99,,Industrials,63.69292,17.746988
UTI-Mid Cap Fund,Jindal Stainless Ltd,0.99,,Basic Materials,18.65668,13.449393
Motilal Oswal Midcap Fund,AU Small Finance Bank Ltd,0.99,,Financial Services,28.249933,3.9927256
PGIM India Midcap Fund,Astral Ltd,0.99,,Industrials,,
Franklin India Mid Cap Fund,Tata Power Co Ltd,0.99,,Utilities,31.554724,3.080304
HDFC Mid Cap Fund,IndusInd Bank Ltd,0.99,,Financial Services,60.223267,1.2141788
Union Midcap Fund,PB Fintech Ltd,0.99,,Financial Services,,
Nippon India Growth Mid Cap Fund,CG Power & Industrial Solutions Ltd,0.99,,Industrials,,
Shriram Flexi Cap Fund,Lemon Tree Hotels Ltd,0.99,,Consumer Cyclical,38.54514,6.315281
Union Midcap Fund,Bharat Electronics Ltd,0.99,,Industrials,47.852028,12.219276
PGIM India Flexi Cap Fund,Affle 3i Ltd,0.99,,Communication Services,,
LIC MF Midcap Fund,Mphasis Ltd,0.99,,Technology,24.812908,4.174768
HSBC Flexi Cap Fund,Godrej Consumer Products Ltd,0.99,,Consumer Defensive,58.899498,8.822688
Mirae Asset Midcap Fund,Gujarat Energy Ltd,0.99,,Utilities,,
JM Flexicap Fund,Bandhan Bank Ltd,0.99,,Financial Services,,
AXIS Midcap Fund,Marico Ltd,0.99,,Consumer Defensive,65.507576,27.663319
ITI Mid Cap Fund,KEC International Ltd,0.99,,Industrials,21.054482,2.0709355
Mirae Asset Midcap Fund,Oil India Ltd,0.99,,Energy,10.88228,1.2416646
Union Flexi Cap Fund,GE Vernova T&D India Ltd,0.99,,Industrials,84.030495,40.910908
Kotak Midcap Fund,Aster DM Healthcare Ltd Ordinary Shares,0.99,,Healthcare,,
Mahindra Manulife Mid Cap Fund,LIC Housing Finance Ltd,0.99,,Financial Services,4.8332214,0.6696014
Edelweiss Mid Cap Fund,Mankind Pharma Ltd,0.99,,Healthcare,,
ITI Small Cap Fund,Bandhan Bank Ltd,0.98,,Financial Services,,
Invesco India Largecap Fund,Delhivery Ltd,0.98,,Industrials,,
Mahindra Manulife Small Cap Fund,Titagarh Rail Systems Ltd,0.98,,Industrials,94.37083,4.6903887
Union Flexi Cap Fund,Billionbrains Garage Ventures Ltd,0.98,,Financial Services,,
PGIM India Flexi Cap Fund,Sundaram Finance Ltd,0.98,,Financial Services,22.8837,3.4346478
PGIM India Flexi Cap Fund,HDFC Life Insurance Co Ltd,0.98,,Financial Services,,
UTI-Large Cap Fund,Info Edge (India) Ltd,0.98,,Communication Services,54.93524,2.101429
JM Midcap Fund,Prestige Estates Projects Ltd,0.98,,Real Estate,59.86932,4.183585
UTI-Mid Cap Fund,360 One Wam Ltd Ordinary Shares,0.98,,Financial Services,,
Tata Mid Cap Fund,G R Infraprojects Ltd,0.98,,Industrials,,
Motilal Oswal Large Cap Fund,Solarworld Energy Solutions Ltd,0.98,,Technology,,
Union Midcap Fund,Berger Paints India Ltd,0.98,,Basic Materials,57.216827,9.844281
Mahindra Manulife Mid Cap Fund,Garden Reach Shipbuilders & Engineers Ltd,0.98,,Industrials,,
JM Midcap Fund,Thermax Ltd,0.98,,Industrials,77.06719,8.242397
Kotak Large Cap Fund,Bharat Forge Ltd,0.98,,Consumer Cyclical,100.00883,11.304634
ITI Mid Cap Fund,Multi Commodity Exchange of India Ltd,0.98,,Financial Services,,
Union Small Cap Fund,Sumitomo Chemical India Ltd Ordinary Shares,0.98,,Basic Materials,,
Mahindra Manulife Flexi Cap Fund,Anthem Biosciences Ltd,0.98,,Healthcare,83.34985,15.526631
Mahindra Manulife Flexi Cap Fund,Aarti Industries Ltd,0.98,,Basic Materials,34.366875,3.0478146
Mirae Asset Flexi Cap Fund,Dr Reddy's Laboratories Ltd,0.98,,Healthcare,,
ITI Small Cap Fund,Urban Co Ltd,0.98,,Technology,,
Canara Robeco Mid Cap Fund,MRF Ltd,0.98,,Consumer Cyclical,23.474194,2.7133775
Kotak Midcap Fund,Voltas Ltd,0.98,,Consumer Cyclical,113.616264,6.6683273
Canara Robeco Small Cap Fund,E I D Parry India Ltd,0.98,,Basic Materials,,
Kotak Midcap Fund,Emcure Pharmaceuticals Ltd,0.98,,Healthcare,,
Franklin India Mid Cap Fund,Hindustan Petroleum Corp Ltd,0.98,,Energy,,
Quant Flexi Cap Fund,Max Healthcare Institute Ltd Ordinary Shares,0.98,,Healthcare,,
Union Largecap Fund,Tata Steel Ltd,0.98,,Basic Materials,34.495415,2.4665117
Edelweiss Large Cap Fund,Grasim Industries Ltd,0.98,,Basic Materials,45.452057,2.1782508
ITI Small Cap Fund,Affle 3i Ltd,0.98,,Communication Services,,
Mahindra Manulife Flexi Cap Fund,Jubilant Ingrevia Ltd Ordinary Shares,0.98,,Basic Materials,,
Mirae Asset Midcap Fund,Vedanta Aluminium Metal Ltd,0.98,,Basic Materials,,
Mirae Asset Midcap Fund,Apollo Hospitals Enterprise Ltd,0.98,,Healthcare,,
Mahindra Manulife Mid Cap Fund,Container Corporation of India Ltd,0.98,,Industrials,,
Union Flexi Cap Fund,Net Receivable / Payable,0.97,,,,
TRUSTMF Small Cap Fund,Deepak Fertilisers & Petrochemicals Corp Ltd,0.97,,Basic Materials,,
Edelweiss Mid Cap Fund,Vodafone Idea Ltd,0.97,,Communication Services,,
WhiteOak Capital Mid Cap Fund,Aadhar Housing Finance Ltd,0.97,,Financial Services,,
TRUSTMF Small Cap Fund,Anand Rathi Wealth Ltd,0.97,,Financial Services,76.33491,34.957996
Edelweiss Flexi Cap Fund,Hindustan Unilever Ltd,0.97,,Consumer Defensive,46.515755,10.1043215
DSP Small Cap Fund,TCPL Packaging Ltd,0.97,,Consumer Cyclical,29.15495,3.9638598
ITI Large Cap Fund,Swiggy Ltd,0.97,,Consumer Cyclical,,
PGIM India Large Cap Fund,HDFC Life Insurance Co Ltd,0.97,,Financial Services,,
Invesco India Smallcap Fund,Bansal Wire Industries Ltd,0.97,,Basic Materials,,
Bank of India Large Cap Fund,Mankind Pharma Ltd,0.97,,Healthcare,,
HDFC Large Cap Fund,SRF Ltd,0.97,,Industrials,35.841557,5.5199285
Quantum Small Cap Fund,S H Kelkar & Co Ltd,0.97,,Basic Materials,,
PGIM India Flexi Cap Fund,Infosys Ltd,0.97,,Technology,,
Aditya Birla SL Large Cap Fund,TVS Motor Co Ltd,0.97,,Consumer Cyclical,61.730606,63.15901
HSBC Large Cap Fund,Tech Mahindra Ltd,0.97,,Technology,31.637583,5.315708
HSBC Large Cap Fund,SBI Life Insurance Co Ltd,0.97,,Financial Services,71.42033,9.250212
Union Flexi Cap Fund,Clean Max Enviro Energy Solutions Ltd,0.97,,Utilities,,
UTI-Mid Cap Fund,Vishal Mega Mart Ltd,0.97,,Consumer Cyclical,,
JM Small Cap Fund,GE Power India Ltd,0.97,,Industrials,15.923879,8.811684
SBI Small Cap Fund,Muthoot Finance Ltd,0.97,,Financial Services,10.19353,2.9614034
JM Flexicap Fund,Equitas Small Finance Bank Ltd Ordinary Shares,0.97,,Financial Services,,
Canara Robeco Small Cap Fund,Motherson Sumi Wiring India Ltd,0.97,,Consumer Cyclical,,
Mirae Asset Flexi Cap Fund,ITC Ltd,0.97,,Consumer Defensive,18.050472,4.9439254
Mahindra Manulife Flexi Cap Fund,Persistent Systems Ltd,0.97,,Technology,44.642857,10.92834
Sundaram Mid Cap Fund,Max Healthcare Institute Ltd Ordinary Shares,0.97,,Healthcare,,
Mahindra Manulife Flexi Cap Fund,Indus Towers Ltd Ordinary Shares,0.97,,Communication Services,,
WhiteOak Capital Flexi Cap Fund,National Highways Infra Trust Units,0.97,,Real Estate,,
ITI Flexi Cap Fund,Titan Co Ltd,0.97,,Consumer Cyclical,,
Bajaj Finserv Flexi Cap Fund,Go Digit General Insurance Ltd,0.97,,Financial Services,,
TRUSTMF Flexi Cap Fund,Belrise Industries Ltd,0.97,,Consumer Cyclical,41.99831,4.0423107
Mirae Asset Flexi Cap Fund,Eternal Ltd,0.97,,Consumer Cyclical,,
Bank of India Flexi Cap Fund,Bajaj Auto Ltd,0.97,,Consumer Cyclical,27.70058,8.37947
TRUSTMF Flexi Cap Fund,Shaily Engineering Plastics Ltd,0.97,,Basic Materials,,
Tata Mid Cap Fund,GE Vernova T&D India Ltd,0.97,,Industrials,84.030495,40.910908
Baroda BNP Paribas Large Cap Fund,IndusInd Bank Ltd,0.97,,Financial Services,60.223267,1.2141788
Canara Robeco Mid Cap Fund,PB Fintech Ltd,0.97,,Financial Services,,
HSBC Small Cap Fund,Jyoti CNC Automation Ltd,0.97,,Industrials,53.208954,8.917973
ITI Mid Cap Fund,Sun Pharmaceuticals Industries Ltd,0.97,,Healthcare,,
ITI Mid Cap Fund,Mazagon Dock Shipbuilders Ltd,0.97,,Industrials,,
Mirae Asset Flexi Cap Fund,NTPC Ltd,0.96,,Utilities,10.470804,1.635282
ITI Flexi Cap Fund,Canara Bank,0.96,,Financial Services,6.025114,1.016846
Bandhan Flexi Cap Fund,Poonawalla Fincorp Ltd,0.96,,Financial Services,51.287395,3.7482235
Franklin India Mid Cap Fund,Emami Ltd,0.96,,Consumer Defensive,24.025671,6.1474614
ITI Flexi Cap Fund,Central Mine Planning & Design Institute Ltd,0.96,,Basic Materials,,
PGIM India Large Cap Fund,Hindalco Industries Ltd,0.96,,Basic Materials,14.367457,1.7221315
Mirae Asset Flexi Cap Fund,Krishna Institute of Medical Sciences Ltd,0.96,,Healthcare,,
Union Small Cap Fund,PTC Industries Ltd,0.96,,Industrials,270.2842,18.969341
Nippon India Large Cap Fund,ABB India Ltd,0.96,,Industrials,39.10034,14.718281
Nippon India Growth Mid Cap Fund,Power Finance Corp Ltd,0.96,,Financial Services,5.31349,1.0419072
Tata Mid Cap Fund,K.P.R. Mill Ltd,0.96,,Consumer Cyclical,,
Canara Robeco Large Cap Fund,Samvardhana Motherson International Ltd,0.96,,Consumer Cyclical,,
NJ Flexi Cap Fund,Berger Paints India Ltd,0.96,,Basic Materials,57.216827,9.844281
WhiteOak Capital Flexi Cap Fund,Muthoot Finance Ltd,0.96,,Financial Services,10.19353,2.9614034
DSP Flexi Cap Fund,HCL Technologies Ltd,0.96,,Technology,21.097977,4.9742002
Bandhan Midcap Fund,Lenskart Solutions Ltd,0.96,,Healthcare,195.7732,11.320417
Mirae Asset Midcap Fund,Bata India Ltd,0.96,,Consumer Cyclical,69.212296,5.8036976
JM Midcap Fund,Mahindra & Mahindra Financial Services Ltd,0.96,,Financial Services,,
Mahindra Manulife Flexi Cap Fund,InterGlobe Aviation Ltd,0.96,,Industrials,23.408157,29.576513
JM Midcap Fund,Jana Small Finance Bank Ltd,0.96,,Financial Services,,
SBI Small Cap Fund,Ahluwalia Contracts (India) Ltd,0.96,,Industrials,,
Mahindra Manulife Flexi Cap Fund,Vodafone Idea Ltd,0.96,,Communication Services,,
UTI-Mid Cap Fund,Havells India Ltd,0.96,,Industrials,54.349113,9.294542
HSBC Flexi Cap Fund,Devyani International Ltd,0.96,,Consumer Cyclical,131.89297,10.77409
HSBC Flexi Cap Fund,Avenue Supermarts Ltd,0.96,,Consumer Defensive,,
ICICI Pru Large Cap Fund,Avenue Supermarts Ltd,0.96,,Consumer Defensive,,
Invesco India Largecap Fund,Vishal Mega Mart Ltd,0.96,,Consumer Cyclical,,
HSBC Midcap Fund,BSE Ltd,0.96,,Financial Services,,
Bank of India Small Cap Fund,Leela Palaces Hotels and Resorts Ltd,0.96,,Consumer Cyclical,,
Shriram Flexi Cap Fund,TVS Motor Co Ltd,0.96,,Consumer Cyclical,61.730606,63.15901
AXIS Midcap Fund,K.P.R. Mill Ltd,0.96,,Consumer Cyclical,,
Mahindra Manulife Flexi Cap Fund,Shriram Finance Ltd,0.96,,Financial Services,,
HSBC Midcap Fund,Kirloskar Oil Engines Ltd,0.96,,Industrials,55.561123,8.686619
Baroda BNP Paribas Small Cap Fund,Affle 3i Ltd,0.96,,Communication Services,,
AXIS Large Cap Fund,Nifty Bank Future July 26,0.95,,,,
UTI-Flexi Cap Fund,Havells India Ltd,0.95,,Industrials,54.349113,9.294542
Canara Robeco Large Cap Fund,Vishal Mega Mart Ltd,0.95,,Consumer Cyclical,,
AXIS Large Cap Fund,United Spirits Ltd,0.95,,Consumer Defensive,63.68353,11.682224
HSBC Flexi Cap Fund,Motilal Oswal Financial Services Ltd,0.95,,Financial Services,,
Franklin India Large Cap Fund,Divi's Laboratories Ltd,0.95,,Healthcare,85.46783,13.0643635
Canara Robeco Mid Cap Fund,Abbott India Ltd,0.95,,Healthcare,39.10034,14.718281
ITI Mid Cap Fund,Persistent Systems Ltd,0.95,,Technology,44.642857,10.92834
PGIM India Large Cap Fund,Nestle India Ltd,0.95,,Consumer Defensive,90.96278,66.96817
AXIS Midcap Fund,Supreme Industries Ltd,0.95,,Industrials,42.736526,7.087394
JM Small Cap Fund,Bharat Bijlee Ltd,0.95,,Industrials,23.529291,1.2978308
Canara Robeco Large Cap Fund,Torrent Pharmaceuticals Ltd,0.95,,Healthcare,78.29249,19.85032
Bajaj Finserv Flexi Cap Fund,Clearing Corporation Of India Ltd,0.95,,,,
JM Small Cap Fund,Suraksha Diagnostic Ltd,0.95,,Healthcare,40.315025,5.2901025
Navi Flexi Cap Fund,Tata Motors Ltd,0.95,,Consumer Cyclical,,
PGIM India Midcap Fund,Lenskart Solutions Ltd,0.95,,Healthcare,195.7732,11.320417
PGIM India Midcap Fund,Hitachi Energy India Ltd Ordinary Shares,0.95,,Industrials,,
Edelweiss Large Cap Fund,InterGlobe Aviation Ltd,0.95,,Industrials,23.408157,29.576513
Baroda BNP Paribas Flexi Cap Fund,Fractal Analytics Ltd,0.95,,Technology,,
ITI Small Cap Fund,Hindustan Copper Ltd,0.95,,Basic Materials,56.491043,15.52563
Nippon India Flexi Cap Fund,Tube Investments of India Ltd Ordinary Shares,0.95,,Industrials,,
Mahindra Manulife Flexi Cap Fund,Tata Steel Ltd,0.95,,Basic Materials,34.495415,2.4665117
Bajaj Finserv Flexi Cap Fund,Infosys Ltd,0.95,,Technology,,
Canara Robeco Small Cap Fund,Aditya Vision Ltd,0.95,,Consumer Cyclical,,
ICICI Pru Large Cap Fund,Britannia Industries Ltd,0.95,,Consumer Defensive,52.356518,25.98983
Mirae Asset Flexi Cap Fund,Central Depository Services (India) Ltd,0.95,,Financial Services,,
Mahindra Manulife Small Cap Fund,Kilburn Engineering Ltd,0.95,,Industrials,13.790779,3.0984097
Bandhan Large Cap Fund,Honasa Consumer Ltd,0.95,,Consumer Defensive,,
Helios Flexi Cap Fund,Marico Ltd,0.95,,Consumer Defensive,65.507576,27.663319
Canara Robeco Small Cap Fund,Max Healthcare Institute Ltd Ordinary Shares,0.95,,Healthcare,,
Nippon India Large Cap Fund,Chalet Hotels Ltd,0.95,,Consumer Cyclical,,
Canara Robeco Small Cap Fund,Firstsource Solutions Ltd,0.95,,Technology,30.763737,4.407898
Union Midcap Fund,Tata Motors Ltd,0.95,,Consumer Cyclical,,
Bandhan Large Cap Fund,Trent Ltd,0.95,,Consumer Cyclical,96.15015,22.879957
Mahindra Manulife Small Cap Fund,Bank of Maharashtra,0.95,,Financial Services,7.995914,1.6871054
Bank of India Small Cap Fund,Entero Healthcare Solutions Ltd,0.95,,Healthcare,,
Union Flexi Cap Fund,Mphasis Ltd,0.95,,Technology,24.812908,4.174768
Mahindra Manulife Large Cap Fund,Indus Towers Ltd Ordinary Shares,0.95,,Communication Services,,
Union Midcap Fund,Hindustan Petroleum Corp Ltd,0.95,,Energy,,
Union Midcap Fund,Aether Industries Ltd,0.95,,Basic Materials,,
Union Midcap Fund,AIA Engineering Ltd,0.95,,Industrials,38.096615,6.013975
NJ Flexi Cap Fund,Tata Technologies Ltd,0.95,,Technology,,
Navi Flexi Cap Fund,Pricol Ltd,0.95,,Consumer Cyclical,,
Bank of India Small Cap Fund,Steel Authority Of India Ltd,0.95,,Basic Materials,28.473343,1.2537969
Edelweiss Mid Cap Fund,Endurance Technologies Ltd,0.94,,Consumer Cyclical,,
Bandhan Midcap Fund,Shaily Engineering Plastics Ltd,0.94,,Basic Materials,,
PGIM India Flexi Cap Fund,Anthem Biosciences Ltd,0.94,,Healthcare,83.34985,15.526631
Motilal Oswal Flexi Cap Fund,Bharat Heavy Electricals Ltd,0.94,,Industrials,58.142857,5.4202347
Baroda BNP Paribas Mid Cap Fund,Vishal Mega Mart Ltd,0.94,,Consumer Cyclical,,
TRUSTMF Small Cap Fund,Fractal Analytics Ltd,0.94,,Technology,,
Mirae Asset Midcap Fund,Oracle Financial Services Software Ltd,0.94,,Technology,,
AXIS Flexi Cap Fund,Larsen & Toubro Ltd,0.94,,Industrials,33.67093,5.1052904
Union Small Cap Fund,RBL Bank Ltd,0.94,,Financial Services,,
ITI Flexi Cap Fund,Bharat Forge Ltd,0.94,,Consumer Cyclical,100.00883,11.304634
Mahindra Manulife Small Cap Fund,Blue Star Ltd,0.94,,Industrials,62.967583,10.043221
Sundaram Mid Cap Fund,LG Electronics India Ltd,0.94,,Technology,63.68928,14.048153
Aditya Birla SL Flexi Cap Fund,V-Guard Industries Ltd,0.94,,Industrials,38.480095,5.8717422
Mahindra Manulife Small Cap Fund,KEI Industries Ltd,0.94,,Industrials,53.76344,8.032405
Invesco India Flexi Cap Fund,Anand Rathi Wealth Ltd,0.94,,Financial Services,76.33491,34.957996
Franklin India Flexi Cap Fund,PB Fintech Ltd,0.94,,Financial Services,,
Bank of India Flexi Cap Fund,ICICI Bank Ltd.,0.94,,,18.382923,2.6792262
Union Midcap Fund,Blue Star Ltd,0.94,,Industrials,62.967583,10.043221
HDFC Large Cap Fund,Eicher Motors Ltd,0.94,,Consumer Cyclical,37.87843,8.764883
Invesco India Largecap Fund,Tube Investments of India Ltd Ordinary Shares,0.94,,Industrials,,
Franklin India Mid Cap Fund,Angel One Ltd Ordinary Shares,0.94,,Financial Services,,
Mahindra Manulife Flexi Cap Fund,LG Electronics India Ltd,0.94,,Technology,63.68928,14.048153
LIC MF Flexi Cap Fund,Lumax Auto Technologies Ltd,0.94,,Consumer Cyclical,55.389194,11.1216955
JM Flexicap Fund,Coforge Ltd,0.94,,Technology,,
AXIS Large Cap Fund,Varun Beverages Ltd,0.94,,Consumer Defensive,,
NJ Flexi Cap Fund,Wipro Future July 26,0.94,,,,
UTI-Mid Cap Fund,Net Current Assets,0.94,,,,
ITI Small Cap Fund,Dixon Technologies (India) Ltd,0.94,,Technology,,
UTI-Large Cap Fund,IndusInd Bank Ltd,0.94,,Financial Services,60.223267,1.2141788
TRUSTMF Flexi Cap Fund,Infosys Ltd,0.94,,Technology,,
AXIS Midcap Fund,Bharti Hexacom Ltd,0.94,,Communication Services,,
Tata Flexi Cap Fund,JSW Steel Ltd,0.94,,Basic Materials,12.760185,3.15554
PGIM India Midcap Fund,Radico Khaitan Ltd,0.94,,Consumer Defensive,85.46732,18.168161
Bandhan Large Cap Fund,Bajaj Auto Ltd,0.94,,Consumer Cyclical,27.70058,8.37947
HSBC Flexi Cap Fund,TVS Motor Co Ltd,0.94,,Consumer Cyclical,61.730606,63.15901
PGIM India Midcap Fund,Tube Investments of India Ltd Ordinary Shares,0.94,,Industrials,,
AXIS Large Cap Fund,Britannia Industries Ltd,0.94,,Consumer Defensive,52.356518,25.98983
JM Large Cap Fund,Avenue Supermarts Ltd,0.94,,Consumer Defensive,,
AXIS Large Cap Fund,Hyundai Motor India Ltd,0.94,,Consumer Cyclical,36.36589,8.935097
UTI-Flexi Cap Fund,Asian Paints Ltd,0.94,,Basic Materials,67.65291,13.316042
Edelweiss Small Cap Fund,Engineers India Ltd,0.94,,Industrials,19.576893,4.309897
Franklin India Mid Cap Fund,Bharti Hexacom Ltd,0.94,,Communication Services,,
HSBC Flexi Cap Fund,Tata Consumer Products Ltd,0.93,,Consumer Defensive,,
Canara Robeco Mid Cap Fund,Bharti Hexacom Ltd,0.93,,Communication Services,,
HSBC Large Cap Fund,Treps,0.93,,,,
SBI Small Cap Fund,CSB Bank Ltd Ordinary Shares,0.93,,Financial Services,,
Mahindra Manulife Small Cap Fund,Globus Spirits Ltd,0.93,,Consumer Defensive,10.39454,2.375741
ITI Large Cap Fund,Britannia Industries Ltd,0.93,,Consumer Defensive,52.356518,25.98983
Bandhan Large Cap Fund,Divi's Laboratories Ltd,0.93,,Healthcare,85.46783,13.0643635
Union Small Cap Fund,Apar Industries Ltd,0.93,,Industrials,56.81733,12.386799
Union Small Cap Fund,TD Power Systems Ltd,0.93,,Industrials,82.627785,18.378323
Bandhan Midcap Fund,ICICI Bank Ltd,0.93,,Financial Services,18.382923,2.6792262
ITI Mid Cap Fund,Info Edge (India) Ltd,0.93,,Communication Services,54.93524,2.101429
Kotak Midcap Fund,Deepak Nitrite Ltd,0.93,,Basic Materials,31.248913,4.197999
Edelweiss Large Cap Fund,ICICI Prudential Asset Management Co Ltd,0.93,,Financial Services,,
ITI Mid Cap Fund,PTC Industries Ltd,0.93,,Industrials,270.2842,18.969341
ITI Mid Cap Fund,LG Electronics India Ltd,0.93,,Technology,63.68928,14.048153
Edelweiss Flexi Cap Fund,TVS Motor Co Ltd,0.93,,Consumer Cyclical,61.730606,63.15901
ITI Flexi Cap Fund,Max Financial Services Ltd,0.93,,Financial Services,,
DSP Large Cap Fund,Info Edge (India) Ltd,0.93,,Communication Services,54.93524,2.101429
ITI Flexi Cap Fund,Jyoti CNC Automation Ltd,0.93,,Industrials,53.208954,8.917973
Nippon India Flexi Cap Fund,Bharti Hexacom Ltd,0.93,,Communication Services,,
ITI Flexi Cap Fund,Bank of Maharashtra,0.93,,Financial Services,7.995914,1.6871054
Union Flexi Cap Fund,Coforge Ltd,0.93,,Technology,,
WhiteOak Capital Large Cap Fund,Tata Capital Ltd,0.93,,Financial Services,,
Mahindra Manulife Flexi Cap Fund,DOMS Industries Ltd,0.93,,Industrials,,
WhiteOak Capital Mid Cap Fund,FSN E-Commerce Ventures Ltd,0.93,,Consumer Cyclical,,
DSP Midcap Fund,Gujarat Fluorochemicals Ltd Ordinary Shares,0.93,,Basic Materials,,
LIC MF Large Cap Fund,Allied Blenders and Distillers Ltd,0.93,,Consumer Defensive,,
AXIS Midcap Fund,Hindustan Petroleum Corp Ltd,0.93,,Energy,,
Franklin India Mid Cap Fund,Coromandel International Ltd,0.93,,Basic Materials,33.319637,4.850019
Mahindra Manulife Small Cap Fund,Mahindra Logistics Ltd,0.93,,Industrials,,
Bandhan Large Cap Fund,Pidilite Industries Ltd,0.93,,Basic Materials,64.94523,15.596959
ITI Small Cap Fund,Blue Star Ltd,0.93,,Industrials,62.967583,10.043221
HSBC Small Cap Fund,eClerx Services Ltd,0.93,,Technology,22.936602,6.389295
Bandhan Flexi Cap Fund,Emami Ltd,0.93,,Consumer Defensive,24.025671,6.1474614
ITI Small Cap Fund,Ather Energy Ltd,0.93,,Consumer Cyclical,,
LIC MF Midcap Fund,HDB Financial Services Ltd,0.93,,Financial Services,,
Invesco India Largecap Fund,Hindalco Industries Ltd,0.93,,Basic Materials,14.367457,1.7221315
Invesco India Midcap Fund,Ethos Ltd,0.93,,Consumer Cyclical,,
Edelweiss Large Cap Fund,Kotak Mahindra Bank Ltd,0.93,,Financial Services,19.154411,2.1446095
Navi Flexi Cap Fund,REC Ltd,0.93,,Financial Services,34.348328,5.7735553
WhiteOak Capital Mid Cap Fund,Gland Pharma Ltd,0.93,,Healthcare,,
Mirae Asset Flexi Cap Fund,LG Electronics India Ltd,0.93,,Technology,63.68928,14.048153
ITI Large Cap Fund,PNB Housing Finance Ltd,0.92,,Financial Services,,
Bandhan Small Cap Fund,DCB Bank Ltd,0.92,,Financial Services,,
JM Large Cap Fund,Tata Consumer Products Ltd,0.92,,Consumer Defensive,,
Bandhan Flexi Cap Fund,Shree Cement Ltd,0.92,,Basic Materials,55.361866,4.2382216
Shriram Flexi Cap Fund,Eicher Motors Ltd,0.92,,Consumer Cyclical,37.87843,8.764883
ITI Small Cap Fund,Anant Raj Ltd,0.92,,Real Estate,,
Sundaram Mid Cap Fund,One97 Communications Ltd,0.92,,Technology,,
PGIM India Midcap Fund,KEI Industries Ltd,0.92,,Industrials,53.76344,8.032405
Baroda BNP Paribas Small Cap Fund,DOMS Industries Ltd,0.92,,Industrials,,
UTI-Flexi Cap Fund,Ipca Laboratories Ltd,0.92,,Healthcare,38.607655,5.4611874
UTI-Large Cap Fund,Dr Reddy's Laboratories Ltd,0.92,,Healthcare,,
Mahindra Manulife Flexi Cap Fund,Dr. Lal PathLabs Ltd,0.92,,Healthcare,,
SBI Large Cap Fund,Bank Nifty Index 28-07-2026,0.92,,,,
Shriram Flexi Cap Fund,REC Ltd,0.92,,Financial Services,34.348328,5.7735553
SBI Large Cap Fund,Cash Offset For Derivatives,0.92,,,,
AXIS Midcap Fund,Indian Bank,0.92,,Financial Services,9.372036,1.4279683
Nippon India Large Cap Fund,Tata Consumer Products Ltd,0.92,,Consumer Defensive,,
HSBC Small Cap Fund,Housing & Urban Development Corp Ltd,0.92,,Financial Services,,
Quant Small Cap Fund,Viyash Scientific Ltd,0.92,,Healthcare,,
Baroda BNP Paribas Large Cap Fund,Coal India Ltd,0.92,,Energy,8.216264,2.1484375
Kotak Large Cap Fund,Power Finance Corp Ltd,0.92,,Financial Services,5.31349,1.0419072
ITI Flexi Cap Fund,Dixon Technologies (India) Ltd,0.92,,Technology,,
Mirae Asset Large Cap Fund,SBI Life Insurance Co Ltd,0.92,,Financial Services,71.42033,9.250212
Tata Mid Cap Fund,Navin Fluorine International Ltd,0.92,,Basic Materials,,
UTI-Large Cap Fund,Asian Paints Ltd,0.92,,Basic Materials,67.65291,13.316042
Motilal Oswal Small Cap Fund,Sonata Software Ltd,0.92,,Technology,19.01076,4.622148
Bandhan Midcap Fund,Syrma SGS Technology Ltd,0.92,,Technology,73.51393,9.521932
Mahindra Manulife Small Cap Fund,Tilaknagar Industries Ltd,0.92,,Consumer Defensive,31.50883,4.089004
Motilal Oswal Midcap Fund,Sterlite Technologies Ltd,0.91,,Technology,138.89131,13.750727
Aditya Birla SL Large Cap Fund,Samvardhana Motherson International Ltd,0.91,,Consumer Cyclical,,
AXIS Midcap Fund,Lupin Ltd,0.91,,Healthcare,25.007946,5.4900575
AXIS Midcap Fund,Page Industries Ltd,0.91,,Consumer Cyclical,58.260082,29.617994
AXIS Midcap Fund,Axis Money Market Dir Gr,0.91,,,,
Kotak Midcap Fund,MRF Ltd,0.91,,Consumer Cyclical,23.474194,2.7133775
DSP Midcap Fund,Mahindra & Mahindra Ltd,0.91,,Consumer Cyclical,21.322454,4.203955
Mirae Asset Large Cap Fund,Ambuja Cements Ltd,0.91,,Basic Materials,24.327354,1.8076178
Mirae Asset Large Cap Fund,Siemens Energy India Ltd,0.91,,Utilities,99.01765,29.658049
JM Large Cap Fund,Hindustan Zinc Ltd,0.91,,Basic Materials,21.51808,18.537941
HSBC Small Cap Fund,Emcure Pharmaceuticals Ltd,0.91,,Healthcare,,
Baroda BNP Paribas Large Cap Fund,Oil India Ltd,0.91,,Energy,10.88228,1.2416646
Union Midcap Fund,Timken India Ltd,0.91,,Industrials,60.607704,8.648188
Sundaram Mid Cap Fund,Colgate-Palmolive (India) Ltd,0.91,,Consumer Defensive,41.325695,34.725204
Bandhan Small Cap Fund,Godrej Industries Ltd,0.91,,Industrials,35.590233,3.9522178
JM Flexicap Fund,Kotak Mahindra Bank Ltd,0.91,,Financial Services,19.154411,2.1446095
Mahindra Manulife Small Cap Fund,JSW Energy Ltd,0.91,,Utilities,44.45055,3.234078
ITI Flexi Cap Fund,LG Electronics India Ltd,0.91,,Technology,63.68928,14.048153
Invesco India Flexi Cap Fund,Home First Finance Co India Ltd,0.91,,Financial Services,,
SBI Large Cap Fund,GAIL (India) Ltd,0.91,,Utilities,11.544548,1.2809391
ITI Small Cap Fund,Nippon Life India Asset Management Ltd Ordinary Shares,0.91,,Financial Services,,
Quantum Small Cap Fund,TeamLease Services Ltd,0.91,,Industrials,151.58403,2.0153174
NJ Flexi Cap Fund,Crompton Greaves Consumer Electricals Ltd,0.91,,Consumer Cyclical,,
JM Small Cap Fund,Equitas Small Finance Bank Ltd Ordinary Shares,0.91,,Financial Services,,
HSBC Flexi Cap Fund,Bharat Heavy Electricals Ltd,0.91,,Industrials,58.142857,5.4202347
Edelweiss Small Cap Fund,Neuland Laboratories Ltd,0.91,,Healthcare,75.7588,15.6353445
Helios Flexi Cap Fund,Hitachi Energy India Ltd Ordinary Shares,0.91,,Industrials,,
Taurus Flexi Cap Fund,Indian Energy Exchange Ltd,0.91,,Financial Services,,
ITI Small Cap Fund,Ujjivan Small Finance Bank Ltd Ordinary Shares,0.91,,Financial Services,,
Invesco India Smallcap Fund,Sonata Software Ltd,0.91,,Technology,19.01076,4.622148
WhiteOak Capital Mid Cap Fund,Aditya Birla Capital Ltd,0.91,,Financial Services,26.376858,3.1052613
Mahindra Manulife Mid Cap Fund,Godrej Properties Ltd,0.91,,Real Estate,38.909775,3.254932
ITI Small Cap Fund,Eternal Ltd,0.91,,Consumer Cyclical,,
Mirae Asset Flexi Cap Fund,Schaeffler India Ltd,0.91,,Consumer Cyclical,,
Tata Small Cap Fund,Sundrop Brands Ltd,0.91,,Consumer Defensive,,
DSP Flexi Cap Fund,Cohance Lifesciences Ltd,0.91,,Healthcare,94.84043,4.368642
Tata Small Cap Fund,Keystone Realtors Ltd,0.91,,Real Estate,,
Tata Small Cap Fund,Honda India Power Products Ltd,0.91,,Industrials,,
JM Small Cap Fund,Patel Engineering Ltd,0.91,,Industrials,10.138298,0.66883457
LIC MF Midcap Fund,Dr Agarwal’s Health Care Ltd,0.91,,Healthcare,,
Motilal Oswal Small Cap Fund,Wework India Management Ltd,0.91,,Real Estate,,
Edelweiss Mid Cap Fund,LG Electronics India Ltd,0.9,,Technology,63.68928,14.048153
Bank of India Small Cap Fund,Gufic Biosciences Ltd,0.9,,Healthcare,65.74103,6.36527
ITI Small Cap Fund,The Shipping Corp of India Ltd,0.9,,Industrials,,
WhiteOak Capital Mid Cap Fund,Cummins India Ltd,0.9,,Industrials,63.69292,17.746988
NJ Flexi Cap Fund,Castrol India Ltd,0.9,,Energy,17.884436,9.958484
Kotak Large Cap Fund,Apollo Tyres Ltd,0.9,,Consumer Cyclical,20.535303,1.6840942
Tata Mid Cap Fund,Jindal Steel Ltd,0.9,,Basic Materials,,
Nippon India Large Cap Fund,Swiggy Ltd,0.9,,Consumer Cyclical,,
Quant Small Cap Fund,Black Box Ltd,0.9,,Technology,,
Motilal Oswal Large Cap Fund,ITC Ltd,0.9,,Consumer Defensive,18.050472,4.9439254
PGIM India Midcap Fund,Sai Life Sciences Ltd,0.9,,Healthcare,,
Navi Flexi Cap Fund,Tata Consultancy Services Ltd,0.9,,Technology,17.2117,8.097646
Nippon India Large Cap Fund,PB Fintech Ltd,0.9,,Financial Services,,
Union Small Cap Fund,Garden Reach Shipbuilders & Engineers Ltd,0.9,,Industrials,,
Shriram Flexi Cap Fund,Oil & Natural Gas Corp Ltd,0.9,,Energy,,
Navi Flexi Cap Fund,Bank of Maharashtra,0.9,,Financial Services,7.995914,1.6871054
Canara Robeco Small Cap Fund,Exide Industries Ltd,0.9,,Consumer Cyclical,44.626595,2.9953663
Bandhan Small Cap Fund,Repco Home Finance Ltd,0.9,,Financial Services,5.1493545,0.59245616
Mirae Asset Large Cap Fund,Indian Hotels Co Ltd,0.9,,Consumer Cyclical,48.539177,7.9719944
AXIS Midcap Fund,Hitachi Energy India Ltd Ordinary Shares,0.9,,Industrials,,
Invesco India Flexi Cap Fund,Dr Agarwal’s Health Care Ltd,0.9,,Healthcare,,
Bank of India Small Cap Fund,Tinna Rubber & Infrastructure Ltd,0.9,,Basic Materials,,
Shriram Flexi Cap Fund,Indian Bank,0.9,,Financial Services,9.372036,1.4279683
Franklin India Mid Cap Fund,Jubilant Foodworks Ltd,0.9,,Consumer Cyclical,85.50088,13.959026
UTI-Mid Cap Fund,LG Electronics India Ltd,0.9,,Technology,63.68928,14.048153
DSP Small Cap Fund,Eris Lifesciences Ltd Registered Shs,0.9,,Healthcare,,
Navi Flexi Cap Fund,360 One Wam Ltd Ordinary Shares,0.9,,Financial Services,,
Franklin India Flexi Cap Fund,United Spirits Ltd,0.9,,Consumer Defensive,63.68353,11.682224
JM Midcap Fund,Net Receivable/Payable,0.9,,,,
Bajaj Finserv Flexi Cap Fund,Ramco Cements Ltd,0.9,,Basic Materials,,
Invesco India Smallcap Fund,Brigade Enterprises Ltd,0.9,,Real Estate,29.064838,27.865442
SBI Small Cap Fund,TTK Prestige Ltd,0.9,,Consumer Cyclical,43.65344,4.2605953
ICICI Pru Large Cap Fund,ITC Ltd,0.9,,Consumer Defensive,18.050472,4.9439254
DSP Small Cap Fund,Max Financial Services Ltd,0.9,,Financial Services,,
Baroda BNP Paribas Mid Cap Fund,Astral Ltd,0.9,,Industrials,,
WhiteOak Capital Flexi Cap Fund,Coforge Limited,0.9,,,36.363636,6.254336
WhiteOak Capital Flexi Cap Fund,Persistent Systems Limited,0.9,,,44.642857,10.92834
UTI-Mid Cap Fund,Kajaria Ceramics Ltd,0.9,,Industrials,34.01224,6.063991
Invesco India Largecap Fund,Home First Finance Co India Ltd,0.9,,Financial Services,,
SBI Large Cap Fund,ICICI Prudential Life Insurance Co Ltd,0.9,,Financial Services,,
Union Midcap Fund,Tube Investments of India Ltd Ordinary Shares,0.9,,Industrials,,
JM Midcap Fund,E2E Networks Ltd Ordinary Shares,0.9,,Technology,,
Nippon India Flexi Cap Fund,Cholamandalam Investment and Finance Co Ltd,0.9,,Financial Services,,
Mirae Asset Flexi Cap Fund,DLF Ltd,0.89,,Real Estate,35.97323,3.5110068
LIC MF Midcap Fund,Dixon Technologies (India) Ltd,0.89,,Technology,,
Mirae Asset Flexi Cap Fund,Bharat Petroleum Corp Ltd,0.89,,Energy,,
Navi Flexi Cap Fund,Indegene Ltd,0.89,,Healthcare,,
HSBC Small Cap Fund,EIH Ltd,0.89,,Consumer Cyclical,28.852306,4.0741234
Navi Flexi Cap Fund,Bank of Baroda,0.89,,Financial Services,7.138383,0.7690585
ITI Mid Cap Fund,Coforge Ltd,0.89,,Technology,,
Bandhan Small Cap Fund,General Insurance Corp of India,0.89,,Financial Services,6.514682,0.6806299
Bank of India Flexi Cap Fund,ITC Ltd,0.89,,Consumer Defensive,18.050472,4.9439254
Kotak Midcap Fund,Avanti Feeds Ltd,0.89,,Consumer Defensive,20.409542,3.7605832
UTI-Large Cap Fund,Lupin Ltd,0.89,,Healthcare,25.007946,5.4900575
ITI Mid Cap Fund,GMR Airports Ltd,0.89,,Industrials,,
HSBC Large Cap Fund,HCL Technologies Ltd,0.89,,Technology,21.097977,4.9742002
Kotak Midcap Fund,Max Healthcare Institute Ltd Ordinary Shares,0.89,,Healthcare,,
ITI Small Cap Fund,INOX India Ltd,0.89,,Industrials,,
LIC MF Large Cap Fund,MOIL Ltd,0.89,,Basic Materials,18.660416,2.093116
Union Flexi Cap Fund,Max Financial Services Ltd,0.89,,Financial Services,,
ITI Small Cap Fund,Hitachi Energy India Ltd Ordinary Shares,0.89,,Industrials,,
Bandhan Small Cap Fund,ICICI Lombard General Insurance Co Ltd,0.89,,Financial Services,,
Union Largecap Fund,Apollo Hospitals Enterprise Ltd,0.89,,Healthcare,,
ITI Small Cap Fund,Manappuram Finance Ltd,0.89,,Financial Services,30.949366,2.1463308
ITI Flexi Cap Fund,Billionbrains Garage Ventures Ltd,0.89,,Financial Services,,
Parag Parikh Flexi Cap Fund,Zydus Wellness Ltd,0.89,,Consumer Defensive,90.126686,2.9742959
PGIM India Flexi Cap Fund,Solar Industries India Ltd,0.89,,Basic Materials,99.0099,26.524855
360 ONE FlexiCap Fund,Britannia Industries Ltd,0.89,,Consumer Defensive,52.356518,25.98983
UTI-Mid Cap Fund,GE Vernova T&D India Ltd,0.89,,Industrials,84.030495,40.910908
Bandhan Flexi Cap Fund,Trent Ltd,0.89,,Consumer Cyclical,96.15015,22.879957
Mahindra Manulife Large Cap Fund,Max Healthcare Institute Ltd Ordinary Shares,0.89,,Healthcare,,
Union Small Cap Fund,Deepak Fertilisers & Petrochemicals Corp Ltd,0.89,,Basic Materials,,
Nippon India Growth Mid Cap Fund,Sundaram Finance Ltd,0.89,,Financial Services,22.8837,3.4346478
PGIM India Flexi Cap Fund,Mahindra & Mahindra Ltd,0.89,,Consumer Cyclical,21.322454,4.203955
Shriram Flexi Cap Fund,Power Grid Corp Of India Ltd,0.89,,Utilities,,
Bank of India Large Cap Fund,OnEMI Technology Solutions Ltd,0.89,,Financial Services,,
LIC MF Small Cap Fund,Affle 3i Ltd,0.89,,Communication Services,,
Invesco India Largecap Fund,SRF Ltd,0.89,,Industrials,35.841557,5.5199285
JM Small Cap Fund,Lumax Auto Technologies Ltd,0.89,,Consumer Cyclical,55.389194,11.1216955
Nippon India Growth Mid Cap Fund,Hindustan Petroleum Corp Ltd,0.89,,Energy,,
Tata Flexi Cap Fund,Mphasis Ltd,0.89,,Technology,24.812908,4.174768
WhiteOak Capital Flexi Cap Fund,Bank Nifty Index,0.89,,,,
UTI-Flexi Cap Fund,Berger Paints India Ltd,0.89,,Basic Materials,57.216827,9.844281
ITI Small Cap Fund,JK Cement Ltd,0.88,,Basic Materials,,
JM Small Cap Fund,Shyam Metalics and Energy Ltd,0.88,,Basic Materials,,
ITI Mid Cap Fund,Mahindra & Mahindra Financial Services Ltd,0.88,,Financial Services,,
Union Flexi Cap Fund,Gokaldas Exports Ltd,0.88,,Consumer Cyclical,60.60948,2.730805
LIC MF Midcap Fund,Jubilant Foodworks Ltd,0.88,,Consumer Cyclical,85.50088,13.959026
Helios Flexi Cap Fund,Siemens Energy India Ltd,0.88,,Utilities,99.01765,29.658049
Bank of India Flexi Cap Fund,Titagarh Rail Systems Ltd,0.88,,Industrials,94.37083,4.6903887
TRUSTMF Flexi Cap Fund,Kotak Mahindra Bank Ltd,0.88,,Financial Services,19.154411,2.1446095
Baroda BNP Paribas Large Cap Fund,Tata Power Co Ltd,0.88,,Utilities,31.554724,3.080304
Union Largecap Fund,Hindalco Industries Ltd,0.88,,Basic Materials,14.367457,1.7221315
Motilal Oswal Small Cap Fund,GE Vernova T&D India Ltd,0.88,,Industrials,84.030495,40.910908
Canara Robeco Small Cap Fund,Safari Industries (India) Ltd,0.88,,Consumer Cyclical,44.051006,6.528887
JM Flexicap Fund,ICRA Ltd,0.88,,Financial Services,24.691954,4.0801554
Quantum Small Cap Fund,Mastek Ltd,0.88,,Technology,13.679809,1.8369911
Bandhan Midcap Fund,Axis Bank Ltd,0.88,,Financial Services,13.927326,1.7253225
Bandhan Midcap Fund,Dixon Technologies (India) Ltd,0.88,,Technology,,
ITI Mid Cap Fund,Schaeffler India Ltd,0.88,,Consumer Cyclical,,
Motilal Oswal Large Cap Fund,Euro Pratik Sales Ltd,0.88,,Basic Materials,,
SBI Small Cap Fund,Fine Organic Industries Ltd Ordinary Shares,0.88,,Basic Materials,,
Bank of India Large Cap Fund,BSE Ltd,0.88,,Financial Services,,
Canara Robeco Large Cap Fund,TVS Motor Co Ltd,0.88,,Consumer Cyclical,61.730606,63.15901
LIC MF Large Cap Fund,Blue Star Ltd,0.88,,Industrials,62.967583,10.043221
WhiteOak Capital Flexi Cap Fund,CG Power & Industrial Solutions Ltd,0.88,,Industrials,,
Mirae Asset Flexi Cap Fund,Sundaram Finance Ltd,0.88,,Financial Services,22.8837,3.4346478
DSP Flexi Cap Fund,Tata Consultancy Services Ltd,0.88,,Technology,17.2117,8.097646
DSP Small Cap Fund,Amber Enterprises India Ltd Ordinary Shares,0.88,,Consumer Cyclical,,
JM Small Cap Fund,Camlin Fine Sciences Ltd,0.88,,Basic Materials,15.531289,2.3359847
JM Midcap Fund,Sona BLW Precision Forgings Ltd,0.88,,Consumer Cyclical,,
TRUSTMF Small Cap Fund,Aeroflex Industries Ltd,0.88,,Industrials,82.57752,12.606509
Edelweiss Mid Cap Fund,Jubilant Foodworks Ltd,0.88,,Consumer Cyclical,85.50088,13.959026
Nippon India Growth Mid Cap Fund,Radico Khaitan Ltd,0.87,,Consumer Defensive,85.46732,18.168161
Tata Flexi Cap Fund,Bharat Petroleum Corp Ltd,0.87,,Energy,,
Sundaram Mid Cap Fund,Nippon Life India Asset Management Ltd Ordinary Shares,0.87,,Financial Services,,
ICICI Pru Large Cap Fund,Dr Reddy's Laboratories Ltd,0.87,,Healthcare,,
Union Largecap Fund,Tata Consultancy Services Ltd,0.87,,Technology,17.2117,8.097646
Helios Flexi Cap Fund,Axis Bank Ltd,0.87,,Financial Services,13.927326,1.7253225
Bank of India Large Cap Fund,Balrampur Chini Mills Ltd,0.87,,Consumer Defensive,34.129852,3.0919306
PGIM India Flexi Cap Fund,Britannia Industries Ltd,0.87,,Consumer Defensive,52.356518,25.98983
Bandhan Large Cap Fund,TVS Motor Co Ltd,0.87,,Consumer Cyclical,61.730606,63.15901
Bank of India Small Cap Fund,KSH International Ltd,0.87,,Industrials,,
Nippon India Flexi Cap Fund,Kaynes Technology India Ltd,0.87,,Technology,,
PGIM India Large Cap Fund,LG Electronics India Ltd,0.87,,Technology,63.68928,14.048153
Shriram Flexi Cap Fund,Dodla Dairy Ltd,0.87,,Consumer Defensive,,
ITI Flexi Cap Fund,Tega Industries Ltd,0.87,,Industrials,,
Union Largecap Fund,UNO Minda Ltd,0.87,,Consumer Cyclical,,
Tata Mid Cap Fund,PI Industries Ltd,0.87,,Basic Materials,31.848026,3.7480412
Canara Robeco Mid Cap Fund,Schaeffler India Ltd,0.87,,Consumer Cyclical,,
TRUSTMF Small Cap Fund,Firstsource Solutions Ltd,0.87,,Technology,30.763737,4.407898
WhiteOak Capital Large Cap Fund,Embassy Office Parks REIT,0.87,,Real Estate,,
Mahindra Manulife Small Cap Fund,Cholamandalam Financial Holdings Ltd,0.87,,Financial Services,,
TRUSTMF Small Cap Fund,CCL Products (India) Ltd,0.87,,Consumer Defensive,40.142097,7.670013
Franklin India Mid Cap Fund,Exide Industries Ltd,0.87,,Consumer Cyclical,44.626595,2.9953663
UTI-Mid Cap Fund,Navin Fluorine International Ltd,0.87,,Basic Materials,,
HSBC Small Cap Fund,IIFL Finance Ltd,0.87,,Financial Services,,
Navi Flexi Cap Fund,Sky Gold and Diamonds Ltd,0.87,,Consumer Cyclical,38.30671,9.299259
Franklin India Mid Cap Fund,Astral Ltd,0.87,,Industrials,,
JM Small Cap Fund,PSP Projects Ltd,0.87,,Industrials,,
WhiteOak Capital Flexi Cap Fund,06/08/2026 Maturing 182 DTB,0.87,,,,
UTI-Mid Cap Fund,Brigade Enterprises Ltd,0.87,,Real Estate,29.064838,27.865442
UTI-Mid Cap Fund,Motherson Sumi Wiring India Ltd,0.87,,Consumer Cyclical,,
Baroda BNP Paribas Large Cap Fund,Wipro Ltd,0.87,,Technology,14.906995,2.3944075
HSBC Small Cap Fund,Angel One Ltd Ordinary Shares,0.87,,Financial Services,,
Baroda BNP Paribas Mid Cap Fund,Oracle Financial Services Software Ltd,0.87,,Technology,,
WhiteOak Capital Flexi Cap Fund,Krishna Institute of Medical Sciences Ltd,0.87,,Healthcare,,
Mahindra Manulife Small Cap Fund,Ratnamani Metals & Tubes Ltd,0.87,,Basic Materials,34.481056,3.7558336
Mahindra Manulife Flexi Cap Fund,Vishal Mega Mart Ltd,0.87,,Consumer Cyclical,,
PGIM India Midcap Fund,ICICI Lombard General Insurance Co Ltd,0.87,,Financial Services,,
ITI Small Cap Fund,Cholamandalam Financial Holdings Ltd,0.87,,Financial Services,,
DSP Small Cap Fund,Concord Biotech Ltd,0.87,,Healthcare,,
ITI Small Cap Fund,IndusInd Bank Ltd,0.87,,Financial Services,60.223267,1.2141788
Motilal Oswal Small Cap Fund,Shadowfax Technologies Ltd,0.87,,Industrials,,
Mahindra Manulife Flexi Cap Fund,Aster DM Quality Care Ltd Ordinary Shares,0.87,,Healthcare,,
AXIS Flexi Cap Fund,Infosys Ltd,0.87,,Technology,,
Aditya Birla SL Large Cap Fund,Aditya Birla Capital Ltd,0.87,,Financial Services,26.376858,3.1052613
Franklin India Mid Cap Fund,ITC Hotels Ltd,0.86,,Consumer Cyclical,,
Franklin India Large Cap Fund,Marico Ltd,0.86,,Consumer Defensive,65.507576,27.663319
Edelweiss Flexi Cap Fund,Ipca Laboratories Ltd,0.86,,Healthcare,38.607655,5.4611874
Edelweiss Flexi Cap Fund,Britannia Industries Ltd,0.86,,Consumer Defensive,52.356518,25.98983
Canara Robeco Large Cap Fund,Bajaj Auto Ltd,0.86,,Consumer Cyclical,27.70058,8.37947
UTI-Mid Cap Fund,Jubilant Foodworks Ltd,0.86,,Consumer Cyclical,85.50088,13.959026
UTI-Mid Cap Fund,Pfizer Ltd,0.86,,Healthcare,30.488506,5.3124375
Union Small Cap Fund,Welspun Corp Ltd,0.86,,Basic Materials,,
PGIM India Midcap Fund,LG Electronics India Ltd,0.86,,Technology,63.68928,14.048153
PGIM India Midcap Fund,APL Apollo Tubes Ltd,0.86,,Basic Materials,44.44946,10.328954
PGIM India Midcap Fund,Bank of Maharashtra,0.86,,Financial Services,7.995914,1.6871054
Aditya Birla SL Large Cap Fund,Cholamandalam Investment and Finance Co Ltd,0.86,,Financial Services,,
JM Small Cap Fund,Schneider Electric Infrastructure Ltd,0.86,,Industrials,,
Baroda BNP Paribas Large Cap Fund,Escorts Kubota Ltd,0.86,,Industrials,,
Mirae Asset Flexi Cap Fund,Vedanta Ltd,0.86,,Basic Materials,,
Nippon India Large Cap Fund,Siemens Energy India Ltd,0.86,,Utilities,99.01765,29.658049
ITI Flexi Cap Fund,Tata Motors Ltd,0.86,,Consumer Cyclical,,
Shriram Flexi Cap Fund,Tech Mahindra Ltd,0.86,,Technology,31.637583,5.315708
Mahindra Manulife Flexi Cap Fund,Titagarh Rail Systems Ltd,0.86,,Industrials,94.37083,4.6903887
UTI-Flexi Cap Fund,Gland Pharma Ltd,0.86,,Healthcare,,
WhiteOak Capital Mid Cap Fund,Coromandel International Ltd,0.86,,Basic Materials,33.319637,4.850019
WhiteOak Capital Mid Cap Fund,Abbott India Ltd,0.86,,Healthcare,39.10034,14.718281
HSBC Flexi Cap Fund,Hindustan Petroleum Corp Ltd,0.86,,Energy,,
Edelweiss Large Cap Fund,Cummins India Ltd,0.86,,Industrials,63.69292,17.746988
AXIS Midcap Fund,Alkem Laboratories Ltd,0.86,,Healthcare,29.153913,4.8621597
Nippon India Growth Mid Cap Fund,Balkrishna Industries Ltd,0.86,,Consumer Cyclical,36.381264,4.568192
Edelweiss Mid Cap Fund,Steel Authority Of India Ltd,0.86,,Basic Materials,28.473343,1.2537969
Edelweiss Mid Cap Fund,Prestige Estates Projects Ltd,0.86,,Real Estate,59.86932,4.183585
Bandhan Large Cap Fund,Craftsman Automation Ltd,0.86,,Consumer Cyclical,54.34704,7.6615663
Bandhan Flexi Cap Fund,Jio Financial Services Ltd,0.86,,Financial Services,,
Franklin India Large Cap Fund,Swiggy Ltd,0.86,,Consumer Cyclical,,
Mirae Asset Flexi Cap Fund,JK Cement Ltd,0.86,,Basic Materials,,
ITI Large Cap Fund,Divi's Laboratories Ltd,0.86,,Healthcare,85.46783,13.0643635
Sundaram Mid Cap Fund,Billionbrains Garage Ventures Ltd,0.86,,Financial Services,,
360 ONE FlexiCap Fund,SIS Ltd Ordinary Shares,0.86,,Industrials,,
Union Midcap Fund,Dixon Technologies (India) Ltd,0.86,,Technology,,
Taurus Flexi Cap Fund,Aarti Pharmalabs Ltd,0.86,,Healthcare,,
Bajaj Finserv Flexi Cap Fund,Kalpataru Projects International Ltd,0.86,,Industrials,,
Nippon India Flexi Cap Fund,Vedanta Ltd,0.85,,Basic Materials,,
DSP Midcap Fund,Dhanuka Agritech Ltd,0.85,,Basic Materials,17.15294,2.7353275
ITI Small Cap Fund,Billionbrains Garage Ventures Ltd,0.85,,Financial Services,,
Union Small Cap Fund,ZF Commercial Vehicle Control Systems India Ltd,0.85,,Consumer Cyclical,,
Quant Small Cap Fund,Jubilant Pharmova Ltd,0.85,,Healthcare,37.175907,2.0812213
ITI Small Cap Fund,KFin Technologies Ltd,0.85,,Technology,,
LIC MF Midcap Fund,Anthem Biosciences Ltd,0.85,,Healthcare,83.34985,15.526631
PGIM India Flexi Cap Fund,Cholamandalam Investment and Finance Co Ltd,0.85,,Financial Services,,
Nippon India Flexi Cap Fund,Godrej Consumer Products Ltd,0.85,,Consumer Defensive,58.899498,8.822688
Aditya Birla SL Flexi Cap Fund,Max Financial Services Ltd,0.85,,Financial Services,,
Aditya Birla SL Flexi Cap Fund,Cummins India Ltd,0.85,,Industrials,63.69292,17.746988
HSBC Small Cap Fund,Ipca Laboratories Ltd,0.85,,Healthcare,38.607655,5.4611874
Mahindra Manulife Small Cap Fund,CreditAccess Grameen Ltd Ordinary Shares,0.85,,Financial Services,,
HSBC Midcap Fund,Poly Medicure Ltd,0.85,,Healthcare,53.19868,5.5223246
DSP Small Cap Fund,Campus Activewear Ltd,0.85,,Consumer Cyclical,,
PGIM India Flexi Cap Fund,TBO Tek Ltd,0.85,,Consumer Cyclical,,
SBI Small Cap Fund,Westlife Foodworld Ltd,0.85,,Consumer Cyclical,294.4802,14.863075
Kotak Midcap Fund,Prudent Corporate Advisory Services Ltd,0.85,,Financial Services,,
Union Small Cap Fund,BSE Ltd,0.85,,Financial Services,,
Mirae Asset Midcap Fund,Hindustan Petroleum Corp Ltd,0.85,,Energy,,
Nippon India Growth Mid Cap Fund,Jubilant Foodworks Ltd,0.85,,Consumer Cyclical,85.50088,13.959026
Canara Robeco Small Cap Fund,Aditya Birla Sun Life AMC Ltd,0.85,,Financial Services,,
Navi Flexi Cap Fund,CE Info Systems Ltd,0.85,,Technology,,
ITI Mid Cap Fund,Karur Vysya Bank Ltd,0.85,,Financial Services,11.819303,2.299122
NJ Flexi Cap Fund,Hindustan Aeronautics Ltd Ordinary Shares,0.85,,Industrials,,
Quant Flexi Cap Fund,LG Electronics India Ltd,0.85,,Technology,63.68928,14.048153
Invesco India Largecap Fund,PTC Industries Ltd,0.85,,Industrials,270.2842,18.969341
Bank of India Small Cap Fund,JK Cement Ltd,0.85,,Basic Materials,,
UTI-Flexi Cap Fund,AAVAS Financiers Ltd,0.85,,Financial Services,,
JM Small Cap Fund,Goodluck India Ltd,0.85,,Basic Materials,,
DSP Large Cap Fund,Life Insurance Corporation of India,0.85,,Financial Services,8.291245,2.8221679
Union Largecap Fund,Jio Financial Services Ltd,0.85,,Financial Services,,
Nippon India Growth Mid Cap Fund,Vishal Mega Mart Ltd,0.84,,Consumer Cyclical,,
ITI Small Cap Fund,Jammu & Kashmir Bank Ltd,0.84,,Financial Services,8.1349,1.1318313
Invesco India Flexi Cap Fund,Blue Star Ltd,0.84,,Industrials,62.967583,10.043221
Bandhan Small Cap Fund,EPL Ltd Ordinary Shares,0.84,,Consumer Cyclical,,
AXIS Midcap Fund,Trent Ltd,0.84,,Consumer Cyclical,96.15015,22.879957
Franklin India Mid Cap Fund,Motherson Sumi Wiring India Ltd,0.84,,Consumer Cyclical,,
AXIS Midcap Fund,Bharat Electronics Ltd,0.84,,Industrials,47.852028,12.219276
AXIS Midcap Fund,Shriram Finance Ltd,0.84,,Financial Services,,
HDFC Flexi Cap Fund,Lupin Ltd,0.84,,Healthcare,25.007946,5.4900575
Canara Robeco Small Cap Fund,JK Lakshmi Cement Ltd,0.84,,Basic Materials,18.972464,1.8051522
ITI Flexi Cap Fund,Urban Co Ltd,0.84,,Technology,,
Parag Parikh Flexi Cap Fund,Parag Parikh Liquid Dir Gr,0.84,,,,
Nippon India Large Cap Fund,Mankind Pharma Ltd,0.84,,Healthcare,,
Canara Robeco Small Cap Fund,Ratnamani Metals & Tubes Ltd,0.84,,Basic Materials,34.481056,3.7558336
HDFC Mid Cap Fund,Indraprastha Gas Ltd,0.84,,Utilities,13.7129965,1.8475419
Nippon India Large Cap Fund,Shree Cement Ltd,0.84,,Basic Materials,55.361866,4.2382216
HDFC Mid Cap Fund,Escorts Kubota Ltd,0.84,,Industrials,,
ICICI Pru Large Cap Fund,Cummins India Ltd,0.84,,Industrials,63.69292,17.746988
ITI Small Cap Fund,Jyoti CNC Automation Ltd,0.84,,Industrials,53.208954,8.917973
Nippon India Growth Mid Cap Fund,Bharat Electronics Ltd,0.84,,Industrials,47.852028,12.219276
DSP Midcap Fund,PI Industries Ltd,0.84,,Basic Materials,31.848026,3.7480412
AXIS Flexi Cap Fund,Oil & Natural Gas Corp Ltd,0.84,,Energy,,
Sundaram Mid Cap Fund,Kirloskar Oil Engines Ltd,0.84,,Industrials,55.561123,8.686619
HSBC Flexi Cap Fund,Net Current Assets (Including Cash & Bank Balances),0.84,,,,
ITI Flexi Cap Fund,Tata Consultancy Services Ltd,0.84,,Technology,17.2117,8.097646
ITI Mid Cap Fund,Bharat Electronics Ltd,0.84,,Industrials,47.852028,12.219276
Mirae Asset Flexi Cap Fund,Tech Mahindra Ltd,0.84,,Technology,31.637583,5.315708
Motilal Oswal Midcap Fund,Net Receivables / (Payables),0.84,,,,
WhiteOak Capital Large Cap Fund,JSW Infrastructure Ltd,0.84,,Industrials,46.310345,6.4361844
WhiteOak Capital Large Cap Fund,Tata Consumer Products Ltd,0.84,,Consumer Defensive,,
Edelweiss Large Cap Fund,Hindustan Unilever Ltd,0.84,,Consumer Defensive,46.515755,10.1043215
WhiteOak Capital Mid Cap Fund,Mankind Pharma Limited,0.84,,,49.74681,6.2201624
Tata Small Cap Fund,Smartworks Coworking Spaces Ltd,0.84,,Real Estate,,
PGIM India Flexi Cap Fund,Persistent Systems Ltd,0.84,,Technology,44.642857,10.92834
JM Flexicap Fund,Sona BLW Precision Forgings Ltd,0.84,,Consumer Cyclical,,
Edelweiss Small Cap Fund,Brigade Enterprises Ltd,0.84,,Real Estate,29.064838,27.865442
DSP Midcap Fund,SRF Ltd,0.84,,Industrials,35.841557,5.5199285
Baroda BNP Paribas Mid Cap Fund,JTEKT India Ltd,0.84,,Consumer Cyclical,49.33099,3.2773464
Tata Small Cap Fund,Finolex Cables Ltd,0.84,,Industrials,21.978765,2.5757465
Bank of India Flexi Cap Fund,Triveni Engineering & Industries Ltd,0.83,,Consumer Defensive,,
Mirae Asset Midcap Fund,Century Plyboards (India) Ltd,0.83,,Basic Materials,,
Kotak Midcap Fund,India Shelter Finance Corporation Ltd,0.83,,Financial Services,,
Bajaj Finserv Flexi Cap Fund,RHI Magnesita India Ltd,0.83,,Industrials,22.475494,2.3941674
HSBC Flexi Cap Fund,Paradeep Phosphates Ltd,0.83,,Basic Materials,14.46757,2.2856574
DSP Flexi Cap Fund,Petronet LNG Ltd,0.83,,Energy,10.671012,1.8728886
ITI Small Cap Fund,Mazagon Dock Shipbuilders Ltd,0.83,,Industrials,,
JM Flexicap Fund,Tata Motors Passenger Vehicles Ltd,0.83,,Consumer Cyclical,,
Baroda BNP Paribas Large Cap Fund,Persistent Systems Ltd,0.83,,Technology,44.642857,10.92834
Kotak Large Cap Fund,Bosch Ltd,0.83,,Consumer Cyclical,46.152832,8.837203
UTI-Flexi Cap Fund,PI Industries Ltd,0.83,,Basic Materials,31.848026,3.7480412
Mahindra Manulife Flexi Cap Fund,Hindustan Unilever Ltd,0.83,,Consumer Defensive,46.515755,10.1043215
AXIS Large Cap Fund,Axis NIFTY 50 ETF,0.83,,,,
Mahindra Manulife Flexi Cap Fund,LTM Ltd,0.83,,Technology,,
Bandhan Small Cap Fund,Crompton Greaves Consumer Electricals Ltd,0.83,,Consumer Cyclical,,
Tata Flexi Cap Fund,Wipro Ltd,0.83,,Technology,14.906995,2.3944075
WhiteOak Capital Mid Cap Fund,Petronet LNG Ltd,0.83,,Energy,10.671012,1.8728886
Bandhan Large Cap Fund,Dr Agarwal’s Health Care Ltd,0.83,,Healthcare,,
PGIM India Midcap Fund,Muthoot Finance Ltd,0.83,,Financial Services,10.19353,2.9614034
WhiteOak Capital Large Cap Fund,Cummins India Ltd,0.83,,Industrials,63.69292,17.746988
Taurus Mid Cap Fund,Vodafone Idea Ltd,0.83,,Communication Services,,
TRUSTMF Flexi Cap Fund,ICICI Prudential Asset Management Co Ltd,0.83,,Financial Services,,
Nippon India Flexi Cap Fund,PB Fintech Ltd,0.83,,Financial Services,,
Nippon India Flexi Cap Fund,Vishal Mega Mart Ltd,0.83,,Consumer Cyclical,,
HDFC Mid Cap Fund,Godrej Consumer Products Ltd,0.83,,Consumer Defensive,58.899498,8.822688
Kotak Midcap Fund,ZF Commercial Vehicle Control Systems India Ltd,0.82,,Consumer Cyclical,,
LIC MF Midcap Fund,Saregama India Ltd,0.82,,Communication Services,52.16433,6.0157843
Bandhan Large Cap Fund,RBL Bank Ltd,0.82,,Financial Services,,
Bandhan Small Cap Fund,Angel One Ltd Ordinary Shares,0.82,,Financial Services,,
Bank of India Flexi Cap Fund,MRF Ltd,0.82,,Consumer Cyclical,23.474194,2.7133775
UTI-Mid Cap Fund,Glenmark Pharmaceuticals Ltd,0.82,,Healthcare,35.97043,6.1400094
AXIS Midcap Fund,Jindal Steel Ltd,0.82,,Basic Materials,,
Sundaram Mid Cap Fund,L&T Technology Services Ltd,0.82,,Technology,,
WhiteOak Capital Large Cap Fund,06/08/2026 Maturing 182 DTB,0.82,,,,
PGIM India Midcap Fund,Marico Ltd,0.82,,Consumer Defensive,65.507576,27.663319
Invesco India Flexi Cap Fund,Triparty Repo,0.82,,,,
WhiteOak Capital Mid Cap Fund,Eternal Ltd,0.82,,Consumer Cyclical,,
PGIM India Flexi Cap Fund,Neuland Laboratories Ltd,0.82,,Healthcare,75.7588,15.6353445
DSP Small Cap Fund,Anand Rathi Wealth Ltd,0.82,,Financial Services,76.33491,34.957996
PGIM India Midcap Fund,Ipca Laboratories Ltd,0.82,,Healthcare,38.607655,5.4611874
ITI Flexi Cap Fund,One 97 Communications Limited,0.82,,,142.81467,5.764669
SBI Large Cap Fund,Brainbees Solutions Ltd,0.82,,Consumer Cyclical,49.310524,2.1349332
Nippon India Flexi Cap Fund,Asian Paints Ltd,0.82,,Basic Materials,67.65291,13.316042
Union Small Cap Fund,Aarti Industries Ltd,0.82,,Basic Materials,34.366875,3.0478146
Franklin India Mid Cap Fund,Indus Towers Ltd Ordinary Shares,0.82,,Communication Services,,
Canara Robeco Small Cap Fund,Bharat Electronics Ltd,0.82,,Industrials,47.852028,12.219276
NJ Flexi Cap Fund,ABB India Ltd,0.82,,Industrials,39.10034,14.718281
Mirae Asset Large Cap Fund,Lodha Developers Ltd,0.82,,Real Estate,,
HDFC Flexi Cap Fund,Infosys Ltd,0.82,,Technology,,
Canara Robeco Small Cap Fund,ICRA Ltd,0.82,,Financial Services,24.691954,4.0801554
Nippon India Flexi Cap Fund,NTPC Green Energy Ltd,0.82,,Utilities,,
Mirae Asset Large Cap Fund,Treps,0.82,,,,
Union Small Cap Fund,Neuland Laboratories Ltd,0.82,,Healthcare,75.7588,15.6353445
HSBC Flexi Cap Fund,Indian Bank,0.82,,Financial Services,9.372036,1.4279683
Aditya Birla SL Large Cap Fund,JSW Dulux Ltd,0.82,,Basic Materials,,
Bank of India Small Cap Fund,Allied Blenders and Distillers Ltd,0.82,,Consumer Defensive,,
Baroda BNP Paribas Mid Cap Fund,Bank of Maharashtra,0.82,,Financial Services,7.995914,1.6871054
ITI Flexi Cap Fund,Bharat Electronics Ltd,0.82,,Industrials,47.852028,12.219276
ITI Small Cap Fund,PB Fintech Ltd,0.82,,Financial Services,,
HSBC Flexi Cap Fund,Bansal Wire Industries Ltd,0.82,,Basic Materials,,
Union Flexi Cap Fund,Honasa Consumer Ltd,0.82,,Consumer Defensive,,
HSBC Small Cap Fund,Titagarh Rail Systems Ltd,0.81,,Industrials,94.37083,4.6903887
Bandhan Large Cap Fund,Poonawalla Fincorp Ltd,0.81,,Financial Services,51.287395,3.7482235
PGIM India Large Cap Fund,United Spirits Ltd,0.81,,Consumer Defensive,63.68353,11.682224
Sundaram Mid Cap Fund,Emami Ltd,0.81,,Consumer Defensive,24.025671,6.1474614
Edelweiss Large Cap Fund,Nestle India Ltd,0.81,,Consumer Defensive,90.96278,66.96817
AXIS Midcap Fund,Tube Investments of India Ltd Ordinary Shares,0.81,,Industrials,,
Nippon India Growth Mid Cap Fund,Page Industries Ltd,0.81,,Consumer Cyclical,58.260082,29.617994
Mirae Asset Flexi Cap Fund,Capillary Technologies India Ltd,0.81,,Technology,,
Canara Robeco Small Cap Fund,KEC International Ltd,0.81,,Industrials,21.054482,2.0709355
Canara Robeco Small Cap Fund,UTI Asset Management Co Ltd,0.81,,Financial Services,,
Bandhan Flexi Cap Fund,Life Insurance Corporation of India,0.81,,Financial Services,8.291245,2.8221679
PGIM India Large Cap Fund,Dixon Technologies (India) Ltd,0.81,,Technology,,
UTI-Large Cap Fund,DLF Ltd,0.81,,Real Estate,35.97323,3.5110068
ITI Large Cap Fund,SBI Life Insurance Co Ltd,0.81,,Financial Services,71.42033,9.250212
Edelweiss Mid Cap Fund,Billionbrains Garage Ventures Ltd,0.81,,Financial Services,,
Bandhan Large Cap Fund,Eicher Motors Ltd,0.81,,Consumer Cyclical,37.87843,8.764883
Edelweiss Flexi Cap Fund,Eternal Ltd,0.81,,Consumer Cyclical,,
Taurus Mid Cap Fund,Dalmia Bharat Ltd,0.81,,Basic Materials,,
LIC MF Midcap Fund,Global Health Ltd,0.81,,Healthcare,,
Kotak Midcap Fund,Jindal Steel Ltd,0.81,,Basic Materials,,
ITI Small Cap Fund,Godfrey Phillips India Ltd,0.81,,Consumer Defensive,27.37881,6.106945
Union Flexi Cap Fund,Cemindia Projects Ltd,0.81,,Industrials,,
UTI-Mid Cap Fund,Eris Lifesciences Ltd Registered Shs,0.81,,Healthcare,,
SBI Large Cap Fund,Britannia Industries Ltd,0.81,,Consumer Defensive,52.356518,25.98983
SBI Large Cap Fund,ICICI Lombard General Insurance Co Ltd,0.81,,Financial Services,,
ICICI Pru Large Cap Fund,Hindustan Unilever Ltd,0.81,,Consumer Defensive,46.515755,10.1043215
Invesco India Flexi Cap Fund,Schneider Electric Infrastructure Ltd,0.81,,Industrials,,
Edelweiss Flexi Cap Fund,Infosys Ltd,0.81,,Technology,,
UTI-Large Cap Fund,LG Electronics India Ltd,0.81,,Technology,63.68928,14.048153
ITI Small Cap Fund,Bharat Dynamics Ltd Ordinary Shares,0.81,,Industrials,,
Edelweiss Flexi Cap Fund,GE Vernova T&D India Ltd,0.81,,Industrials,84.030495,40.910908
Union Largecap Fund,LG Electronics India Ltd,0.81,,Technology,63.68928,14.048153
Baroda BNP Paribas Mid Cap Fund,Procter & Gamble Hygiene and Health Care Ltd,0.81,,Consumer Defensive,,
Bank of India Small Cap Fund,Titagarh Rail Systems Ltd,0.81,,Industrials,94.37083,4.6903887
Mahindra Manulife Small Cap Fund,Oswal Pumps Ltd,0.81,,Industrials,,
JM Small Cap Fund,Metropolis Healthcare Ltd,0.81,,Healthcare,57.82341,7.7167597
Union Largecap Fund,Tata Motors Ltd,0.8,,Consumer Cyclical,,
Navi Flexi Cap Fund,Sansera Engineering Ltd,0.8,,Consumer Cyclical,74.63396,7.787878
UTI-Mid Cap Fund,Anthem Biosciences Ltd,0.8,,Healthcare,83.34985,15.526631
Quantum Small Cap Fund,IndusInd Bank Ltd,0.8,,Financial Services,60.223267,1.2141788
Quant Small Cap Fund,Marathon Nextgen Realty Ltd,0.8,,Real Estate,12.531895,1.1152482
JM Midcap Fund,FSN E-Commerce Ventures Ltd,0.8,,Consumer Cyclical,,
AXIS Flexi Cap Fund,FSN E-Commerce Ventures Ltd,0.8,,Consumer Cyclical,,
Edelweiss Mid Cap Fund,TVS Motor Co Ltd,0.8,,Consumer Cyclical,61.730606,63.15901
Invesco India Smallcap Fund,BEML Ltd,0.8,,Industrials,50.41009,5.320817
ITI Flexi Cap Fund,GE Vernova T&D India Ltd,0.8,,Industrials,84.030495,40.910908
WhiteOak Capital Large Cap Fund,17/09/2026 Maturing 364 DTB,0.8,,,,
WhiteOak Capital Mid Cap Fund,Acutaas Chemicals Ltd,0.8,,Basic Materials,,
PGIM India Large Cap Fund,Solar Industries India Ltd,0.8,,Basic Materials,99.0099,26.524855
AXIS Flexi Cap Fund,Welspun Corp Ltd,0.8,,Basic Materials,,
WhiteOak Capital Large Cap Fund,Tata Consultancy Services Ltd,0.8,,Technology,17.2117,8.097646
Edelweiss Small Cap Fund,SRF Ltd,0.8,,Industrials,35.841557,5.5199285
PGIM India Midcap Fund,ICICI Prudential Asset Management Co Ltd,0.8,,Financial Services,,
Edelweiss Small Cap Fund,Firstsource Solutions Ltd,0.8,,Technology,30.763737,4.407898
ITI Small Cap Fund,One97 Communications Ltd,0.8,,Technology,,
Aditya Birla SL Large Cap Fund,Hindustan Unilever Ltd,0.8,,Consumer Defensive,46.515755,10.1043215
Franklin India Mid Cap Fund,Ramco Cements Ltd,0.8,,Basic Materials,,
AXIS Midcap Fund,Ather Energy Ltd,0.8,,Consumer Cyclical,,
SBI Midcap Fund,Adani Enterprises Ltd,0.8,,Energy,52.359394,4.8032765
HSBC Flexi Cap Fund,GK Energy Ltd,0.8,,Utilities,,
Invesco India Flexi Cap Fund,Tech Mahindra Ltd,0.8,,Technology,31.637583,5.315708
Union Flexi Cap Fund,FSN E-Commerce Ventures Ltd,0.8,,Consumer Cyclical,,
Union Flexi Cap Fund,DOMS Industries Ltd,0.8,,Industrials,,
HSBC Flexi Cap Fund,Mphasis Ltd,0.8,,Technology,24.812908,4.174768
UTI-Mid Cap Fund,PNB Housing Finance Ltd,0.8,,Financial Services,,
AXIS Midcap Fund,L&T Finance Ltd,0.8,,Financial Services,,
Bank of India Small Cap Fund,HEG Ltd,0.8,,Industrials,36.100697,2.7336922
HDFC Flexi Cap Fund,FSN E-Commerce Ventures Ltd,0.8,,Consumer Cyclical,,
Edelweiss Flexi Cap Fund,SRF Ltd,0.8,,Industrials,35.841557,5.5199285
Edelweiss Flexi Cap Fund,Coforge Ltd,0.8,,Technology,,
Tata Flexi Cap Fund,Jindal Steel Ltd,0.8,,Basic Materials,,
Kotak Midcap Fund,UNO Minda Ltd,0.8,,Consumer Cyclical,,
Bandhan Small Cap Fund,eClerx Services Ltd,0.79,,Technology,22.936602,6.389295
UTI-Mid Cap Fund,Bank of Maharashtra,0.79,,Financial Services,7.995914,1.6871054
UTI-Mid Cap Fund,HDB Financial Services Ltd,0.79,,Financial Services,,
Motilal Oswal Small Cap Fund,Birlasoft Ltd,0.79,,Technology,,
Mahindra Manulife Small Cap Fund,Bajaj Auto Ltd,0.79,,Consumer Cyclical,27.70058,8.37947
Shriram Flexi Cap Fund,Canara Robeco Asset Management Co Ltd,0.79,,Financial Services,,
Mahindra Manulife Small Cap Fund,L.G.Balakrishnan & Bros Ltd,0.79,,Consumer Cyclical,,
Invesco India Largecap Fund,Bharat Electronics Ltd,0.79,,Industrials,47.852028,12.219276
Shriram Flexi Cap Fund,Deepak Fertilisers & Petrochemicals Corp Ltd,0.79,,Basic Materials,,
360 ONE FlexiCap Fund,Oil India Ltd,0.79,,Energy,10.88228,1.2416646
Franklin India Flexi Cap Fund,Tata Capital Ltd,0.79,,Financial Services,,
Sundaram Mid Cap Fund,Grindwell Norton Ltd,0.79,,Industrials,61.958984,10.33983
DSP Midcap Fund,Hitachi Energy India Ltd Ordinary Shares,0.79,,Industrials,,
Navi Flexi Cap Fund,Infosys Ltd,0.79,,Technology,,
Union Largecap Fund,ITC Ltd,0.79,,Consumer Defensive,18.050472,4.9439254
DSP Large Cap Fund,State Bank of India,0.79,,Financial Services,12.03334,1.698928
Mahindra Manulife Mid Cap Fund,LG Electronics India Ltd,0.79,,Technology,63.68928,14.048153
Mahindra Manulife Mid Cap Fund,Dalmia Bharat Ltd,0.79,,Basic Materials,,
LIC MF Midcap Fund,Honeywell Automation India Ltd,0.79,,Industrials,60.97585,7.5087953
UTI-Mid Cap Fund,Dixon Technologies (India) Ltd,0.79,,Technology,,
WhiteOak Capital Large Cap Fund,Max Healthcare Institute Ltd Ordinary Shares,0.79,,Healthcare,,
WhiteOak Capital Mid Cap Fund,Hero MotoCorp Ltd,0.79,,Consumer Cyclical,21.683006,5.4568286
TRUSTMF Flexi Cap Fund,Cummins India Ltd,0.79,,Industrials,63.69292,17.746988
AXIS Flexi Cap Fund,KEI Industries Ltd,0.79,,Industrials,53.76344,8.032405
Baroda BNP Paribas Mid Cap Fund,Prestige Estates Projects Ltd,0.78,,Real Estate,59.86932,4.183585
Union Small Cap Fund,Cemindia Projects Ltd,0.78,,Industrials,,
Mahindra Manulife Flexi Cap Fund,MTAR Technologies Ltd,0.78,,Industrials,,
Union Flexi Cap Fund,Corona Remedies Ltd,0.78,,Healthcare,,
PGIM India Flexi Cap Fund,Eicher Motors Ltd,0.78,,Consumer Cyclical,37.87843,8.764883
JM Midcap Fund,Endurance Technologies Ltd,0.78,,Consumer Cyclical,,
PGIM India Flexi Cap Fund,Navin Fluorine International Ltd,0.78,,Basic Materials,,
Edelweiss Small Cap Fund,Bharat Heavy Electricals Ltd,0.78,,Industrials,58.142857,5.4202347
Motilal Oswal Large Cap Fund,GNG Electronics Ltd,0.78,,Technology,,
Union Flexi Cap Fund,CG Power & Industrial Solutions Ltd,0.78,,Industrials,,
Baroda BNP Paribas Mid Cap Fund,Tata Motors Passenger Vehicles Ltd,0.78,,Consumer Cyclical,,
Invesco India Midcap Fund,Dr Agarwal’s Health Care Ltd,0.78,,Healthcare,,
Baroda BNP Paribas Mid Cap Fund,Tbill,0.78,,,,
LIC MF Small Cap Fund,E I D Parry India Ltd,0.78,,Basic Materials,,
JM Small Cap Fund,Venus Pipes & Tubes Ltd,0.78,,Basic Materials,32.469635,4.941603
Nippon India Flexi Cap Fund,Dr Reddy's Laboratories Ltd,0.78,,Healthcare,,
Aditya Birla SL Large Cap Fund,Britannia Industries Ltd,0.78,,Consumer Defensive,52.356518,25.98983
HSBC Flexi Cap Fund,Birla Corp Ltd,0.78,,Basic Materials,12.7151985,0.95604503
Union Flexi Cap Fund,Sona BLW Precision Forgings Ltd,0.78,,Consumer Cyclical,,
Kotak Midcap Fund,Birlasoft Ltd,0.78,,Technology,,
JM Midcap Fund,Hindustan Petroleum Corp Ltd,0.78,,Energy,,
Nippon India Flexi Cap Fund,Voltas Ltd,0.78,,Consumer Cyclical,113.616264,6.6683273
Edelweiss Large Cap Fund,Eternal Ltd,0.78,,Consumer Cyclical,,
Nippon India Large Cap Fund,Dixon Technologies (India) Ltd,0.78,,Technology,,
AXIS Large Cap Fund,Tech Mahindra Ltd,0.78,,Technology,31.637583,5.315708
Motilal Oswal Small Cap Fund,Radico Khaitan Ltd,0.78,,Consumer Defensive,85.46732,18.168161
Franklin India Mid Cap Fund,IndusInd Bank Ltd,0.78,,Financial Services,60.223267,1.2141788
Union Largecap Fund,ICICI Prudential Asset Management Co Ltd,0.78,,Financial Services,,
HDFC Mid Cap Fund,Redington Ltd,0.78,,Technology,,
HDFC Mid Cap Fund,Crompton Greaves Consumer Electricals Ltd,0.78,,Consumer Cyclical,,
Helios Flexi Cap Fund,DLF Ltd,0.78,,Real Estate,35.97323,3.5110068
Nippon India Growth Mid Cap Fund,Supreme Industries Ltd,0.78,,Industrials,42.736526,7.087394
ITI Flexi Cap Fund,Infosys Ltd,0.78,,Technology,,
LIC MF Midcap Fund,Bharti Hexacom Ltd,0.78,,Communication Services,,
Nippon India Flexi Cap Fund,Crompton Greaves Consumer Electricals Ltd,0.78,,Consumer Cyclical,,
Kotak Midcap Fund,Rubicon Research Ltd,0.78,,Healthcare,,
Quantum Small Cap Fund,Craftsman Automation Ltd,0.78,,Consumer Cyclical,54.34704,7.6615663
Quantum Small Cap Fund,Infosys Ltd,0.78,,Technology,,
Nippon India Large Cap Fund,Vishal Mega Mart Ltd,0.78,,Consumer Cyclical,,
Edelweiss Mid Cap Fund,Balkrishna Industries Ltd,0.78,,Consumer Cyclical,36.381264,4.568192
DSP Flexi Cap Fund,Syngene International Ltd,0.78,,Healthcare,73.00181,3.352851
DSP Small Cap Fund,Archean Chemical Industries Ltd,0.78,,Basic Materials,,
Sundaram Mid Cap Fund,Premier Energies Ltd,0.77,,Technology,,
PGIM India Flexi Cap Fund,Happy Forgings Ltd,0.77,,Industrials,,
AXIS Flexi Cap Fund,The Federal Bank Ltd,0.77,,Financial Services,,
HDFC Large Cap Fund,Tata Capital Ltd,0.77,,Financial Services,,
Edelweiss Flexi Cap Fund,CG Power & Industrial Solutions Ltd,0.77,,Industrials,,
Canara Robeco Small Cap Fund,Ramco Cements Ltd,0.77,,Basic Materials,,
Edelweiss Flexi Cap Fund,Indian Bank,0.77,,Financial Services,9.372036,1.4279683
Taurus Flexi Cap Fund,Deepak Fertilisers & Petrochemicals Corp Ltd,0.77,,Basic Materials,,
Sundaram Mid Cap Fund,APL Apollo Tubes Ltd,0.77,,Basic Materials,44.44946,10.328954
Mirae Asset Flexi Cap Fund,Motherson Sumi Wiring India Ltd,0.77,,Consumer Cyclical,,
Aditya Birla SL Flexi Cap Fund,Amagi Media Labs Ltd,0.77,,Technology,,
Edelweiss Flexi Cap Fund,Infosys Ltd.28/07/2026,0.77,,,,
PGIM India Midcap Fund,Apar Industries Ltd,0.77,,Industrials,56.81733,12.386799
HSBC Large Cap Fund,Sun Pharmaceuticals Industries Ltd,0.77,,Healthcare,,
PGIM India Midcap Fund,ITC Hotels Ltd,0.77,,Consumer Cyclical,,
PGIM India Flexi Cap Fund,GE Vernova T&D India Ltd,0.77,,Industrials,84.030495,40.910908
Motilal Oswal Large Cap Fund,Trent Ltd,0.77,,Consumer Cyclical,96.15015,22.879957
WhiteOak Capital Flexi Cap Fund,Azad Engineering Ltd,0.77,,Industrials,,
Mirae Asset Flexi Cap Fund,Britannia Industries Ltd,0.77,,Consumer Defensive,52.356518,25.98983
Union Flexi Cap Fund,KSB Ltd,0.77,,Industrials,,
Invesco India Flexi Cap Fund,Persistent Systems Ltd,0.77,,Technology,44.642857,10.92834
ITI Mid Cap Fund,Shakti Pumps (India) Ltd,0.77,,Industrials,30.11662,3.7369044
Mahindra Manulife Flexi Cap Fund,Astral Ltd,0.77,,Industrials,,
Shriram Flexi Cap Fund,Oil India Ltd,0.77,,Energy,10.88228,1.2416646
ITI Mid Cap Fund,Hindustan Copper Ltd,0.77,,Basic Materials,56.491043,15.52563
ITI Mid Cap Fund,NTPC Green Energy Ltd,0.77,,Utilities,,
DSP Small Cap Fund,Ratnamani Metals & Tubes Ltd,0.77,,Basic Materials,34.481056,3.7558336
Quant Small Cap Fund,Keystone Realtors Ltd,0.77,,Real Estate,,
Nippon India Growth Mid Cap Fund,Schaeffler India Ltd,0.77,,Consumer Cyclical,,
Franklin India Mid Cap Fund,PI Industries Ltd,0.77,,Basic Materials,31.848026,3.7480412
Tata Flexi Cap Fund,PI Industries Ltd,0.77,,Basic Materials,31.848026,3.7480412
Shriram Flexi Cap Fund,Kalpataru Projects International Ltd,0.77,,Industrials,,
HSBC Flexi Cap Fund,Bharat Bijlee Ltd,0.77,,Industrials,23.529291,1.2978308
Edelweiss Small Cap Fund,Central Depository Services (India) Ltd,0.77,,Financial Services,,
ICICI Pru Large Cap Fund,Trent Ltd,0.77,,Consumer Cyclical,96.15015,22.879957
Tata Large Cap Fund,Siemens Ltd,0.76,,Industrials,83.33545,10.1382265
LIC MF Midcap Fund,Oberoi Realty Ltd,0.76,,Real Estate,24.57135,3.6052597
HSBC Flexi Cap Fund,Titan Co Ltd,0.76,,Consumer Cyclical,,
Invesco India Smallcap Fund,Grindwell Norton Ltd,0.76,,Industrials,61.958984,10.33983
SBI Small Cap Fund,Hawkins Cookers Ltd,0.76,,Consumer Cyclical,32.78743,9.974205
Baroda BNP Paribas Mid Cap Fund,Firstsource Solutions Ltd,0.76,,Technology,30.763737,4.407898
ITI Flexi Cap Fund,Power Grid Corp Of India Ltd,0.76,,Utilities,,
Nippon India Flexi Cap Fund,Delhivery Ltd,0.76,,Industrials,,
ITI Mid Cap Fund,GlaxoSmithKline Pharmaceuticals Ltd,0.76,,Healthcare,,
JM Midcap Fund,KPIT Technologies Ltd,0.76,,Technology,29.503763,4.822329
JM Flexicap Fund,Asian Paints Ltd,0.76,,Basic Materials,67.65291,13.316042
Mirae Asset Large Cap Fund,Sona BLW Precision Forgings Ltd,0.76,,Consumer Cyclical,,
Franklin India Mid Cap Fund,Procter & Gamble Hygiene and Health Care Ltd,0.76,,Consumer Defensive,,
DSP Small Cap Fund,Nilkamal Ltd,0.76,,Consumer Cyclical,22.935738,1.6544645
Bandhan Midcap Fund,Coforge Ltd,0.76,,Technology,,
Aditya Birla SL Large Cap Fund,ICICI Lombard General Insurance Co Ltd,0.76,,Financial Services,,
DSP Small Cap Fund,Kalyani Steels Ltd,0.76,,Basic Materials,13.904817,1.8791207
Bank of India Flexi Cap Fund,Torrent Power Ltd,0.76,,Utilities,28.734314,3.5683436
Helios Flexi Cap Fund,Welspun Corp Ltd,0.76,,Basic Materials,,
Mahindra Manulife Small Cap Fund,Arvind Fashions Ltd,0.76,,Consumer Cyclical,,
DSP Large Cap Fund,Shree Cement Ltd,0.76,,Basic Materials,55.361866,4.2382216
Quant Small Cap Fund,NCC Ltd,0.76,,Industrials,,
Canara Robeco Small Cap Fund,Computer Age Management Services Ltd Ordinary Shares,0.76,,Technology,,
Franklin India Mid Cap Fund,360 One Wam Ltd Ordinary Shares,0.76,,Financial Services,,
PGIM India Flexi Cap Fund,Acutaas Chemicals Ltd,0.76,,Basic Materials,,
PGIM India Midcap Fund,Abbott India Ltd,0.76,,Healthcare,39.10034,14.718281
PGIM India Flexi Cap Fund,Blue Star Ltd,0.76,,Industrials,62.967583,10.043221
HDFC Mid Cap Fund,Hexaware Technologies Ltd Ordinary Shares,0.76,,Technology,,
HSBC Small Cap Fund,Lemon Tree Hotels Ltd,0.76,,Consumer Cyclical,38.54514,6.315281
UTI-Flexi Cap Fund,Shree Cement Ltd,0.76,,Basic Materials,55.361866,4.2382216
Invesco India Largecap Fund,Trent Ltd,0.76,,Consumer Cyclical,96.15015,22.879957
Bandhan Small Cap Fund,Info Edge (India) Ltd,0.76,,Communication Services,54.93524,2.101429
DSP Flexi Cap Fund,KEC International Ltd,0.76,,Industrials,21.054482,2.0709355
TRUSTMF Flexi Cap Fund,Hindustan Zinc Ltd,0.76,,Basic Materials,21.51808,18.537941
AXIS Midcap Fund,Bajaj Finance Ltd,0.76,,Financial Services,,
HDFC Mid Cap Fund,Timken India Ltd,0.76,,Industrials,60.607704,8.648188
Quant Small Cap Fund,Anthem Biosciences Ltd,0.76,,Healthcare,83.34985,15.526631
WhiteOak Capital Large Cap Fund,Future on LTM Ltd,0.75,,,,
Franklin India Mid Cap Fund,Lenskart Solutions Ltd,0.75,,Healthcare,195.7732,11.320417
ITI Mid Cap Fund,Biocon Ltd,0.75,,Healthcare,125.0,2.0462842
ITI Mid Cap Fund,Aptus Value Housing Finance India Ltd,0.75,,Financial Services,,
Edelweiss Small Cap Fund,Dodla Dairy Ltd,0.75,,Consumer Defensive,,
UTI-Mid Cap Fund,Bharat Electronics Ltd,0.75,,Industrials,47.852028,12.219276
Franklin India Large Cap Fund,LG Electronics India Ltd,0.75,,Technology,63.68928,14.048153
Tata Mid Cap Fund,Linde India Ltd,0.75,,Basic Materials,,
Edelweiss Mid Cap Fund,ICICI Prudential Asset Management Co Ltd,0.75,,Financial Services,,
ITI Small Cap Fund,Paradeep Phosphates Ltd,0.75,,Basic Materials,14.46757,2.2856574
HSBC Flexi Cap Fund,LTM Ltd,0.75,,Technology,,
Tata Flexi Cap Fund,JSW Dulux Ltd,0.75,,Basic Materials,,
UTI-Flexi Cap Fund,Cholamandalam Investment and Finance Co Ltd,0.75,,Financial Services,,
Edelweiss Mid Cap Fund,Hitachi Energy India Ltd Ordinary Shares,0.75,,Industrials,,
Sundaram Large Cap Fund,Info Edge (India) Ltd,0.75,,Communication Services,54.93524,2.101429
DSP Small Cap Fund,Niva Bupa Health Insurance Co Ltd,0.75,,Financial Services,,
Bank of India Small Cap Fund,Radico Khaitan Ltd,0.75,,Consumer Defensive,85.46732,18.168161
Union Midcap Fund,Gokaldas Exports Ltd,0.75,,Consumer Cyclical,60.60948,2.730805
PGIM India Flexi Cap Fund,Tata Consultancy Services Ltd,0.75,,Technology,17.2117,8.097646
360 ONE FlexiCap Fund,Capital Small Finance Bank Ltd,0.75,,Financial Services,8.985201,0.90818894
PGIM India Flexi Cap Fund,Timken India Ltd,0.75,,Industrials,60.607704,8.648188
Aditya Birla SL Flexi Cap Fund,SBFC Finance Ltd,0.75,,Financial Services,,
Sundaram Large Cap Fund,Eicher Motors Ltd,0.75,,Consumer Cyclical,37.87843,8.764883
Invesco India Flexi Cap Fund,Jubilant Foodworks Ltd,0.75,,Consumer Cyclical,85.50088,13.959026
Bandhan Large Cap Fund,UltraTech Cement Ltd,0.75,,Basic Materials,41.494347,4.6217
Edelweiss Large Cap Fund,Avenue Supermarts Ltd,0.75,,Consumer Defensive,,
WhiteOak Capital Large Cap Fund,Lenskart Solutions Ltd,0.75,,Healthcare,195.7732,11.320417
Canara Robeco Small Cap Fund,Schaeffler India Ltd,0.75,,Consumer Cyclical,,
AXIS Flexi Cap Fund,Ujjivan Small Finance Bank Ltd Ordinary Shares,0.75,,Financial Services,,
DSP Flexi Cap Fund,Oil India Ltd,0.75,,Energy,10.88228,1.2416646
Union Largecap Fund,TVS Motor Co Ltd,0.75,,Consumer Cyclical,61.730606,63.15901
Sundaram Mid Cap Fund,Deepak Nitrite Ltd,0.75,,Basic Materials,31.248913,4.197999
Edelweiss Small Cap Fund,Grindwell Norton Ltd,0.75,,Industrials,61.958984,10.33983
HSBC Small Cap Fund,Krishna Institute of Medical Sciences Ltd,0.75,,Healthcare,,
HSBC Small Cap Fund,Prudent Corporate Advisory Services Ltd,0.75,,Financial Services,,
Bandhan Large Cap Fund,Cholamandalam Investment and Finance Co Ltd,0.75,,Financial Services,,
Sundaram Mid Cap Fund,Schaeffler India Ltd,0.75,,Consumer Cyclical,,
Franklin India Mid Cap Fund,Container Corporation of India Ltd,0.75,,Industrials,,
WhiteOak Capital Large Cap Fund,Bajaj Finance Ltd,0.75,,Financial Services,,
UTI-Large Cap Fund,Astral Ltd,0.75,,Industrials,,
PGIM India Flexi Cap Fund,LG Electronics India Ltd,0.75,,Technology,63.68928,14.048153
Union Small Cap Fund,Affle 3i Ltd,0.75,,Communication Services,,
TRUSTMF Small Cap Fund,Apar Industries Ltd,0.75,,Industrials,56.81733,12.386799
PGIM India Large Cap Fund,Bharat Electronics Ltd,0.75,,Industrials,47.852028,12.219276
AXIS Flexi Cap Fund,HealthCare Global Enterprises Ltd,0.75,,Healthcare,,
PGIM India Flexi Cap Fund,J.B. Chemicals & Pharmaceuticals Ltd,0.75,,Healthcare,,
ITI Flexi Cap Fund,Vesuvius India Ltd,0.75,,Industrials,34.976635,5.4780984
Edelweiss Flexi Cap Fund,Asian Paints Ltd,0.75,,Basic Materials,67.65291,13.316042
Bandhan Flexi Cap Fund,Sun Pharmaceuticals Industries Ltd,0.75,,Healthcare,,
PGIM India Flexi Cap Fund,Blackbuck Ltd,0.74,,Technology,,
HSBC Small Cap Fund,Sobha Ltd,0.74,,Real Estate,,
Aditya Birla SL Flexi Cap Fund,Cholamandalam Investment and Finance Co Ltd,0.74,,Financial Services,,
WhiteOak Capital Flexi Cap Fund,India Shelter Finance Corporation Ltd,0.74,,Financial Services,,
Helios Flexi Cap Fund,Lemon Tree Hotels Ltd,0.74,,Consumer Cyclical,38.54514,6.315281
SBI Small Cap Fund,Brigade Enterprises Ltd,0.74,,Real Estate,29.064838,27.865442
Nippon India Growth Mid Cap Fund,Carborundum Universal Ltd,0.74,,Industrials,106.40155,5.35846
Mirae Asset Large Cap Fund,Adani Ports & Special Economic Zone Ltd,0.74,,Industrials,,
DSP Flexi Cap Fund,Tube Investments of India Ltd Ordinary Shares,0.74,,Industrials,,
Bandhan Small Cap Fund,PCBL Chemical Ltd,0.74,,Basic Materials,,
HSBC Large Cap Fund,United Spirits Ltd,0.74,,Consumer Defensive,63.68353,11.682224
Shriram Flexi Cap Fund,National Aluminium Co Ltd,0.74,,Basic Materials,11.390134,3.2384465
Edelweiss Mid Cap Fund,J.B. Chemicals & Pharmaceuticals Ltd,0.74,,Healthcare,,
TRUSTMF Flexi Cap Fund,Tata Motors Ltd,0.74,,Consumer Cyclical,,
Union Small Cap Fund,Jubilant Ingrevia Ltd Ordinary Shares,0.74,,Basic Materials,,
Canara Robeco Large Cap Fund,Britannia Industries Ltd,0.74,,Consumer Defensive,52.356518,25.98983
ITI Mid Cap Fund,Hitachi Energy India Ltd Ordinary Shares,0.74,,Industrials,,
HDFC Large Cap Fund,Dabur India Ltd,0.74,,Consumer Defensive,36.90369,6.36814
ITI Mid Cap Fund,National Aluminium Co Ltd,0.74,,Basic Materials,11.390134,3.2384465
Shriram Flexi Cap Fund,Eris Lifesciences Ltd Registered Shs,0.74,,Healthcare,,
PGIM India Flexi Cap Fund,PGIM India Liquid Dr Pl Gr,0.74,,,,
AXIS Flexi Cap Fund,OneSource Specialty Pharma Ltd,0.74,,Healthcare,,
JM Midcap Fund,Linde India Ltd,0.74,,Basic Materials,,
Franklin India Flexi Cap Fund,360 One Wam Ltd Ordinary Shares,0.74,,Financial Services,,
Mahindra Manulife Small Cap Fund,Dalmia Bharat Ltd,0.74,,Basic Materials,,
WhiteOak Capital Flexi Cap Fund,Phoenix Mills Ltd,0.74,,Real Estate,51.817932,6.168099
Sundaram Mid Cap Fund,UNO Minda Ltd,0.74,,Consumer Cyclical,,
ICICI Pru Large Cap Fund,Shree Cement Ltd,0.74,,Basic Materials,55.361866,4.2382216
Sundaram Mid Cap Fund,Tata Capital Ltd,0.74,,Financial Services,,
Aditya Birla SL Large Cap Fund,Cummins India Ltd,0.74,,Industrials,63.69292,17.746988
Baroda BNP Paribas Mid Cap Fund,Pine Labs Ltd,0.74,,Technology,,
Tata Small Cap Fund,Bluspring Enterprises Ltd,0.74,,Industrials,,2.47268
Tata Small Cap Fund,Alivus Life Sciences Ltd,0.74,,Healthcare,27.100061,4.9066854
Bandhan Large Cap Fund,Jubilant Ingrevia Ltd Ordinary Shares,0.74,,Basic Materials,,
Bandhan Midcap Fund,Jubilant Foodworks Ltd,0.74,,Consumer Cyclical,85.50088,13.959026
Canara Robeco Small Cap Fund,Piramal Pharma Ltd,0.74,,Healthcare,,
HSBC Flexi Cap Fund,IIFL Capital Services Ltd Ordinary Shares,0.74,,Financial Services,,
UTI-Large Cap Fund,Tata Steel Ltd,0.74,,Basic Materials,34.495415,2.4665117
Bank of India Small Cap Fund,PG Electroplast Ltd,0.74,,Technology,90.87176,5.911051
ITI Mid Cap Fund,Five-Star Business Finance Ltd,0.74,,Financial Services,14.521263,2.171574
Edelweiss Small Cap Fund,Arvind Fashions Ltd,0.74,,Consumer Cyclical,,
Tata Small Cap Fund,JSW Dulux Ltd,0.74,,Basic Materials,,
HSBC Flexi Cap Fund,Kajaria Ceramics Ltd,0.74,,Industrials,34.01224,6.063991
ICICI Pru Large Cap Fund,Tata Motors Ltd,0.73,,Consumer Cyclical,,
Union Small Cap Fund,Brigade Enterprises Ltd,0.73,,Real Estate,29.064838,27.865442
Edelweiss Flexi Cap Fund,Jindal Stainless Ltd,0.73,,Basic Materials,18.65668,13.449393
HSBC Large Cap Fund,Divi's Laboratories Ltd,0.73,,Healthcare,85.46783,13.0643635
ITI Small Cap Fund,ITC Ltd,0.73,,Consumer Defensive,18.050472,4.9439254
Bandhan Midcap Fund,Anthem Biosciences Ltd,0.73,,Healthcare,83.34985,15.526631
Baroda BNP Paribas Mid Cap Fund,Home First Finance Co India Ltd,0.73,,Financial Services,,
SBI Small Cap Fund,RBL Bank Ltd,0.73,,Financial Services,,
DSP Midcap Fund,Aster DM Quality Care Ltd Ordinary Shares,0.73,,Healthcare,,
WhiteOak Capital Large Cap Fund,Raajmarg Infra Investment Trust Units,0.73,,Financial Services,,
Edelweiss Mid Cap Fund,Sumitomo Chemical India Ltd Ordinary Shares,0.73,,Basic Materials,,
Edelweiss Small Cap Fund,Vishal Mega Mart Ltd,0.73,,Consumer Cyclical,,
Baroda BNP Paribas Mid Cap Fund,Siemens Energy India Ltd,0.73,,Utilities,99.01765,29.658049
Bandhan Flexi Cap Fund,Vedanta Aluminium Metal Ltd,0.73,,Basic Materials,,
Mirae Asset Midcap Fund,Voltas Ltd,0.73,,Consumer Cyclical,113.616264,6.6683273
Nippon India Large Cap Fund,HCL Technologies Ltd,0.73,,Technology,21.097977,4.9742002
WhiteOak Capital Mid Cap Fund,Hindustan Petroleum Corp Ltd,0.73,,Energy,,
TRUSTMF Small Cap Fund,GE Vernova T&D India Ltd,0.73,,Industrials,84.030495,40.910908
Union Midcap Fund,Grindwell Norton Ltd,0.73,,Industrials,61.958984,10.33983
Union Flexi Cap Fund,UltraTech Cement Ltd,0.73,,Basic Materials,41.494347,4.6217
PGIM India Flexi Cap Fund,JSW Dulux Ltd,0.73,,Basic Materials,,
Union Largecap Fund,Adani Ports & Special Economic Zone Ltd,0.73,,Industrials,,
DSP Small Cap Fund,Sona BLW Precision Forgings Ltd,0.73,,Consumer Cyclical,,
Nippon India Flexi Cap Fund,Dixon Technologies (India) Ltd,0.73,,Technology,,
WhiteOak Capital Large Cap Fund,Persistent Systems Limited,0.73,,,44.642857,10.92834
HDFC Flexi Cap Fund,Britannia Industries Ltd,0.73,,Consumer Defensive,52.356518,25.98983
Mirae Asset Large Cap Fund,Gland Pharma Ltd,0.73,,Healthcare,,
Parag Parikh Flexi Cap Fund,Indian Energy Exchange Ltd,0.73,,Financial Services,,
Bank of India Flexi Cap Fund,SJS Enterprises Ltd,0.73,,Consumer Cyclical,,
Quant Small Cap Fund,Aurobindo Pharma Limited,0.73,,,25.90625,2.5414207
Mahindra Manulife Small Cap Fund,Mrs Bectors Food Specialities Ltd Ordinary Shares,0.73,,Consumer Defensive,,
Canara Robeco Small Cap Fund,Westlife Foodworld Ltd,0.73,,Consumer Cyclical,294.4802,14.863075
Union Largecap Fund,HDFC Asset Management Co Ltd,0.73,,Financial Services,,
HDFC Flexi Cap Fund,United Spirits Ltd,0.73,,Consumer Defensive,63.68353,11.682224
Canara Robeco Small Cap Fund,ASK Automotive Ltd,0.73,,Consumer Cyclical,,
Bank of India Flexi Cap Fund,Mazagon Dock Shipbuilders Ltd,0.72,,Industrials,,
DSP Flexi Cap Fund,ICICI Lombard General Insurance Co Ltd,0.72,,Financial Services,,
ITI Small Cap Fund,Bharat Coking Coal Ltd,0.72,,Basic Materials,,2.7455878
TRUSTMF Small Cap Fund,Le Travenues Technology Ltd,0.72,,Consumer Cyclical,,
Mahindra Manulife Small Cap Fund,Aarti Industries Ltd,0.72,,Basic Materials,34.366875,3.0478146
Mirae Asset Flexi Cap Fund,Sai Life Sciences Ltd,0.72,,Healthcare,,
NJ Flexi Cap Fund,HCL Technologies Ltd,0.72,,Technology,21.097977,4.9742002
Bank of India Flexi Cap Fund,Zaggle Prepaid Ocean Services Ltd,0.72,,Technology,,
TRUSTMF Flexi Cap Fund,Eternal Ltd,0.72,,Consumer Cyclical,,
LIC MF Midcap Fund,SBI Cards and Payment Services Ltd Ordinary Shares,0.72,,Financial Services,,
Bank of India Small Cap Fund,Godavari Biorefineries Ltd,0.72,,Basic Materials,,
WhiteOak Capital Mid Cap Fund,Indian Bank,0.72,,Financial Services,9.372036,1.4279683
UTI-Mid Cap Fund,Metro Brands Ltd,0.72,,Consumer Cyclical,,
Aditya Birla SL Flexi Cap Fund,Vinati Organics Ltd,0.72,,Basic Materials,30.676085,4.343379
SBI Small Cap Fund,Amagi Media Labs Ltd,0.72,,Technology,,
UTI-Large Cap Fund,Jubilant Foodworks Ltd,0.72,,Consumer Cyclical,85.50088,13.959026
Edelweiss Flexi Cap Fund,Sun Pharmaceuticals Industries Ltd,0.72,,Healthcare,,
Navi Flexi Cap Fund,Kirloskar Oil Engines Ltd,0.72,,Industrials,55.561123,8.686619
PGIM India Large Cap Fund,ITC Ltd,0.72,,Consumer Defensive,18.050472,4.9439254
DSP Small Cap Fund,Stylam Industries Ltd,0.72,,Consumer Cyclical,,
Franklin India Flexi Cap Fund,Medplus Health Services Ltd,0.72,,Healthcare,,
Kotak Midcap Fund,BSE Ltd,0.72,,Financial Services,,
ITI Large Cap Fund,InterGlobe Aviation Ltd,0.72,,Industrials,23.408157,29.576513
Franklin India Flexi Cap Fund,PG Electroplast Ltd,0.72,,Technology,90.87176,5.911051
DSP Small Cap Fund,Narayana Hrudayalaya Ltd,0.72,,Healthcare,46.511227,8.438228
Franklin India Mid Cap Fund,Kajaria Ceramics Ltd,0.72,,Industrials,34.01224,6.063991
Mirae Asset Flexi Cap Fund,Shriram Finance Ltd,0.72,,Financial Services,,
Aditya Birla SL Flexi Cap Fund,Sumitomo Chemical India Ltd Ordinary Shares,0.71,,Basic Materials,,
Motilal Oswal Small Cap Fund,P N Gadgil Jewellers Ltd,0.71,,Consumer Cyclical,19.569254,4.445343
ICICI Pru Large Cap Fund,Eicher Motors Ltd,0.71,,Consumer Cyclical,37.87843,8.764883
Bank of India Small Cap Fund,Vidya Wires Ltd,0.71,,Industrials,,
Edelweiss Small Cap Fund,Ingersoll-Rand (India) Ltd,0.71,,Industrials,53.475193,22.16104
Mahindra Manulife Small Cap Fund,Sun TV Network Ltd,0.71,,Communication Services,11.846847,1.55138
DSP Large Cap Fund,Tata Motors Ltd,0.71,,Consumer Cyclical,,
Nippon India Growth Mid Cap Fund,Endurance Technologies Ltd,0.71,,Consumer Cyclical,,
Motilal Oswal Large Cap Fund,Shadowfax Technologies Ltd,0.71,,Industrials,,
WhiteOak Capital Mid Cap Fund,Ajanta Pharma Ltd,0.71,,Healthcare,43.00333,10.097092
Tata Flexi Cap Fund,Swiggy Ltd,0.71,,Consumer Cyclical,,
Edelweiss Large Cap Fund,Info Edge (India) Ltd,0.71,,Communication Services,54.93524,2.101429
Union Largecap Fund,Sun Pharmaceuticals Industries Ltd,0.71,,Healthcare,,
Mirae Asset Flexi Cap Fund,The Federal Bank Ltd,0.71,,Financial Services,,
Aditya Birla SL Flexi Cap Fund,Astral Ltd,0.71,,Industrials,,
Edelweiss Large Cap Fund,Samvardhana Motherson International Ltd,0.71,,Consumer Cyclical,,
Kotak Midcap Fund,Apollo Tyres Ltd,0.71,,Consumer Cyclical,20.535303,1.6840942
SBI Large Cap Fund,UltraTech Cement Ltd,0.71,,Basic Materials,41.494347,4.6217
Union Largecap Fund,JK Cement Ltd,0.71,,Basic Materials,,
Invesco India Smallcap Fund,Jyoti CNC Automation Ltd,0.71,,Industrials,53.208954,8.917973
Bandhan Large Cap Fund,GE Vernova T&D India Ltd,0.71,,Industrials,84.030495,40.910908
PGIM India Midcap Fund,Triveni Turbine Ltd,0.71,,Industrials,57.806538,13.972252
Bandhan Large Cap Fund,Lodha Developers Ltd,0.71,,Real Estate,,
ITI Large Cap Fund,DLF Ltd,0.71,,Real Estate,35.97323,3.5110068
Edelweiss Mid Cap Fund,Schaeffler India Ltd,0.71,,Consumer Cyclical,,
Bandhan Flexi Cap Fund,Jindal Steel Ltd,0.71,,Basic Materials,,
WhiteOak Capital Flexi Cap Fund,Aditya Infotech Ltd,0.71,,Industrials,,
Aditya Birla SL Flexi Cap Fund,Anthem Biosciences Ltd,0.71,,Healthcare,83.34985,15.526631
Bank of India Small Cap Fund,Turtlemint Fintech Solutions Ltd,0.71,,Financial Services,,
360 ONE FlexiCap Fund,Aegis Logistics Ltd,0.71,,Energy,53.76321,7.9628196
Bandhan Small Cap Fund,Glenmark Pharmaceuticals Ltd,0.71,,Healthcare,35.97043,6.1400094
Helios Flexi Cap Fund,Indian Hotels Co Ltd,0.71,,Consumer Cyclical,48.539177,7.9719944
Bandhan Small Cap Fund,Senco Gold Ltd,0.71,,Consumer Cyclical,,
Franklin India Flexi Cap Fund,PI Industries Ltd,0.7,,Basic Materials,31.848026,3.7480412
Nippon India Large Cap Fund,DLF Ltd,0.7,,Real Estate,35.97323,3.5110068
UTI-Large Cap Fund,Adani Ports & Special Economic Zone Ltd,0.7,,Industrials,,
PGIM India Flexi Cap Fund,Dixon Technologies (India) Ltd,0.7,,Technology,,
PGIM India Midcap Fund,Ashok Leyland Ltd,0.7,,Industrials,30.033842,7.320795
ITI Mid Cap Fund,Cash Offset For Derivatives,0.7,,,,
Bandhan Large Cap Fund,Tech Mahindra Ltd,0.7,,Technology,31.637583,5.315708
WhiteOak Capital Mid Cap Fund,Narayana Hrudayalaya Ltd,0.7,,Healthcare,46.511227,8.438228
Union Small Cap Fund,Angel One Ltd Ordinary Shares,0.7,,Financial Services,,
Bandhan Midcap Fund,Samvardhana Motherson International Ltd,0.7,,Consumer Cyclical,,
ICICI Pru Large Cap Fund,Vedanta Aluminium Metal Ltd,0.7,,Basic Materials,,
PGIM India Large Cap Fund,Muthoot Finance Ltd,0.7,,Financial Services,10.19353,2.9614034
Sundaram Mid Cap Fund,Radico Khaitan Ltd,0.7,,Consumer Defensive,85.46732,18.168161
Edelweiss Small Cap Fund,Ahluwalia Contracts (India) Ltd,0.7,,Industrials,,
Union Flexi Cap Fund,PNB Housing Finance Ltd,0.7,,Financial Services,,
PGIM India Flexi Cap Fund,Power Finance Corp Ltd,0.7,,Financial Services,5.31349,1.0419072
Bandhan Flexi Cap Fund,Cera Sanitaryware Ltd,0.7,,Industrials,40.0,5.310254
HSBC Flexi Cap Fund,Awfis Space Solutions Ltd,0.7,,Industrials,27.384071,3.5174153
Tata Mid Cap Fund,Page Industries Ltd,0.7,,Consumer Cyclical,58.260082,29.617994
PGIM India Flexi Cap Fund,Sagility Ltd,0.7,,Healthcare,,
Bank of India Small Cap Fund,Ambuja Cements Ltd,0.7,,Basic Materials,24.327354,1.8076178
WhiteOak Capital Flexi Cap Fund,Bajaj Finserv Ltd,0.7,,Financial Services,31.746208,4.122072
DSP Large Cap Fund,Alembic Pharmaceuticals Ltd,0.7,,Healthcare,23.529497,2.8737247
AXIS Midcap Fund,PI Industries Ltd,0.7,,Basic Materials,31.848026,3.7480412
Edelweiss Flexi Cap Fund,Hindalco Industries Ltd,0.7,,Basic Materials,14.367457,1.7221315
Tata Flexi Cap Fund,Oil India Ltd,0.7,,Energy,10.88228,1.2416646
Nippon India Growth Mid Cap Fund,HDFC Asset Management Co Ltd,0.7,,Financial Services,,
Shriram Flexi Cap Fund,HCL Technologies Ltd,0.7,,Technology,21.097977,4.9742002
Aditya Birla SL Flexi Cap Fund,Asian Paints Ltd,0.7,,Basic Materials,67.65291,13.316042
Bajaj Finserv Flexi Cap Fund,InterGlobe Aviation Ltd,0.7,,Industrials,23.408157,29.576513
Bajaj Finserv Flexi Cap Fund,Safari Industries (India) Ltd,0.7,,Consumer Cyclical,44.051006,6.528887
HSBC Small Cap Fund,Kirloskar Oil Engines Ltd,0.7,,Industrials,55.561123,8.686619
JM Flexicap Fund,The Shipping Corp of India Ltd,0.7,,Industrials,,
Kotak Midcap Fund,Ratnamani Metals & Tubes Ltd,0.7,,Basic Materials,34.481056,3.7558336
ITI Mid Cap Fund,Godfrey Phillips India Ltd,0.7,,Consumer Defensive,27.37881,6.106945
Canara Robeco Large Cap Fund,Multi Commodity Exchange of India Ltd,0.7,,Financial Services,,
HDFC Mid Cap Fund,City Union Bank Ltd,0.69,,Financial Services,14.732452,1.988053
AXIS Flexi Cap Fund,Anthem Biosciences Ltd,0.69,,Healthcare,83.34985,15.526631
Bank of India Flexi Cap Fund,Turtlemint Fintech Solutions Ltd,0.69,,Financial Services,,
Edelweiss Flexi Cap Fund,Edelweiss Liquid Dir Gr,0.69,,,,
360 ONE FlexiCap Fund,Sumitomo Chemical India Ltd Ordinary Shares,0.69,,Basic Materials,,
Canara Robeco Mid Cap Fund,Net Current Assets,0.69,,,,
TRUSTMF Flexi Cap Fund,Eicher Motors Ltd,0.69,,Consumer Cyclical,37.87843,8.764883
Navi Flexi Cap Fund,Zen Technologies Ltd,0.69,,Industrials,14.837942,2.3970907
Invesco India Midcap Fund,Timken India Ltd,0.69,,Industrials,60.607704,8.648188
Shriram Flexi Cap Fund,Coforge Ltd,0.69,,Technology,,
ICICI Pru Large Cap Fund,Siemens Ltd,0.69,,Industrials,83.33545,10.1382265
PGIM India Midcap Fund,Schaeffler India Ltd,0.69,,Consumer Cyclical,,
Franklin India Large Cap Fund,Ashok Leyland Ltd,0.69,,Industrials,30.033842,7.320795
Edelweiss Mid Cap Fund,Dixon Technologies (India) Ltd,0.69,,Technology,,
Kotak Large Cap Fund,Britannia Industries Ltd,0.69,,Consumer Defensive,52.356518,25.98983
Motilal Oswal Large Cap Fund,Flair Writing Industries Ltd,0.69,,Industrials,,
Bandhan Small Cap Fund,TARC Ltd Ordinary Shares,0.69,,Real Estate,,
Bandhan Large Cap Fund,Godrej Properties Ltd,0.69,,Real Estate,38.909775,3.254932
WhiteOak Capital Flexi Cap Fund,Cipla Ltd,0.69,,Healthcare,35.08629,3.4341109
Tata Mid Cap Fund,Metro Brands Ltd,0.69,,Consumer Cyclical,,
Mahindra Manulife Flexi Cap Fund,Elgi Equipments Ltd,0.69,,Industrials,43.30022,8.31144
Mahindra Manulife Flexi Cap Fund,Arvind Fashions Ltd,0.69,,Consumer Cyclical,,
Bandhan Midcap Fund,Radico Khaitan Ltd,0.69,,Consumer Defensive,85.46732,18.168161
Bandhan Midcap Fund,Suzlon Energy Ltd,0.69,,Industrials,21.004366,6.762266
HSBC Flexi Cap Fund,Dishman Carbogen Amics Ltd,0.69,,Healthcare,,
DSP Flexi Cap Fund,Phoenix Mills Ltd,0.69,,Real Estate,51.817932,6.168099
SBI Large Cap Fund,JSW Steel Ltd,0.69,,Basic Materials,12.760185,3.15554
Nippon India Flexi Cap Fund,Devyani International Ltd,0.69,,Consumer Cyclical,131.89297,10.77409
Nippon India Flexi Cap Fund,Tata Communications Ltd,0.69,,Communication Services,52.915287,14.511902
PGIM India Flexi Cap Fund,Triveni Turbine Ltd,0.69,,Industrials,57.806538,13.972252
Tata Flexi Cap Fund,HealthCare Global Enterprises Ltd,0.69,,Healthcare,,
ITI Small Cap Fund,Home First Finance Co India Ltd,0.68,,Financial Services,,
Kotak Midcap Fund,Bank of Baroda,0.68,,Financial Services,7.138383,0.7690585
SBI Small Cap Fund,Meesho Ltd,0.68,,Consumer Cyclical,,
WhiteOak Capital Flexi Cap Fund,Five-Star Business Finance Ltd,0.68,,Financial Services,14.521263,2.171574
WhiteOak Capital Flexi Cap Fund,Solar Industries India Ltd,0.68,,Basic Materials,99.0099,26.524855
Invesco India Flexi Cap Fund,UNO Minda Ltd,0.68,,Consumer Cyclical,,
NJ Flexi Cap Fund,Tata Elxsi Ltd,0.68,,Technology,40.527504,8.713673
Edelweiss Mid Cap Fund,Ather Energy Ltd,0.68,,Consumer Cyclical,,
PGIM India Midcap Fund,One97 Communications Ltd,0.68,,Technology,,
Bandhan Large Cap Fund,AstraZeneca Pharma India Ltd,0.68,,Healthcare,108.69706,23.453953
Bandhan Small Cap Fund,Saatvik Green Energy Ltd,0.68,,Technology,14.245124,3.7283287
PGIM India Midcap Fund,Varun Beverages Ltd,0.68,,Consumer Defensive,,
WhiteOak Capital Mid Cap Fund,Multi Commodity Exchange Of India Limited,0.68,,,50.50737,15.954905
ITI Flexi Cap Fund,Persistent Systems Ltd,0.68,,Technology,44.642857,10.92834
Mirae Asset Large Cap Fund,Pidilite Industries Ltd,0.68,,Basic Materials,64.94523,15.596959
Motilal Oswal Large Cap Fund,Vedanta Aluminium Metal Ltd,0.68,,Basic Materials,,
PGIM India Large Cap Fund,Britannia Industries Ltd,0.68,,Consumer Defensive,52.356518,25.98983
Nippon India Large Cap Fund,NTPC Green Energy Ltd,0.68,,Utilities,,
JM Small Cap Fund,Power Mech Projects Ltd,0.68,,Industrials,22.72822,3.2848563
Bank of India Small Cap Fund,Ganesha Ecosphere Ltd,0.68,,Consumer Cyclical,50.366085,2.2351234
TRUSTMF Flexi Cap Fund,Vedanta Ltd,0.68,,Basic Materials,,
Canara Robeco Mid Cap Fund,Cochin Shipyard Ltd,0.68,,Industrials,,
Tata Flexi Cap Fund,Nuvoco Vista Corp Ltd,0.68,,Basic Materials,32.018517,1.207436
HSBC Flexi Cap Fund,Jyoti CNC Automation Ltd,0.68,,Industrials,53.208954,8.917973
DSP Small Cap Fund,Westlife Foodworld Ltd,0.68,,Consumer Cyclical,294.4802,14.863075
DSP Small Cap Fund,Prince Pipes And Fittings Ltd Ordinary Shares,0.68,,Industrials,,
Edelweiss Flexi Cap Fund,Eicher Motors Ltd,0.68,,Consumer Cyclical,37.87843,8.764883
Invesco India Smallcap Fund,Afcons Infrastructure Ltd,0.67,,Industrials,40.153732,1.8508021
Mirae Asset Midcap Fund,TeamLease Services Ltd,0.67,,Industrials,151.58403,2.0153174
Invesco India Largecap Fund,DLF Ltd,0.67,,Real Estate,35.97323,3.5110068
Bandhan Midcap Fund,Supreme Industries Ltd,0.67,,Industrials,42.736526,7.087394
Nippon India Growth Mid Cap Fund,ITC Hotels Ltd,0.67,,Consumer Cyclical,,
Nippon India Growth Mid Cap Fund,United Breweries Ltd,0.67,,Consumer Defensive,93.477974,8.186209
Nippon India Growth Mid Cap Fund,Mahindra & Mahindra Financial Services Ltd,0.67,,Financial Services,,
WhiteOak Capital Large Cap Fund,Coforge Limited,0.67,,,36.363636,6.254336
Bandhan Large Cap Fund,Vishal Mega Mart Ltd,0.67,,Consumer Cyclical,,
HDFC Mid Cap Fund,Sundaram Fasteners Ltd,0.67,,Consumer Cyclical,,
LIC MF Small Cap Fund,Greenpanel Industries Ltd Ordinary Shares,0.67,,Basic Materials,,
Nippon India Large Cap Fund,Vedanta Aluminium Metal Ltd,0.67,,Basic Materials,,
ITI Flexi Cap Fund,Mahindra & Mahindra Ltd,0.67,,Consumer Cyclical,21.322454,4.203955
Invesco India Largecap Fund,PB Fintech Ltd,0.67,,Financial Services,,
HSBC Midcap Fund,Triveni Turbine Ltd,0.67,,Industrials,57.806538,13.972252
UTI-Flexi Cap Fund,3M India Ltd,0.67,,Industrials,77.51976,22.932638
Helios Flexi Cap Fund,Vishal Mega Mart Ltd,0.67,,Consumer Cyclical,,
Bajaj Finserv Flexi Cap Fund,Urban Co Ltd,0.67,,Technology,,
SBI Small Cap Fund,Hatsun Agro Product Ltd,0.67,,Consumer Defensive,59.18868,10.8024645
UTI-Mid Cap Fund,Petronet LNG Ltd,0.67,,Energy,10.671012,1.8728886
Navi Flexi Cap Fund,Polycab India Ltd,0.67,,Industrials,,
WhiteOak Capital Flexi Cap Fund,Asian Paints Ltd,0.67,,Basic Materials,67.65291,13.316042
Union Flexi Cap Fund,Infosys Ltd,0.67,,Technology,,
WhiteOak Capital Flexi Cap Fund,Larsen & Toubro Ltd,0.67,,Industrials,33.67093,5.1052904
HDFC Mid Cap Fund,SKF India (Industrial) Ltd,0.67,,Industrials,,
AXIS Midcap Fund,J.B. Chemicals & Pharmaceuticals Ltd,0.67,,Healthcare,,
AXIS Midcap Fund,Sundaram Finance Ltd,0.67,,Financial Services,22.8837,3.4346478
Baroda BNP Paribas Small Cap Fund,Sumitomo Chemical India Ltd Ordinary Shares,0.67,,Basic Materials,,
DSP Small Cap Fund,Sandhar Technologies Ltd Ordinary Shares,0.67,,Consumer Cyclical,,
ITI Mid Cap Fund,Supreme Industries Ltd,0.67,,Industrials,42.736526,7.087394
Motilal Oswal Large Cap Fund,LTM Ltd,0.67,,Technology,,
Bandhan Small Cap Fund,Prestige Estates Projects Ltd,0.67,,Real Estate,59.86932,4.183585
Navi Flexi Cap Fund,Narayana Hrudayalaya Ltd,0.67,,Healthcare,46.511227,8.438228
JM Small Cap Fund,Crompton Greaves Consumer Electricals Ltd,0.67,,Consumer Cyclical,,
Nippon India Large Cap Fund,Siemens Ltd,0.67,,Industrials,83.33545,10.1382265
Mirae Asset Flexi Cap Fund,Tata Communications Ltd,0.67,,Communication Services,52.915287,14.511902
Edelweiss Large Cap Fund,Coal India Ltd,0.67,,Energy,8.216264,2.1484375
Kotak Large Cap Fund,HDFC Life Insurance Co Ltd,0.67,,Financial Services,,
Helios Flexi Cap Fund,HDFC Asset Management Co Ltd,0.67,,Financial Services,,
Edelweiss Mid Cap Fund,Thermax Ltd,0.67,,Industrials,77.06719,8.242397
Edelweiss Large Cap Fund,Power Grid Corp Of India Ltd,0.67,,Utilities,,
AXIS Midcap Fund,Mphasis Ltd,0.66,,Technology,24.812908,4.174768
JM Midcap Fund,India Cements Ltd,0.66,,Basic Materials,131.77153,1.2180974
Navi Flexi Cap Fund,Aditya Birla Capital Ltd,0.66,,Financial Services,26.376858,3.1052613
HDFC Large Cap Fund,Maruti Suzuki India Ltd,0.66,,Consumer Cyclical,30.770073,4.1185155
AXIS Midcap Fund,Voltas Ltd,0.66,,Consumer Cyclical,113.616264,6.6683273
AXIS Midcap Fund,Info Edge (India) Ltd,0.66,,Communication Services,54.93524,2.101429
ITI Small Cap Fund,Reliance Industries Ltd,0.66,,Energy,24.154905,1.9980692
Edelweiss Flexi Cap Fund,Vishal Mega Mart Ltd,0.66,,Consumer Cyclical,,
Quant Flexi Cap Fund,Indus Infra Trust Unit,0.66,,Financial Services,,
SBI Large Cap Fund,Adani Ports & Special Economic Zone Ltd,0.66,,Industrials,,
Union Largecap Fund,Divi's Laboratories Ltd,0.66,,Healthcare,85.46783,13.0643635
Mirae Asset Midcap Fund,Wakefit Innovations Ltd,0.66,,Consumer Cyclical,21.293333,3.7141695
WhiteOak Capital Large Cap Fund,Cipla Ltd,0.66,,Healthcare,35.08629,3.4341109
Shriram Flexi Cap Fund,Varun Beverages Ltd,0.66,,Consumer Defensive,,
Shriram Flexi Cap Fund,Karur Vysya Bank Ltd,0.66,,Financial Services,11.819303,2.299122
Tata Mid Cap Fund,Mahindra Logistics Ltd,0.66,,Industrials,,
WhiteOak Capital Large Cap Fund,Navin Fluorine International Ltd,0.66,,Basic Materials,,
Edelweiss Large Cap Fund,Asian Paints Ltd,0.66,,Basic Materials,67.65291,13.316042
HDFC Large Cap Fund,CG Power & Industrial Solutions Ltd,0.66,,Industrials,,
WhiteOak Capital Mid Cap Fund,Billionbrains Garage Ventures Ltd,0.66,,Financial Services,,
HSBC Flexi Cap Fund,Power Finance Corp Ltd,0.66,,Financial Services,5.31349,1.0419072
Bandhan Small Cap Fund,TVS Holdings Ltd,0.66,,Consumer Cyclical,,
Tata Large Cap Fund,Honeywell Automation India Ltd,0.66,,Industrials,60.97585,7.5087953
Nippon India Growth Mid Cap Fund,InterGlobe Aviation Ltd,0.66,,Industrials,23.408157,29.576513
Bank of India Flexi Cap Fund,Hindustan Copper Ltd,0.66,,Basic Materials,56.491043,15.52563
Mirae Asset Large Cap Fund,Power Finance Corp Ltd,0.66,,Financial Services,5.31349,1.0419072
Mirae Asset Flexi Cap Fund,Pidilite Industries Ltd,0.66,,Basic Materials,64.94523,15.596959
Mirae Asset Large Cap Fund,Siemens Ltd,0.66,,Industrials,83.33545,10.1382265
WhiteOak Capital Flexi Cap Fund,KRN Heat Exchanger and Refrigeration Ltd,0.66,,Technology,,
Bandhan Midcap Fund,Sterlite Technologies Ltd,0.66,,Technology,138.89131,13.750727
Nippon India Large Cap Fund,Tech Mahindra Ltd,0.66,,Technology,31.637583,5.315708
Franklin India Flexi Cap Fund,CESC Ltd,0.66,,Utilities,13.964226,1.7352923
Motilal Oswal Small Cap Fund,Bharat Dynamics Ltd Ordinary Shares,0.66,,Industrials,,
WhiteOak Capital Mid Cap Fund,Colgate-Palmolive (India) Ltd,0.66,,Consumer Defensive,41.325695,34.725204
Bandhan Flexi Cap Fund,Power Grid Corp Of India Ltd,0.66,,Utilities,,
HDFC Flexi Cap Fund,Aster DM Quality Care Ltd Ordinary Shares,0.66,,Healthcare,,
JM Flexicap Fund,OneSource Specialty Pharma Ltd,0.66,,Healthcare,,
UTI-Mid Cap Fund,Computer Age Management Services Ltd Ordinary Shares,0.66,,Technology,,
Quantum Small Cap Fund,Sansera Engineering Ltd,0.66,,Consumer Cyclical,74.63396,7.787878
Bandhan Small Cap Fund,LIC Housing Finance Ltd,0.65,,Financial Services,4.8332214,0.6696014
DSP Small Cap Fund,Rolex Rings Ltd,0.65,,Industrials,,
Union Largecap Fund,Multi Commodity Exchange of India Ltd,0.65,,Financial Services,,
Canara Robeco Small Cap Fund,Mold-tek Packaging Ltd,0.65,,Consumer Cyclical,29.941023,3.3014596
JM Small Cap Fund,Angel One Ltd Ordinary Shares,0.65,,Financial Services,,
Bank of India Flexi Cap Fund,Radico Khaitan Ltd,0.65,,Consumer Defensive,85.46732,18.168161
Nippon India Flexi Cap Fund,Aptus Value Housing Finance India Ltd,0.65,,Financial Services,,
HSBC Small Cap Fund,ZF Commercial Vehicle Control Systems India Ltd,0.65,,Consumer Cyclical,,
Motilal Oswal Small Cap Fund,Multi Commodity Exchange of India Ltd,0.65,,Financial Services,,
Nippon India Large Cap Fund,Godrej Consumer Products Ltd,0.65,,Consumer Defensive,58.899498,8.822688
Nippon India Large Cap Fund,EIH Ltd,0.65,,Consumer Cyclical,28.852306,4.0741234
Bank of India Small Cap Fund,National Bank for Agriculture and Rural Development,0.65,,,,
NJ Flexi Cap Fund,Infosys Ltd,0.65,,Technology,,
HDFC Flexi Cap Fund,Vishal Mega Mart Ltd,0.65,,Consumer Cyclical,,
Edelweiss Mid Cap Fund,CG Power & Industrial Solutions Ltd,0.65,,Industrials,,
NJ Flexi Cap Fund,Tata Consultancy Services Ltd,0.65,,Technology,17.2117,8.097646
Mirae Asset Large Cap Fund,IndusInd Bank Ltd,0.65,,Financial Services,60.223267,1.2141788
HDFC Flexi Cap Fund,Dr. Lal PathLabs Ltd,0.65,,Healthcare,,
Canara Robeco Small Cap Fund,Jyoti CNC Automation Ltd,0.65,,Industrials,53.208954,8.917973
Bandhan Large Cap Fund,Amber Enterprises India Ltd Ordinary Shares,0.65,,Consumer Cyclical,,
PGIM India Midcap Fund,Anthem Biosciences Ltd,0.65,,Healthcare,83.34985,15.526631
Union Small Cap Fund,Craftsman Automation Ltd,0.65,,Consumer Cyclical,54.34704,7.6615663
Edelweiss Large Cap Fund,Sona BLW Precision Forgings Ltd,0.65,,Consumer Cyclical,,
WhiteOak Capital Flexi Cap Fund,Axis Bank Ltd,0.65,,Financial Services,13.927326,1.7253225
WhiteOak Capital Flexi Cap Fund,AIA Engineering Ltd,0.65,,Industrials,38.096615,6.013975
Edelweiss Large Cap Fund,Laurus Labs Ltd,0.65,,Healthcare,,
Canara Robeco Small Cap Fund,Greenply Industries Ltd,0.65,,Basic Materials,36.246838,3.964584
WhiteOak Capital Flexi Cap Fund,Poly Medicure Ltd,0.65,,Healthcare,53.19868,5.5223246
WhiteOak Capital Flexi Cap Fund,Ajanta Pharma Ltd,0.65,,Healthcare,43.00333,10.097092
Edelweiss Small Cap Fund,Cholamandalam Financial Holdings Ltd,0.65,,Financial Services,,
Bandhan Flexi Cap Fund,04/02/2027 Maturing 364 DTB,0.65,,,,
Quant Flexi Cap Fund,Lloyds Metals & Energy Ltd,0.65,,Basic Materials,,
ITI Small Cap Fund,Adani Energy Solutions Ltd,0.65,,Utilities,,
UTI-Mid Cap Fund,Gujarat Energy Ltd,0.65,,Utilities,,
Quant Small Cap Fund,Welspun Living Ltd,0.65,,Consumer Cyclical,,
Kotak Large Cap Fund,Schaeffler India Ltd,0.65,,Consumer Cyclical,,
Bandhan Midcap Fund,Bharat Forge Ltd,0.65,,Consumer Cyclical,100.00883,11.304634
Franklin India Flexi Cap Fund,HDFC Life Insurance Co Ltd,0.65,,Financial Services,,
UTI-Large Cap Fund,Max Healthcare Institute Ltd Ordinary Shares,0.64,,Healthcare,,
HSBC Large Cap Fund,LG Electronics India Ltd,0.64,,Technology,63.68928,14.048153
Kotak Midcap Fund,Home First Finance Co India Ltd,0.64,,Financial Services,,
Mirae Asset Flexi Cap Fund,Oil & Natural Gas Corp Ltd,0.64,,Energy,,
WhiteOak Capital Mid Cap Fund,KRN Heat Exchanger and Refrigeration Ltd,0.64,,Technology,,
Edelweiss Mid Cap Fund,Blue Star Ltd,0.64,,Industrials,62.967583,10.043221
Union Midcap Fund,RBL Bank Ltd,0.64,,Financial Services,,
DSP Flexi Cap Fund,Aditya Birla Sun Life AMC Ltd,0.64,,Financial Services,,
DSP Flexi Cap Fund,Ipca Laboratories Ltd,0.64,,Healthcare,38.607655,5.4611874
HDFC Flexi Cap Fund,Varroc Engineering Ltd Ordinary Shares,0.64,,Consumer Cyclical,,
Kotak Large Cap Fund,Poonawalla Fincorp Ltd,0.64,,Financial Services,51.287395,3.7482235
360 ONE FlexiCap Fund,Vedant Fashions Ltd,0.64,,Consumer Cyclical,,
Mirae Asset Flexi Cap Fund,SRF Ltd,0.64,,Industrials,35.841557,5.5199285
Mahindra Manulife Small Cap Fund,Lumax Auto Technologies Ltd,0.64,,Consumer Cyclical,55.389194,11.1216955
ICICI Pru Large Cap Fund,Page Industries Ltd,0.64,,Consumer Cyclical,58.260082,29.617994
ITI Mid Cap Fund,Vedanta Aluminium Metal Ltd,0.64,,Basic Materials,,
Sundaram Mid Cap Fund,Chalet Hotels Ltd,0.64,,Consumer Cyclical,,
WhiteOak Capital Mid Cap Fund,Godrej Industries Ltd,0.64,,Industrials,35.590233,3.9522178
Tata Flexi Cap Fund,Greenpanel Industries Ltd Ordinary Shares,0.64,,Basic Materials,,
SBI Large Cap Fund,Tata Steel Ltd,0.64,,Basic Materials,34.495415,2.4665117
Tata Large Cap Fund,Cyient Ltd,0.64,,Industrials,,
Nippon India Flexi Cap Fund,Happy Forgings Ltd,0.64,,Industrials,,
Nippon India Flexi Cap Fund,Finolex Cables Ltd,0.64,,Industrials,21.978765,2.5757465
Tata Small Cap Fund,Saregama India Ltd,0.64,,Communication Services,52.16433,6.0157843
JM Flexicap Fund,Great Eastern Shipping Co Ltd,0.64,,Industrials,,
HSBC Large Cap Fund,Meesho Ltd,0.64,,Consumer Cyclical,,
PGIM India Flexi Cap Fund,Muthoot Finance Ltd,0.64,,Financial Services,10.19353,2.9614034
JM Flexicap Fund,CarTrade Tech Ltd,0.64,,Consumer Cyclical,,
JM Flexicap Fund,Navin Fluorine International Ltd,0.64,,Basic Materials,,
UTI-Flexi Cap Fund,Schaeffler India Ltd,0.64,,Consumer Cyclical,,
Invesco India Largecap Fund,Honeywell Automation India Ltd,0.64,,Industrials,60.97585,7.5087953
Bandhan Large Cap Fund,Tata Consultancy Services Ltd,0.64,,Technology,17.2117,8.097646
JM Flexicap Fund,Manappuram Finance Ltd,0.64,,Financial Services,30.949366,2.1463308
Tata Flexi Cap Fund,Go Digit General Insurance Ltd,0.64,,Financial Services,,
Bank of India Small Cap Fund,The Shipping Corp of India Ltd,0.64,,Industrials,,
Invesco India Smallcap Fund,Chalet Hotels Ltd,0.64,,Consumer Cyclical,,
Union Small Cap Fund,Max Financial Services Ltd,0.64,,Financial Services,,
DSP Large Cap Fund,InterGlobe Aviation Ltd,0.64,,Industrials,23.408157,29.576513
Aditya Birla SL Flexi Cap Fund,L&T Finance Ltd,0.63,,Financial Services,,
DSP Small Cap Fund,Carysil Ltd,0.63,,Consumer Cyclical,,
Mirae Asset Flexi Cap Fund,Can Fin Homes Ltd,0.63,,Financial Services,9.523417,1.8063651
Edelweiss Large Cap Fund,Coforge Ltd,0.63,,Technology,,
Edelweiss Large Cap Fund,Muthoot Finance Ltd,0.63,,Financial Services,10.19353,2.9614034
Mirae Asset Flexi Cap Fund,Vedanta Aluminium Metal Ltd,0.63,,Basic Materials,,
WhiteOak Capital Large Cap Fund,Oil & Natural Gas Corp Ltd,0.63,,Energy,,
Kotak Large Cap Fund,Astra Microwave Products Ltd,0.63,,Technology,108.6769,15.011871
Mirae Asset Midcap Fund,Hindustan Aeronautics Ltd Ordinary Shares,0.63,,Industrials,,
Shriram Flexi Cap Fund,Hindustan Petroleum Corp Ltd,0.63,,Energy,,
SBI Large Cap Fund,India (Republic of),0.63,,,,
AXIS Flexi Cap Fund,Gokaldas Exports Ltd,0.63,,Consumer Cyclical,60.60948,2.730805
Mahindra Manulife Small Cap Fund,Kajaria Ceramics Ltd,0.63,,Industrials,34.01224,6.063991
AXIS Flexi Cap Fund,ICICI Prudential Life Insurance Co Ltd,0.63,,Financial Services,,
Bajaj Finserv Flexi Cap Fund,Metro Brands Ltd,0.63,,Consumer Cyclical,,
PGIM India Midcap Fund,Mphasis Ltd,0.63,,Technology,24.812908,4.174768
Canara Robeco Small Cap Fund,Jindal Saw Ltd,0.63,,Basic Materials,15.391157,1.4340041
Aditya Birla SL Large Cap Fund,Bharat Forge Ltd,0.63,,Consumer Cyclical,100.00883,11.304634
Helios Flexi Cap Fund,Indegene Ltd,0.63,,Healthcare,,
Bandhan Midcap Fund,Abbott India Ltd,0.63,,Healthcare,39.10034,14.718281
DSP Small Cap Fund,West Coast Paper Mills Ltd,0.63,,Basic Materials,,
ICICI Pru Large Cap Fund,TVS Motor Co Ltd,0.63,,Consumer Cyclical,61.730606,63.15901
Bandhan Flexi Cap Fund,DLF Ltd,0.63,,Real Estate,35.97323,3.5110068
DSP Small Cap Fund,Kalpataru Projects International Ltd,0.63,,Industrials,,
Nippon India Large Cap Fund,Net Current Assets,0.63,,,,
DSP Small Cap Fund,Alembic Pharmaceuticals Ltd,0.63,,Healthcare,23.529497,2.8737247
Edelweiss Small Cap Fund,Westlife Foodworld Ltd,0.63,,Consumer Cyclical,294.4802,14.863075
ICICI Pru Large Cap Fund,Max Healthcare Institute Ltd Ordinary Shares,0.63,,Healthcare,,
Edelweiss Mid Cap Fund,Bikaji Foods International Ltd,0.63,,Consumer Defensive,,
Tata Flexi Cap Fund,G R Infraprojects Ltd,0.63,,Industrials,,
AXIS Large Cap Fund,Avenue Supermarts Ltd,0.62,,Consumer Defensive,,
Bandhan Small Cap Fund,Fedbank Financial Services Ltd,0.62,,Financial Services,,
Bandhan Small Cap Fund,Power Finance Corp Ltd,0.62,,Financial Services,5.31349,1.0419072
Edelweiss Flexi Cap Fund,UNO Minda Ltd,0.62,,Consumer Cyclical,,
Edelweiss Flexi Cap Fund,Endurance Technologies Ltd,0.62,,Consumer Cyclical,,
Sundaram Mid Cap Fund,Procter & Gamble Hygiene and Health Care Ltd,0.62,,Consumer Defensive,,
Mirae Asset Large Cap Fund,Kalpataru Projects International Ltd,0.62,,Industrials,,
HDFC Mid Cap Fund,ACC Ltd,0.62,,Basic Materials,13.995919,0.5935133
Mirae Asset Large Cap Fund,FSN E-Commerce Ventures Ltd,0.62,,Consumer Cyclical,,
Tata Mid Cap Fund,Tata Chemicals Ltd,0.62,,Basic Materials,21.66209,0.80916333
Nippon India Growth Mid Cap Fund,Dalmia Bharat Ltd,0.62,,Basic Materials,,
NJ Flexi Cap Fund,Bajaj Auto Limited July 2026 Future,0.62,,,,
Franklin India Flexi Cap Fund,Oil & Natural Gas Corp Ltd,0.62,,Energy,,
Sundaram Mid Cap Fund,National Aluminium Co Ltd,0.62,,Basic Materials,11.390134,3.2384465
Sundaram Mid Cap Fund,Bharti Hexacom Ltd,0.62,,Communication Services,,
Invesco India Flexi Cap Fund,Max Estates Ltd,0.62,,Real Estate,,
Nippon India Flexi Cap Fund,Cholamandalam Financial Holdings Ltd,0.62,,Financial Services,,
HDFC Large Cap Fund,Mahindra & Mahindra Ltd,0.62,,Consumer Cyclical,21.322454,4.203955
HDFC Mid Cap Fund,Sona BLW Precision Forgings Ltd,0.62,,Consumer Cyclical,,
WhiteOak Capital Mid Cap Fund,India Shelter Finance Corporation Ltd,0.62,,Financial Services,,
Bandhan Large Cap Fund,Glenmark Pharmaceuticals Ltd,0.62,,Healthcare,35.97043,6.1400094
Canara Robeco Small Cap Fund,Sumitomo Chemical India Ltd Ordinary Shares,0.62,,Basic Materials,,
Mirae Asset Flexi Cap Fund,Sun Pharmaceuticals Industries Ltd,0.62,,Healthcare,,
Canara Robeco Small Cap Fund,Subros Ltd,0.62,,Consumer Cyclical,32.46776,4.357689
Kotak Large Cap Fund,Net Current Assets/(Liabilities),0.62,,,,
Bajaj Finserv Flexi Cap Fund,Acutaas Chemicals Ltd,0.62,,Basic Materials,,
Edelweiss Flexi Cap Fund,BSE Ltd,0.62,,Financial Services,,
Bandhan Flexi Cap Fund,LTM Ltd,0.62,,Technology,,
Bandhan Flexi Cap Fund,Coal India Ltd,0.62,,Energy,8.216264,2.1484375
Mahindra Manulife Mid Cap Fund,Net Receivables / (Payables),0.62,,,,
HSBC Small Cap Fund,Eris Lifesciences Ltd Registered Shs,0.62,,Healthcare,,
Baroda BNP Paribas Mid Cap Fund,India Cements Ltd,0.62,,Basic Materials,131.77153,1.2180974
Mirae Asset Flexi Cap Fund,Indian Hotels Co Ltd,0.62,,Consumer Cyclical,48.539177,7.9719944
ITI Mid Cap Fund,Union Bank of India,0.62,,Financial Services,6.789941,1.0045413
ITI Mid Cap Fund,Petronet LNG Ltd,0.62,,Energy,10.671012,1.8728886
HSBC Small Cap Fund,Oberoi Realty Ltd,0.62,,Real Estate,24.57135,3.6052597
Tata Small Cap Fund,Ramco Industries Ltd,0.62,,Industrials,9.577206,0.65035325
Bandhan Midcap Fund,Kaynes Technology India Ltd,0.62,,Technology,,
Quantum Small Cap Fund,Birlasoft Ltd,0.62,,Technology,,
Canara Robeco Small Cap Fund,CIE Automotive India Ltd,0.62,,Consumer Cyclical,17.364637,2.011259
ITI Mid Cap Fund,Nuvama Wealth Management Ltd,0.62,,Financial Services,,
Edelweiss Flexi Cap Fund,Ather Energy Ltd,0.61,,Consumer Cyclical,,
Aditya Birla SL Large Cap Fund,HDFC Life Insurance Co Ltd,0.61,,Financial Services,,
Invesco India Flexi Cap Fund,HCL Technologies Ltd,0.61,,Technology,21.097977,4.9742002
Parag Parikh Flexi Cap Fund,Indian Bank,0.61,,,9.372036,1.4279683
DSP Large Cap Fund,Trent Ltd,0.61,,Consumer Cyclical,96.15015,22.879957
JM Midcap Fund,Cohance Lifesciences Ltd,0.61,,Healthcare,94.84043,4.368642
WhiteOak Capital Flexi Cap Fund,Nifty,0.61,,,,
Quant Small Cap Fund,Afcons Infrastructure Ltd,0.61,,Industrials,40.153732,1.8508021
Edelweiss Flexi Cap Fund,Trent Ltd,0.61,,Consumer Cyclical,96.15015,22.879957
JM Small Cap Fund,Ventive Hospitality Ltd,0.61,,Consumer Cyclical,37.16853,2.54417
JM Small Cap Fund,INOX India Ltd,0.61,,Industrials,,
Canara Robeco Small Cap Fund,Timken India Ltd,0.61,,Industrials,60.607704,8.648188
Quant Small Cap Fund,JM Financial Ltd,0.61,,Financial Services,10.720304,1.1836108
Kotak Large Cap Fund,ACME Solar Holdings Ltd,0.61,,Utilities,38.03922,4.411149
WhiteOak Capital Flexi Cap Fund,Navin Fluorine International Ltd,0.61,,Basic Materials,,
Edelweiss Large Cap Fund,Persistent Systems Ltd,0.61,,Technology,44.642857,10.92834
Canara Robeco Small Cap Fund,Mrs Bectors Food Specialities Ltd Ordinary Shares,0.61,,Consumer Defensive,,
HDFC Mid Cap Fund,Dixon Technologies (India) Ltd,0.61,,Technology,,
PGIM India Flexi Cap Fund,Pine Labs Ltd,0.61,,Technology,,
Bandhan Small Cap Fund,Arvind SmartSpaces Ltd,0.61,,Real Estate,31.062052,4.4050255
WhiteOak Capital Mid Cap Fund,Jindal Stainless Ltd,0.61,,Basic Materials,18.65668,13.449393
HSBC Small Cap Fund,Amber Enterprises India Ltd Ordinary Shares,0.61,,Consumer Cyclical,,
Union Small Cap Fund,Chalet Hotels Ltd,0.61,,Consumer Cyclical,,
Mahindra Manulife Flexi Cap Fund,Kirloskar Oil Engines Ltd,0.61,,Industrials,55.561123,8.686619
Union Small Cap Fund,CreditAccess Grameen Ltd Ordinary Shares,0.61,,Financial Services,,
WhiteOak Capital Mid Cap Fund,Azad Engineering Ltd,0.61,,Industrials,,
DSP Midcap Fund,Cyient Ltd,0.61,,Industrials,,
Shriram Flexi Cap Fund,Sagility Ltd,0.61,,Healthcare,,
SBI Small Cap Fund,Electronics Mart India Ltd,0.61,,Consumer Cyclical,,
Union Largecap Fund,Cholamandalam Investment and Finance Co Ltd,0.61,,Financial Services,,
JM Flexicap Fund,Eicher Motors Ltd,0.61,,Consumer Cyclical,37.87843,8.764883
Bandhan Small Cap Fund,Aptus Value Housing Finance India Ltd,0.61,,Financial Services,,
Invesco India Flexi Cap Fund,Bansal Wire Industries Ltd,0.6,,Basic Materials,,
Kotak Large Cap Fund,Oberoi Realty Ltd,0.6,,Real Estate,24.57135,3.6052597
Shriram Flexi Cap Fund,Power Mech Projects Ltd,0.6,,Industrials,22.72822,3.2848563
Invesco India Largecap Fund,Aditya Infotech Ltd,0.6,,Industrials,,
HDFC Flexi Cap Fund,Anthem Biosciences Ltd,0.6,,Healthcare,83.34985,15.526631
Edelweiss Flexi Cap Fund,ICICI Prudential Asset Management Co Ltd,0.6,,Financial Services,,
Tata Flexi Cap Fund,Hindustan Aeronautics Ltd Ordinary Shares,0.6,,Industrials,,
HSBC Flexi Cap Fund,Divi's Laboratories Ltd,0.6,,Healthcare,85.46783,13.0643635
Invesco India Flexi Cap Fund,Safari Industries (India) Ltd,0.6,,Consumer Cyclical,44.051006,6.528887
Edelweiss Small Cap Fund,Aditya Birla Real Estate Ltd,0.6,,Real Estate,,
WhiteOak Capital Flexi Cap Fund,Coforge Ltd,0.6,,Technology,,
TRUSTMF Flexi Cap Fund,GE Vernova T&D India Ltd,0.6,,Industrials,84.030495,40.910908
Mirae Asset Flexi Cap Fund,Havells India Ltd,0.6,,Industrials,54.349113,9.294542
PGIM India Flexi Cap Fund,Sai Life Sciences Ltd,0.6,,Healthcare,,
Bandhan Small Cap Fund,AWL Agri Business Ltd,0.6,,Consumer Defensive,,
Bandhan Small Cap Fund,Kirloskar Oil Engines Ltd,0.6,,Industrials,55.561123,8.686619
Bandhan Small Cap Fund,Nitin Spinners Ltd,0.6,,Consumer Cyclical,19.422882,2.3619754
Shriram Flexi Cap Fund,Bharat Petroleum Corp Ltd,0.6,,Energy,,
HSBC Flexi Cap Fund,Bharat Electronics Ltd,0.6,,Industrials,47.852028,12.219276
Canara Robeco Large Cap Fund,Mankind Pharma Ltd,0.6,,Healthcare,,
Bank of India Small Cap Fund,Hindustan Copper Ltd,0.6,,Basic Materials,56.491043,15.52563
Quant Small Cap Fund,Alivus Life Sciences Ltd,0.6,,Healthcare,27.100061,4.9066854
WhiteOak Capital Large Cap Fund,Aadhar Housing Finance Ltd,0.6,,Financial Services,,
ITI Mid Cap Fund,Steel Authority Of India Ltd,0.6,,Basic Materials,28.473343,1.2537969
Union Midcap Fund,Persistent Systems Ltd,0.6,,Technology,44.642857,10.92834
Sundaram Mid Cap Fund,Fractal Analytics Ltd,0.6,,Technology,,
Sundaram Mid Cap Fund,Swiggy Ltd,0.6,,Consumer Cyclical,,
DSP Small Cap Fund,Sharda Cropchem Ltd,0.6,,Basic Materials,11.84762,2.3415992
AXIS Midcap Fund,Lenskart Solutions Ltd,0.6,,Healthcare,195.7732,11.320417
DSP Small Cap Fund,La Opala RG Ltd,0.6,,Consumer Cyclical,22.827131,2.5728629
HSBC Small Cap Fund,Devyani International Ltd,0.6,,Consumer Cyclical,131.89297,10.77409
Nippon India Growth Mid Cap Fund,Blue Star Ltd,0.6,,Industrials,62.967583,10.043221
LIC MF Small Cap Fund,Metropolis Healthcare Ltd,0.6,,Healthcare,57.82341,7.7167597
WhiteOak Capital Mid Cap Fund,Five-Star Business Finance Ltd,0.6,,Financial Services,14.521263,2.171574
Mahindra Manulife Small Cap Fund,Ideaforge Technology Ltd,0.6,,Technology,,
Invesco India Smallcap Fund,Central Depository Services (India) Ltd,0.6,,Financial Services,,
WhiteOak Capital Mid Cap Fund,Aditya Infotech Ltd,0.6,,Industrials,,
Bank of India Small Cap Fund,Jash Engineering Ltd Ordinary Shares,0.6,,Industrials,,
Sundaram Mid Cap Fund,Indegene Ltd,0.59,,Healthcare,,
Tata Mid Cap Fund,3M India Ltd,0.59,,Industrials,77.51976,22.932638
PGIM India Midcap Fund,Aster DM Quality Care Ltd Ordinary Shares,0.59,,Healthcare,,
Invesco India Smallcap Fund,Phoenix Mills Ltd,0.59,,Real Estate,51.817932,6.168099
Invesco India Flexi Cap Fund,Cohance Lifesciences Ltd,0.59,,Healthcare,94.84043,4.368642
Mirae Asset Flexi Cap Fund,Steel Authority Of India Ltd,0.59,,Basic Materials,28.473343,1.2537969
UTI-Flexi Cap Fund,Jubilant Foodworks Ltd,0.59,,Consumer Cyclical,85.50088,13.959026
Union Midcap Fund,JK Cement Ltd,0.59,,Basic Materials,,
Edelweiss Small Cap Fund,Power Mech Projects Ltd,0.59,,Industrials,22.72822,3.2848563
Shriram Flexi Cap Fund,ICICI Prudential Asset Management Co Ltd,0.59,,Financial Services,,
ICICI Pru Large Cap Fund,Bharat Petroleum Corp Ltd,0.59,,Energy,,
ICICI Pru Large Cap Fund,Cash Margin - Derivatives,0.59,,,,
JM Flexicap Fund,Ola Electric Mobility Ltd,0.59,,Consumer Cyclical,,5.406081
Bank of India Large Cap Fund,Cemindia Projects Ltd,0.59,,Industrials,,
Union Midcap Fund,Vishal Mega Mart Ltd,0.59,,Consumer Cyclical,,
DSP Small Cap Fund,Sheela Foam Ltd,0.59,,Consumer Cyclical,,
HSBC Midcap Fund,Jindal Steel Ltd,0.59,,Basic Materials,,
Quant Small Cap Fund,Just Dial Ltd,0.59,,Communication Services,11.541061,1.1374859
PGIM India Midcap Fund,Sona BLW Precision Forgings Ltd,0.59,,Consumer Cyclical,,
JM Small Cap Fund,Sansera Engineering Ltd,0.59,,Consumer Cyclical,74.63396,7.787878
Helios Flexi Cap Fund,Saregama India Ltd,0.59,,Communication Services,52.16433,6.0157843
WhiteOak Capital Flexi Cap Fund,Billionbrains Garage Ventures Ltd,0.59,,Financial Services,,
PGIM India Large Cap Fund,Cholamandalam Investment and Finance Co Ltd,0.59,,Financial Services,,
HDFC Flexi Cap Fund,Apollo Hospitals Enterprise Ltd,0.59,,Healthcare,,
PGIM India Large Cap Fund,InterGlobe Aviation Ltd,0.59,,Industrials,23.408157,29.576513
Bandhan Flexi Cap Fund,Rainbow Childrens Medicare Ltd,0.59,,Healthcare,,
Kotak Large Cap Fund,LG Electronics India Ltd,0.59,,Technology,63.68928,14.048153
NJ Flexi Cap Fund,CRISIL Ltd,0.59,,Financial Services,38.169014,10.298539
Nippon India Growth Mid Cap Fund,Swiggy Ltd,0.59,,Consumer Cyclical,,
Taurus Mid Cap Fund,GlaxoSmithKline Pharmaceuticals Ltd,0.59,,Healthcare,,
Edelweiss Large Cap Fund,Steel Authority Of India Ltd,0.59,,Basic Materials,28.473343,1.2537969
Quant Mid Cap Fund,Lenskart Solutions Ltd,0.59,,Healthcare,195.7732,11.320417
Bank of India Flexi Cap Fund,Jash Engineering Ltd Ordinary Shares,0.59,,Industrials,,
WhiteOak Capital Mid Cap Fund,Coforge Ltd,0.59,,Technology,,
WhiteOak Capital Mid Cap Fund,Nippon Life India Asset Management Ltd Ordinary Shares,0.59,,Financial Services,,
WhiteOak Capital Flexi Cap Fund,Acutaas Chemicals Ltd,0.59,,Basic Materials,,
HDFC Flexi Cap Fund,Kalpataru Projects International Ltd,0.59,,Industrials,,
Bajaj Finserv Flexi Cap Fund,Schneider Electric Infrastructure Ltd,0.58,,Industrials,,
Bandhan Flexi Cap Fund,Ajanta Pharma Ltd,0.58,,Healthcare,43.00333,10.097092
JM Flexicap Fund,Shadowfax Technologies Ltd,0.58,,Industrials,,
Invesco India Midcap Fund,Bansal Wire Industries Ltd,0.58,,Basic Materials,,
Bandhan Midcap Fund,HealthCare Global Enterprises Ltd,0.58,,Healthcare,,
Edelweiss Mid Cap Fund,Craftsman Automation Ltd,0.58,,Consumer Cyclical,54.34704,7.6615663
HSBC Small Cap Fund,Tube Investments of India Ltd Ordinary Shares,0.58,,Industrials,,
HSBC Small Cap Fund,HDB Financial Services Ltd,0.58,,Financial Services,,
SBI Small Cap Fund,Sheela Foam Ltd,0.58,,Consumer Cyclical,,
UTI-Large Cap Fund,Dixon Technologies (India) Ltd,0.58,,Technology,,
Mirae Asset Large Cap Fund,InterGlobe Aviation Ltd,0.58,,Industrials,23.408157,29.576513
Tata Flexi Cap Fund,Asian Paints Ltd,0.58,,Basic Materials,67.65291,13.316042
Edelweiss Flexi Cap Fund,Persistent Systems Ltd,0.58,,Technology,44.642857,10.92834
PGIM India Midcap Fund,Acutaas Chemicals Ltd,0.58,,Basic Materials,,
Parag Parikh Flexi Cap Fund,Canara Bank,0.58,,,6.025114,1.016846
Kotak Large Cap Fund,Cnx Nifty-Jul2026,0.58,,,,
Franklin India Large Cap Fund,Oil & Natural Gas Corp Ltd,0.58,,Energy,,
Bandhan Midcap Fund,Ashok Leyland Ltd,0.58,,Industrials,30.033842,7.320795
Sundaram Mid Cap Fund,Info Edge (India) Ltd,0.58,,Communication Services,54.93524,2.101429
Bandhan Small Cap Fund,Strides Pharma Science Ltd,0.58,,Healthcare,,
HDFC Flexi Cap Fund,ACME Solar Holdings Ltd,0.58,,Utilities,38.03922,4.411149
JM Small Cap Fund,Kalpataru Projects International Ltd,0.58,,Industrials,,
Nippon India Flexi Cap Fund,IndusInd Bank Ltd,0.58,,Financial Services,60.223267,1.2141788
Nippon India Flexi Cap Fund,KFin Technologies Ltd,0.58,,Technology,,
Baroda BNP Paribas Large Cap Fund,Future on Shriram Finance Ltd,0.58,,,,
Taurus Flexi Cap Fund,Power Finance Corp Ltd,0.58,,Financial Services,5.31349,1.0419072
WhiteOak Capital Flexi Cap Fund,Tata Steel Ltd,0.58,,Basic Materials,34.495415,2.4665117
Edelweiss Large Cap Fund,Aptus Value Housing Finance India Ltd,0.58,,Financial Services,,
DSP Flexi Cap Fund,Schaeffler India Ltd,0.58,,Consumer Cyclical,,
Tata Small Cap Fund,Hikal Ltd,0.58,,Healthcare,283.8125,2.3444922
Mirae Asset Flexi Cap Fund,Kotak Mahindra Bank Ltd,0.58,,Financial Services,19.154411,2.1446095
Bandhan Small Cap Fund,Piramal Pharma Ltd,0.58,,Healthcare,,
Bandhan Large Cap Fund,KFin Technologies Ltd,0.58,,Technology,,
Kotak Midcap Fund,Apollo Hospitals Enterprise Ltd,0.58,,Healthcare,,
Tata Small Cap Fund,Transport Corp of India Ltd,0.58,,Industrials,,
Union Small Cap Fund,Techno Electric & Engineering Co Ltd,0.58,,Industrials,,
HSBC Flexi Cap Fund,Polycab India Ltd,0.57,,Industrials,,
Bandhan Midcap Fund,Neuland Laboratories Ltd,0.57,,Healthcare,75.7588,15.6353445
Quant Small Cap Fund,IRB Infrastructure Developers Ltd,0.57,,Industrials,,
Bandhan Flexi Cap Fund,Dalmia Bharat Ltd,0.57,,Basic Materials,,
Aditya Birla SL Flexi Cap Fund,Metropolis Healthcare Ltd,0.57,,Healthcare,57.82341,7.7167597
SBI Small Cap Fund,Archean Chemical Industries Ltd,0.57,,Basic Materials,,
Kotak Large Cap Fund,V-Guard Industries Ltd,0.57,,Industrials,38.480095,5.8717422
Shriram Flexi Cap Fund,Tips Music Ltd,0.57,,Communication Services,,
HSBC Flexi Cap Fund,Gokaldas Exports Ltd,0.57,,Consumer Cyclical,60.60948,2.730805
Baroda BNP Paribas Large Cap Fund,PB Fintech Ltd,0.57,,Financial Services,,
Nippon India Flexi Cap Fund,Whirlpool of India Ltd,0.57,,Consumer Cyclical,41.151318,2.4800913
WhiteOak Capital Flexi Cap Fund,Neuland Laboratories Ltd,0.57,,Healthcare,75.7588,15.6353445
WhiteOak Capital Flexi Cap Fund,CARE Ratings Ltd,0.57,,Financial Services,,
DSP Midcap Fund,Lenskart Solutions Ltd,0.57,,Healthcare,195.7732,11.320417
DSP Midcap Fund,Emami Ltd,0.57,,Consumer Defensive,24.025671,6.1474614
PGIM India Midcap Fund,Bharat Electronics Ltd,0.57,,Industrials,47.852028,12.219276
Tata Mid Cap Fund,Cash / Net Current Asset,0.57,,,,
Bandhan Large Cap Fund,Tata Motors Passenger Vehicles Ltd,0.57,,Consumer Cyclical,,
Bandhan Small Cap Fund,HDFC Bank Ltd,0.57,,Financial Services,16.051823,1.856211
Edelweiss Flexi Cap Fund,Tech Mahindra Ltd,0.57,,Technology,31.637583,5.315708
Edelweiss Flexi Cap Fund,Thermax Ltd,0.57,,Industrials,77.06719,8.242397
Bandhan Small Cap Fund,Godawari Power & Ispat Ltd,0.57,,Basic Materials,19.164679,2.5475888
Motilal Oswal Small Cap Fund,Sagility Ltd,0.57,,Healthcare,,
Tata Small Cap Fund,MM Forgings Ltd,0.57,,Industrials,30.762835,3.1145723
Mirae Asset Midcap Fund,Schaeffler India Ltd,0.57,,Consumer Cyclical,,
Motilal Oswal Midcap Fund,PhysicsWallah Ltd,0.57,,Consumer Defensive,,
Baroda BNP Paribas Large Cap Fund,Tbill,0.57,,,,
Aditya Birla SL Large Cap Fund,Hindustan Aeronautics Ltd Ordinary Shares,0.57,,Industrials,,
Navi Flexi Cap Fund,HDFC Asset Management Co Ltd,0.57,,Financial Services,,
Invesco India Largecap Fund,Dixon Technologies (India) Ltd,0.57,,Technology,,
Motilal Oswal Small Cap Fund,Rossari Biotech Ltd Ordinary Shares,0.57,,Basic Materials,,
Mirae Asset Flexi Cap Fund,Jindal Steel Ltd,0.57,,Basic Materials,,
ITI Large Cap Fund,Siemens Energy India Ltd,0.57,,Utilities,99.01765,29.658049
UTI-Large Cap Fund,Hyundai Motor India Ltd,0.57,,Consumer Cyclical,36.36589,8.935097
Invesco India Flexi Cap Fund,Ethos Ltd,0.57,,Consumer Cyclical,,
JM Small Cap Fund,The Shipping Corp of India Ltd,0.57,,Industrials,,
Edelweiss Flexi Cap Fund,Cholamandalam Investment and Finance Co Ltd,0.57,,Financial Services,,
Tata Flexi Cap Fund,Page Industries Ltd,0.57,,Consumer Cyclical,58.260082,29.617994
UTI-Flexi Cap Fund,Metro Brands Ltd,0.57,,Consumer Cyclical,,
Invesco India Flexi Cap Fund,Fractal Analytics Ltd,0.56,,Technology,,
Edelweiss Flexi Cap Fund,Elecon Engineering Co Ltd,0.56,,Industrials,,
DSP Flexi Cap Fund,JK Cement Ltd,0.56,,Basic Materials,,
Union Small Cap Fund,Prudent Corporate Advisory Services Ltd,0.56,,Financial Services,,
Bank of India Flexi Cap Fund,HDFC Bank Limited,0.56,,,16.051823,1.856211
PGIM India Midcap Fund,State Bank of India,0.56,,Financial Services,12.03334,1.698928
Canara Robeco Small Cap Fund,Awfis Space Solutions Ltd,0.56,,Industrials,27.384071,3.5174153
WhiteOak Capital Flexi Cap Fund,JSW Cement Ltd,0.56,,Basic Materials,,
DSP Midcap Fund,Godrej Properties Ltd,0.56,,Real Estate,38.909775,3.254932
Edelweiss Large Cap Fund,Oil & Natural Gas Corp Ltd,0.56,,Energy,,
DSP Small Cap Fund,Happy Forgings Ltd,0.56,,Industrials,,
JM Small Cap Fund,Newgen Software Technologies Ltd,0.56,,Technology,,
JM Small Cap Fund,Optiemus Infracom Ltd,0.56,,Technology,78.72549,6.4189377
Nippon India Flexi Cap Fund,Siemens Ltd,0.56,,Industrials,83.33545,10.1382265
Edelweiss Mid Cap Fund,Laurus Labs Ltd,0.56,,Healthcare,,
SBI Midcap Fund,India Cements Ltd,0.56,,Basic Materials,131.77153,1.2180974
Helios Flexi Cap Fund,Travel Food Services Ltd,0.56,,Consumer Cyclical,40.0056,13.0443125
HSBC Small Cap Fund,E I D Parry India Ltd,0.56,,Basic Materials,,
Bank of India Small Cap Fund,Kotak Mahindra Bank Limited (Formerly Kotak Mahindra Finance Limited),0.56,,,,
Bandhan Midcap Fund,TD Power Systems Ltd,0.56,,Industrials,82.627785,18.378323
Bank of India Large Cap Fund,TVS Srichakra Ltd,0.56,,Consumer Cyclical,42.735516,2.5626037
UTI-Large Cap Fund,Bharat Petroleum Corp Ltd,0.56,,Energy,,
LIC MF Midcap Fund,Azad Engineering Ltd,0.56,,Industrials,,
ITI Mid Cap Fund,Jyoti CNC Automation Ltd,0.56,,Industrials,53.208954,8.917973
Bank of India Small Cap Fund,Zaggle Prepaid Ocean Services Ltd,0.56,,Technology,,
HSBC Small Cap Fund,Paras Defence And Space Technologies Ltd,0.56,,Industrials,,
Bandhan Midcap Fund,Astral Ltd,0.56,,Industrials,,
JM Midcap Fund,Delhivery Ltd,0.56,,Industrials,,
HDFC Flexi Cap Fund,JSW Infrastructure Ltd,0.56,,Industrials,46.310345,6.4361844
SBI Small Cap Fund,Net Receivable / Payable,0.56,,,,
Navi Flexi Cap Fund,Ashok Leyland Ltd,0.56,,Industrials,30.033842,7.320795
Nippon India Growth Mid Cap Fund,Union Bank of India,0.56,,Financial Services,6.789941,1.0045413
JM Flexicap Fund,Hindustan Petroleum Corp Ltd,0.56,,Energy,,
WhiteOak Capital Large Cap Fund,Coforge Ltd,0.55,,Technology,,
Edelweiss Flexi Cap Fund,Bikaji Foods International Ltd,0.55,,Consumer Defensive,,
Mirae Asset Midcap Fund,HDFC Asset Management Co Ltd,0.55,,Financial Services,,
Bandhan Small Cap Fund,Inox Wind Ltd,0.55,,Industrials,,
WhiteOak Capital Mid Cap Fund,Navin Fluorine International Ltd,0.55,,Basic Materials,,
Edelweiss Flexi Cap Fund,Navin Fluorine International Ltd,0.55,,Basic Materials,,
WhiteOak Capital Flexi Cap Fund,Vertis Infrastructure Trust Unit,0.55,,Real Estate,,
Aditya Birla SL Flexi Cap Fund,CreditAccess Grameen Ltd Ordinary Shares,0.55,,Financial Services,,
Nippon India Growth Mid Cap Fund,LG Electronics India Ltd,0.55,,Technology,63.68928,14.048153
WhiteOak Capital Flexi Cap Fund,Leela Palaces Hotels and Resorts Ltd,0.55,,Consumer Cyclical,,
Bandhan Flexi Cap Fund,Petronet LNG Ltd,0.55,,Energy,10.671012,1.8728886
Bandhan Flexi Cap Fund,Dr Reddy's Laboratories Ltd,0.55,,Healthcare,,
Bandhan Midcap Fund,3M India Ltd,0.55,,Industrials,77.51976,22.932638
Union Flexi Cap Fund,Acutaas Chemicals Ltd,0.55,,Basic Materials,,
Helios Flexi Cap Fund,Swiggy Ltd,0.55,,Consumer Cyclical,,
Bandhan Midcap Fund,Meesho Ltd,0.55,,Consumer Cyclical,,
Taurus Flexi Cap Fund,Biocon Ltd,0.55,,Healthcare,125.0,2.0462842
WhiteOak Capital Flexi Cap Fund,Max Healthcare Institute Ltd Ordinary Shares,0.55,,Healthcare,,
Edelweiss Mid Cap Fund,Triveni Turbine Ltd,0.55,,Industrials,57.806538,13.972252
Bandhan Flexi Cap Fund,JK Lakshmi Cement Ltd,0.55,,Basic Materials,18.972464,1.8051522
Nippon India Flexi Cap Fund,AU Small Finance Bank Ltd,0.55,,Financial Services,28.249933,3.9927256
UTI-Flexi Cap Fund,Clean Science and Technology Ltd,0.55,,Basic Materials,,
Edelweiss Mid Cap Fund,Bharti Hexacom Ltd,0.55,,Communication Services,,
Sundaram Mid Cap Fund,Devyani International Ltd,0.55,,Consumer Cyclical,131.89297,10.77409
Mahindra Manulife Small Cap Fund,KFin Technologies Ltd,0.55,,Technology,,
AXIS Midcap Fund,3M India Ltd,0.55,,Industrials,77.51976,22.932638
Aditya Birla SL Large Cap Fund,Emami Ltd,0.55,,Consumer Defensive,24.025671,6.1474614
Nippon India Flexi Cap Fund,One97 Communications Ltd,0.55,,Technology,,
Shriram Flexi Cap Fund,Swiggy Ltd,0.55,,Consumer Cyclical,,
Nippon India Flexi Cap Fund,Coal India Ltd,0.55,,Energy,8.216264,2.1484375
Edelweiss Small Cap Fund,Cera Sanitaryware Ltd,0.55,,Industrials,40.0,5.310254
DSP Small Cap Fund,Manappuram Finance Ltd,0.55,,Financial Services,30.949366,2.1463308
Canara Robeco Large Cap Fund,Info Edge (India) Ltd,0.55,,Communication Services,54.93524,2.101429
UTI-Mid Cap Fund,PNC Infratech Ltd,0.55,,Industrials,6.9210367,0.8456543
Parag Parikh Flexi Cap Fund,Export-Import Bank of India,0.55,,,,
UTI-Large Cap Fund,Metro Brands Ltd,0.55,,Consumer Cyclical,,
Mahindra Manulife Flexi Cap Fund,Schaeffler India Ltd,0.54,,Consumer Cyclical,,
Invesco India Smallcap Fund,Mrs Bectors Food Specialities Ltd Ordinary Shares,0.54,,Consumer Defensive,,
Mahindra Manulife Small Cap Fund,Krishna Institute of Medical Sciences Ltd,0.54,,Healthcare,,
HSBC Small Cap Fund,Sagility Ltd,0.54,,Healthcare,,
Quant Flexi Cap Fund,Aditya Birla Lifestyle Brands Ltd,0.54,,Consumer Cyclical,,
HSBC Small Cap Fund,Sharda Motor Industries Ltd,0.54,,Consumer Cyclical,16.02671,4.1187916
HSBC Small Cap Fund,Carborundum Universal Ltd,0.54,,Industrials,106.40155,5.35846
Invesco India Largecap Fund,Jyoti CNC Automation Ltd,0.54,,Industrials,53.208954,8.917973
Union Largecap Fund,Adani Enterprises Ltd,0.54,,Energy,52.359394,4.8032765
Sundaram Large Cap Fund,Maruti Suzuki India Ltd,0.54,,Consumer Cyclical,30.770073,4.1185155
Aditya Birla SL Large Cap Fund,Vedanta Aluminium Metal Ltd,0.54,,Basic Materials,,
PGIM India Large Cap Fund,Tata Capital Ltd,0.54,,Financial Services,,
Kotak Large Cap Fund,Anthem Biosciences Ltd,0.54,,Healthcare,83.34985,15.526631
Kotak Large Cap Fund,Persistent Systems Ltd,0.54,,Technology,44.642857,10.92834
ITI Flexi Cap Fund,Bajaj Holdings and Investment Ltd,0.54,,Financial Services,,
SBI Small Cap Fund,Chemplast Sanmar Ltd,0.54,,Basic Materials,,
JM Midcap Fund,Jubilant Foodworks Ltd,0.54,,Consumer Cyclical,85.50088,13.959026
Navi Flexi Cap Fund,Senco Gold Ltd,0.54,,Consumer Cyclical,,
ICICI Pru Large Cap Fund,Eternal Ltd,0.54,,Consumer Cyclical,,
Canara Robeco Large Cap Fund,UNO Minda Ltd,0.54,,Consumer Cyclical,,
Nippon India Flexi Cap Fund,Apollo Hospitals Enterprise Ltd,0.54,,Healthcare,,
Bandhan Flexi Cap Fund,Mahindra & Mahindra Ltd,0.54,,Consumer Cyclical,21.322454,4.203955
HDFC Mid Cap Fund,Gujarat Fluorochemicals Ltd Ordinary Shares,0.54,,Basic Materials,,
WhiteOak Capital Flexi Cap Fund,NTPC Ltd,0.54,,Utilities,10.470804,1.635282
Invesco India Flexi Cap Fund,SBFC Finance Ltd,0.54,,Financial Services,,
Mirae Asset Midcap Fund,SKF India Ltd,0.54,,Industrials,28.49211,5.705648
Bandhan Midcap Fund,Tenneco Clean Air India Ltd,0.54,,Consumer Cyclical,,
PGIM India Flexi Cap Fund,Maruti Suzuki India Ltd,0.54,,Consumer Cyclical,30.770073,4.1185155
Aditya Birla SL Large Cap Fund,Sanofi Consumer Healthcare India Ltd,0.54,,Healthcare,,
Quantum Small Cap Fund,Cyient Ltd,0.54,,Industrials,,
ITI Large Cap Fund,ABB India Ltd,0.54,,Industrials,39.10034,14.718281
Bank of India Flexi Cap Fund,Vedanta Ltd,0.54,,Basic Materials,,
Invesco India Smallcap Fund,EIH Ltd,0.54,,Consumer Cyclical,28.852306,4.0741234
AXIS Midcap Fund,Cholamandalam Investment and Finance Co Ltd,0.54,,Financial Services,,
AXIS Midcap Fund,Cholamandalam Financial Holdings Ltd,0.54,,Financial Services,,
Motilal Oswal Small Cap Fund,Jain Resource Recycling Ltd,0.54,,Basic Materials,,
HSBC Midcap Fund,NTPC Green Energy Ltd,0.53,,Utilities,,
Bandhan Large Cap Fund,Canara HSBC Life Insurance Co Ltd,0.53,,Financial Services,,
Edelweiss Flexi Cap Fund,PB Fintech Ltd,0.53,,Financial Services,,
HSBC Small Cap Fund,IDFC First Bank Ltd,0.53,,Financial Services,,
AXIS Flexi Cap Fund,Azad Engineering Ltd,0.53,,Industrials,,
Aditya Birla SL Large Cap Fund,DLF Ltd,0.53,,Real Estate,35.97323,3.5110068
Kotak Large Cap Fund,Mphasis Ltd,0.53,,Technology,24.812908,4.174768
JM Flexicap Fund,Honasa Consumer Ltd,0.53,,Consumer Defensive,,
AXIS Large Cap Fund,Tata Consultancy Services Ltd,0.53,,Technology,17.2117,8.097646
Nippon India Growth Mid Cap Fund,Colgate-Palmolive (India) Ltd,0.53,,Consumer Defensive,41.325695,34.725204
Nippon India Flexi Cap Fund,Mphasis Ltd,0.53,,Technology,24.812908,4.174768
JM Flexicap Fund,Redington Ltd,0.53,,Technology,,
Canara Robeco Small Cap Fund,Ahluwalia Contracts (India) Ltd,0.53,,Industrials,,
Quant Small Cap Fund,NBCC India Ltd,0.53,,Industrials,,
Quant Small Cap Fund,EPL Ltd Ordinary Shares,0.53,,Consumer Cyclical,,
Union Small Cap Fund,KSH International Ltd,0.53,,Industrials,,
Edelweiss Mid Cap Fund,Coromandel International Ltd,0.53,,Basic Materials,33.319637,4.850019
Invesco India Midcap Fund,Carborundum Universal Ltd,0.53,,Industrials,106.40155,5.35846
Canara Robeco Large Cap Fund,Tata Power Co Ltd,0.53,,Utilities,31.554724,3.080304
Tata Small Cap Fund,Vardhman Special Steels Ltd,0.53,,Basic Materials,22.278646,2.7119772
Shriram Flexi Cap Fund,FIEM Industries Ltd,0.53,,Consumer Cyclical,29.93334,6.2906713
Bandhan Flexi Cap Fund,Avenue Supermarts Ltd,0.53,,Consumer Defensive,,
Edelweiss Small Cap Fund,JK Lakshmi Cement Ltd,0.53,,Basic Materials,18.972464,1.8051522
Invesco India Smallcap Fund,Zensar Technologies Ltd,0.53,,Technology,14.837942,2.3970907
WhiteOak Capital Flexi Cap Fund,Net Receivables / (Payables),0.53,,,,
Mirae Asset Midcap Fund,Lodha Developers Ltd,0.53,,Real Estate,,
Bajaj Finserv Flexi Cap Fund,KSB Ltd,0.53,,Industrials,,
Bandhan Flexi Cap Fund,Syngene International Ltd,0.53,,Healthcare,73.00181,3.352851
HSBC Small Cap Fund,UNO Minda Ltd,0.53,,Consumer Cyclical,,
WhiteOak Capital Mid Cap Fund,Mankind Pharma Ltd,0.53,,Healthcare,,
PGIM India Flexi Cap Fund,Sedemac Mechatronics Ltd,0.53,,Consumer Cyclical,103.09611,27.419071
HDFC Flexi Cap Fund,Embassy Office Parks REIT,0.53,,Real Estate,,
HDFC Flexi Cap Fund,Havells India Ltd,0.53,,Industrials,54.349113,9.294542
WhiteOak Capital Mid Cap Fund,17/09/2026 Maturing 364 DTB,0.53,,,,
PGIM India Midcap Fund,City Union Bank Ltd,0.53,,Financial Services,14.732452,1.988053
Edelweiss Small Cap Fund,Zensar Technologies Ltd,0.52,,Technology,14.837942,2.3970907
Edelweiss Large Cap Fund,Tata Steel Ltd,0.52,,Basic Materials,34.495415,2.4665117
Bandhan Small Cap Fund,Pace Digitek Ltd,0.52,,Technology,,
Bandhan Small Cap Fund,Nazara Technologies Ltd,0.52,,Communication Services,14.968139,4.448976
Edelweiss Small Cap Fund,Metro Brands Ltd,0.52,,Consumer Cyclical,,
Edelweiss Large Cap Fund,Alkem Laboratories Ltd,0.52,,Healthcare,29.153913,4.8621597
WhiteOak Capital Large Cap Fund,FSN E-Commerce Ventures Ltd,0.52,,Consumer Cyclical,,
Edelweiss Large Cap Fund,HDFC Life Insurance Co Ltd,0.52,,Financial Services,,
Bandhan Small Cap Fund,Kotak Mahindra Bank Ltd,0.52,,Financial Services,19.154411,2.1446095
AXIS Flexi Cap Fund,Billionbrains Garage Ventures Ltd,0.52,,Financial Services,,
Edelweiss Large Cap Fund,NMDC Ltd,0.52,,Basic Materials,10.014152,2.1878703
Bandhan Flexi Cap Fund,Great Eastern Shipping Co Ltd,0.52,,Industrials,,
Nippon India Growth Mid Cap Fund,Prudent Corporate Advisory Services Ltd,0.52,,Financial Services,,
HSBC Small Cap Fund,Finolex Industries Ltd,0.52,,Industrials,16.525627,1.6340868
PGIM India Midcap Fund,360 One Wam Ltd Ordinary Shares,0.52,,Financial Services,,
Nippon India Growth Mid Cap Fund,Mphasis Ltd,0.52,,Technology,24.812908,4.174768
Aditya Birla SL Large Cap Fund,Adani Power Ltd,0.52,,Utilities,28.167116,6.2067533
AXIS Midcap Fund,Prestige Estates Projects Ltd,0.52,,Real Estate,59.86932,4.183585
PGIM India Midcap Fund,Premier Energies Ltd,0.52,,Technology,,
Bandhan Flexi Cap Fund,Grasim Industries Ltd,0.52,,Basic Materials,45.452057,2.1782508
PGIM India Large Cap Fund,Ashok Leyland Ltd,0.52,,Industrials,30.033842,7.320795
Tata Mid Cap Fund,SKF India (Industrial) Ltd,0.52,,Industrials,,
Bajaj Finserv Flexi Cap Fund,Nazara Technologies Ltd,0.52,,Communication Services,14.968139,4.448976
HDFC Mid Cap Fund,Supreme Industries Ltd,0.52,,Industrials,42.736526,7.087394
Parag Parikh Flexi Cap Fund,National Bank For Agriculture And Rural Development,0.52,,,,
Nippon India Large Cap Fund,Triparty Repo,0.52,,,,
HSBC Flexi Cap Fund,Hindustan Aeronautics Ltd Ordinary Shares,0.52,,Industrials,,
JM Flexicap Fund,Clean Science and Technology Ltd,0.52,,Basic Materials,,
ICICI Pru Large Cap Fund,Procter & Gamble Hygiene and Health Care Ltd,0.52,,Consumer Defensive,,
JM Small Cap Fund,Belrise Industries Ltd,0.52,,Consumer Cyclical,41.99831,4.0423107
Tata Large Cap Fund,ABB India Ltd,0.52,,Industrials,39.10034,14.718281
Nippon India Flexi Cap Fund,Cash Margin - Derivatives,0.52,,,,
Nippon India Large Cap Fund,SBI Cards and Payment Services Ltd Ordinary Shares,0.52,,Financial Services,,
PGIM India Flexi Cap Fund,360 One Wam Ltd Ordinary Shares,0.52,,Financial Services,,
DSP Flexi Cap Fund,Dixon Technologies (India) Ltd,0.52,,Technology,,
Invesco India Largecap Fund,NTPC Green Energy Ltd,0.52,,Utilities,,
UTI-Flexi Cap Fund,United Foodbrands Ltd,0.52,,Consumer Cyclical,,
Tata Small Cap Fund,Eveready Industries India Ltd,0.52,,Industrials,56.4897,5.4713883
Canara Robeco Small Cap Fund,DOMS Industries Ltd,0.52,,Industrials,,
Franklin India Mid Cap Fund,City Union Bank Ltd,0.52,,Financial Services,14.732452,1.988053
Union Small Cap Fund,Computer Age Management Services Ltd Ordinary Shares,0.52,,Technology,,
WhiteOak Capital Flexi Cap Fund,TD Power Systems Ltd,0.52,,Industrials,82.627785,18.378323
Union Small Cap Fund,Honasa Consumer Ltd,0.52,,Consumer Defensive,,
Union Small Cap Fund,CESC Ltd,0.52,,Utilities,13.964226,1.7352923
Sundaram Mid Cap Fund,Cash And Other Net Current Assets,0.52,,,,
PGIM India Flexi Cap Fund,Amagi Media Labs Ltd,0.52,,Technology,,
JM Large Cap Fund,Ccil,0.51,,,,
Canara Robeco Large Cap Fund,Asian Paints Ltd,0.51,,Basic Materials,67.65291,13.316042
Edelweiss Large Cap Fund,Hitachi Energy India Ltd Ordinary Shares,0.51,,Industrials,,
UTI-Large Cap Fund,Sun Pharmaceuticals Industries Ltd,0.51,,Healthcare,,
PGIM India Midcap Fund,Lupin Ltd,0.51,,Healthcare,25.007946,5.4900575
Edelweiss Large Cap Fund,ABB India Ltd,0.51,,Industrials,39.10034,14.718281
ITI Mid Cap Fund,ABB India Ltd,0.51,,Industrials,39.10034,14.718281
TRUSTMF Small Cap Fund,Net Receivables / (Payables),0.51,,,,
Edelweiss Large Cap Fund,Bharat Petroleum Corp Ltd,0.51,,Energy,,
PGIM India Flexi Cap Fund,Rubicon Research Ltd,0.51,,Healthcare,,
PGIM India Flexi Cap Fund,Ashok Leyland Ltd,0.51,,Industrials,30.033842,7.320795
Mahindra Manulife Flexi Cap Fund,K.P.R. Mill Ltd,0.51,,Consumer Cyclical,,
Shriram Flexi Cap Fund,Emami Ltd,0.51,,Consumer Defensive,24.025671,6.1474614
Mahindra Manulife Mid Cap Fund,Elecon Engineering Co Ltd,0.51,,Industrials,,
AXIS Large Cap Fund,Grasim Industries Limited July 2026 Future,0.51,,,,
AXIS Large Cap Fund,SRF Ltd,0.51,,Industrials,35.841557,5.5199285
Bandhan Small Cap Fund,P N Gadgil Jewellers Ltd,0.51,,Consumer Cyclical,19.569254,4.445343
Edelweiss Flexi Cap Fund,Solar Industries India Ltd,0.51,,Basic Materials,99.0099,26.524855
HSBC Large Cap Fund,Sterlite Technologies Ltd,0.51,,Technology,138.89131,13.750727
Edelweiss Small Cap Fund,Ramco Cements Ltd,0.51,,Basic Materials,,
Union Small Cap Fund,Aether Industries Ltd,0.51,,Basic Materials,,
Union Midcap Fund,Navin Fluorine International Ltd,0.51,,Basic Materials,,
ICICI Pru Large Cap Fund,Container Corporation of India Ltd,0.51,,Industrials,,
WhiteOak Capital Flexi Cap Fund,National Aluminium Co Ltd,0.51,,Basic Materials,11.390134,3.2384465
DSP Small Cap Fund,GHCL Ltd,0.51,,Basic Materials,8.192669,1.146084
Bandhan Large Cap Fund,Fortis Healthcare Ltd,0.51,,Healthcare,69.465454,7.287105
Quant Small Cap Fund,Apollo Tyres Ltd,0.51,,Consumer Cyclical,20.535303,1.6840942
Invesco India Flexi Cap Fund,RBL Bank Ltd,0.51,,Financial Services,,
JM Midcap Fund,Jyoti CNC Automation Ltd,0.51,,Industrials,53.208954,8.917973
Invesco India Flexi Cap Fund,Zensar Technologies Ltd,0.51,,Technology,14.837942,2.3970907
Invesco India Largecap Fund,Sai Life Sciences Ltd,0.51,,Healthcare,,
PGIM India Large Cap Fund,Power Grid Corp Of India Ltd,0.51,,Utilities,,
Franklin India Flexi Cap Fund,Intellect Design Arena Ltd,0.51,,Technology,,
Nippon India Growth Mid Cap Fund,Container Corporation of India Ltd,0.51,,Industrials,,
Bandhan Midcap Fund,Mankind Pharma Ltd,0.51,,Healthcare,,
HSBC Midcap Fund,JSW Steel Ltd,0.51,,Basic Materials,12.760185,3.15554
Union Midcap Fund,Aurobindo Pharma Ltd,0.51,,Healthcare,25.90625,2.5414207
Union Small Cap Fund,Nippon Life India Asset Management Ltd Ordinary Shares,0.51,,Financial Services,,
Union Small Cap Fund,Cholamandalam Financial Holdings Ltd,0.51,,Financial Services,,
Nippon India Growth Mid Cap Fund,Gujarat Energy Ltd,0.51,,Utilities,,
Bandhan Flexi Cap Fund,KEC International Ltd,0.51,,Industrials,21.054482,2.0709355
Bandhan Flexi Cap Fund,United Spirits Ltd,0.51,,Consumer Defensive,63.68353,11.682224
Aditya Birla SL Large Cap Fund,Bharat Petroleum Corp Ltd,0.51,,Energy,,
Bandhan Small Cap Fund,SIS Ltd Ordinary Shares,0.51,,Industrials,,
Mirae Asset Large Cap Fund,Gujarat Fluorochemicals Ltd Ordinary Shares,0.51,,Basic Materials,,
WhiteOak Capital Flexi Cap Fund,Bajaj Finance Ltd,0.5,,Financial Services,,
HDFC Large Cap Fund,6.68% Govt Stock 2040,0.5,,,,
HSBC Small Cap Fund,Avalon Technologies Ltd,0.5,,Technology,116.28995,18.191496
WhiteOak Capital Flexi Cap Fund,Dynamatic Technologies Ltd,0.5,,Consumer Cyclical,238.094,9.645585
Kotak Midcap Fund,Net Current Assets/(Liabilities),0.5,,,,
WhiteOak Capital Mid Cap Fund,One97 Communications Ltd,0.5,,Technology,,
WhiteOak Capital Flexi Cap Fund,Dr. Lal PathLabs Ltd,0.5,,Healthcare,,
WhiteOak Capital Flexi Cap Fund,Power Grid Corp Of India Ltd,0.5,,Utilities,,
WhiteOak Capital Flexi Cap Fund,City Union Bank Ltd,0.5,,Financial Services,14.732452,1.988053
Nippon India Large Cap Fund,Hyundai Motor India Ltd,0.5,,Consumer Cyclical,36.36589,8.935097
Aditya Birla SL Flexi Cap Fund,Ajanta Pharma Ltd,0.5,,Healthcare,43.00333,10.097092
HDFC Flexi Cap Fund,Craftsman Automation Ltd,0.5,,Consumer Cyclical,54.34704,7.6615663
JM Flexicap Fund,Power Finance Corp Ltd,0.5,,Financial Services,5.31349,1.0419072
WhiteOak Capital Flexi Cap Fund,Infosys Limited,0.5,,,15.266987,5.1902313
Nippon India Large Cap Fund,United Spirits Ltd,0.5,,Consumer Defensive,63.68353,11.682224
WhiteOak Capital Flexi Cap Fund,TBO Tek Ltd,0.5,,Consumer Cyclical,,
Edelweiss Small Cap Fund,Garware Technical Fibres Ltd,0.5,,Consumer Cyclical,,
WhiteOak Capital Mid Cap Fund,NMDC Ltd,0.5,,Basic Materials,10.014152,2.1878703
TRUSTMF Flexi Cap Fund,Trent Ltd,0.5,,Consumer Cyclical,96.15015,22.879957
Aditya Birla SL Flexi Cap Fund,Sobha Ltd,0.5,,Real Estate,,
Bank of India Flexi Cap Fund,SBI Life Insurance Co Ltd,0.5,,Financial Services,71.42033,9.250212
HSBC Small Cap Fund,Alkyl Amines Chemicals Ltd,0.5,,Basic Materials,53.84582,6.914713
PGIM India Midcap Fund,Bharat Heavy Electricals Ltd,0.5,,Industrials,58.142857,5.4202347
HDFC Flexi Cap Fund,Nuvoco Vista Corp Ltd,0.5,,Basic Materials,32.018517,1.207436
WhiteOak Capital Mid Cap Fund,Leela Palaces Hotels and Resorts Ltd,0.5,,Consumer Cyclical,,
Helios Flexi Cap Fund,Computer Age Management Services Ltd Ordinary Shares,0.5,,Technology,,
Sundaram Large Cap Fund,Bharat Petroleum Corp Ltd,0.5,,Energy,,
JM Small Cap Fund,PG Electroplast Ltd,0.5,,Technology,90.87176,5.911051
Union Flexi Cap Fund,Adani Enterprises Ltd,0.5,,Energy,52.359394,4.8032765
JM Small Cap Fund,M & B Engineering Ltd,0.5,,Industrials,,
JM Small Cap Fund,JSW Cement Ltd,0.5,,Basic Materials,,
Union Flexi Cap Fund,Data Patterns (India) Ltd,0.5,,Industrials,91.74241,14.127508
Motilal Oswal Large Cap Fund,Net Receivables / (Payables),0.5,,,,
Edelweiss Large Cap Fund,Polycab India Ltd,0.5,,Industrials,,
Edelweiss Large Cap Fund,Abbott India Ltd,0.5,,Healthcare,39.10034,14.718281
Bandhan Flexi Cap Fund,MAS Financial Services Ltd Ordinary Shares,0.5,,Financial Services,,
Bandhan Large Cap Fund,Triparty Repo Trp_010726,0.5,,,,
Mirae Asset Midcap Fund,Polycab India Ltd,0.5,,Industrials,,
Edelweiss Flexi Cap Fund,HCL Technologies Ltd,0.5,,Technology,21.097977,4.9742002
Parag Parikh Flexi Cap Fund,E I D Parry India Ltd,0.5,,Basic Materials,,
Edelweiss Flexi Cap Fund,Oil India Ltd,0.5,,Energy,10.88228,1.2416646
UTI-Mid Cap Fund,Sai Life Sciences Ltd,0.5,,Healthcare,,
UTI-Mid Cap Fund,Dalmia Bharat Ltd,0.5,,Basic Materials,,
ITI Mid Cap Fund,Tata Motors Passenger Vehicles Ltd,0.5,,Consumer Cyclical,,
Edelweiss Large Cap Fund,Cholamandalam Investment and Finance Co Ltd,0.5,,Financial Services,,
Parag Parikh Flexi Cap Fund,Axis Bank Limited,0.5,,,13.927326,1.7253225
Union Largecap Fund,Adani Energy Solutions Ltd,0.5,,Utilities,,
Edelweiss Flexi Cap Fund,PNB Housing Finance Ltd,0.5,,Financial Services,,
Edelweiss Flexi Cap Fund,JSW Energy Ltd,0.5,,Utilities,44.45055,3.234078
Canara Robeco Small Cap Fund,National Aluminium Co Ltd,0.49,,Basic Materials,11.390134,3.2384465
Aditya Birla SL Flexi Cap Fund,Havells India Ltd,0.49,,Industrials,54.349113,9.294542
Aditya Birla SL Flexi Cap Fund,Margin (Future And Options),0.49,,,,
Union Small Cap Fund,INOX India Ltd,0.49,,Industrials,,
DSP Midcap Fund,HDB Financial Services Ltd,0.49,,Financial Services,,
WhiteOak Capital Flexi Cap Fund,The South Indian Bank Ltd,0.49,,Financial Services,8.189236,1.0470821
JM Flexicap Fund,Exide Industries Ltd,0.49,,Consumer Cyclical,44.626595,2.9953663
WhiteOak Capital Flexi Cap Fund,Kirloskar Oil Engines Ltd,0.49,,Industrials,55.561123,8.686619
Mirae Asset Large Cap Fund,Swiggy Ltd,0.49,,Consumer Cyclical,,
JM Flexicap Fund,Sun Pharmaceuticals Industries Ltd,0.49,,Healthcare,,
PGIM India Midcap Fund,Shriram Finance Ltd,0.49,,Financial Services,,
Nippon India Growth Mid Cap Fund,MTAR Technologies Ltd,0.49,,Industrials,,
Nippon India Growth Mid Cap Fund,Coromandel International Ltd,0.49,,Basic Materials,33.319637,4.850019
Nippon India Flexi Cap Fund,Angel One Ltd Ordinary Shares,0.49,,Financial Services,,
JM Flexicap Fund,Coromandel International Ltd,0.49,,Basic Materials,33.319637,4.850019
Nippon India Growth Mid Cap Fund,Hindustan Aeronautics Ltd Ordinary Shares,0.49,,Industrials,,
ITI Small Cap Fund,Shakti Pumps (India) Ltd,0.49,,Industrials,30.11662,3.7369044
Nippon India Growth Mid Cap Fund,Gujarat Fluorochemicals Ltd Ordinary Shares,0.49,,Basic Materials,,
Nippon India Large Cap Fund,Gillette India Ltd,0.49,,Consumer Defensive,46.94794,26.453505
Mirae Asset Flexi Cap Fund,InterGlobe Aviation Ltd,0.49,,Industrials,23.408157,29.576513
AXIS Midcap Fund,ICICI Bank Ltd,0.49,,Financial Services,18.382923,2.6792262
Nippon India Large Cap Fund,Hindustan Aeronautics Ltd Ordinary Shares,0.49,,Industrials,,
Nippon India Large Cap Fund,United Breweries Ltd,0.49,,Consumer Defensive,93.477974,8.186209
Nippon India Large Cap Fund,Jubilant Foodworks Ltd,0.49,,Consumer Cyclical,85.50088,13.959026
AXIS Midcap Fund,ITC Hotels Ltd,0.49,,Consumer Cyclical,,
WhiteOak Capital Large Cap Fund,Net Receivables / (Payables),0.49,,,,
DSP Small Cap Fund,Borosil Ltd Ordinary Shares,0.49,,Consumer Cyclical,,
Franklin India Flexi Cap Fund,Jubilant Foodworks Ltd,0.49,,Consumer Cyclical,85.50088,13.959026
Mirae Asset Large Cap Fund,Avenue Supermarts Ltd,0.49,,Consumer Defensive,,
AXIS Midcap Fund,Oracle Financial Services Software Ltd,0.49,,Technology,,
Edelweiss Large Cap Fund,Dabur India Ltd,0.49,,Consumer Defensive,36.90369,6.36814
Edelweiss Large Cap Fund,TVS Motor Co Ltd,0.49,,Consumer Cyclical,61.730606,63.15901
Bajaj Finserv Flexi Cap Fund,Max Financial Services Limited July 2026 Future,0.49,,,,
PGIM India Flexi Cap Fund,Torrent Power Ltd,0.49,,Utilities,28.734314,3.5683436
UTI-Mid Cap Fund,Balkrishna Industries Ltd,0.49,,Consumer Cyclical,36.381264,4.568192
WhiteOak Capital Mid Cap Fund,Sai Life Sciences Ltd,0.49,,Healthcare,,
Mirae Asset Flexi Cap Fund,Cera Sanitaryware Ltd,0.49,,Industrials,40.0,5.310254
PGIM India Flexi Cap Fund,InterGlobe Aviation Ltd,0.49,,Industrials,23.408157,29.576513
DSP Flexi Cap Fund,Indigo Paints Ltd Ordinary Shares,0.49,,Basic Materials,,
HSBC Small Cap Fund,Piramal Finance Ltd,0.49,,Financial Services,,
Mirae Asset Flexi Cap Fund,Safari Industries (India) Ltd,0.49,,Consumer Cyclical,44.051006,6.528887
Union Small Cap Fund,Indian Bank,0.49,,Financial Services,9.372036,1.4279683
Bank of India Small Cap Fund,Ethos Ltd,0.49,,Consumer Cyclical,,
Mirae Asset Flexi Cap Fund,Pine Labs Ltd,0.49,,Technology,,
AXIS Midcap Fund,ZF Commercial Vehicle Control Systems India Ltd,0.49,,Consumer Cyclical,,
Edelweiss Large Cap Fund,Fortis Healthcare Ltd,0.49,,Healthcare,69.465454,7.287105
PGIM India Midcap Fund,Trent Ltd,0.49,,Consumer Cyclical,96.15015,22.879957
Edelweiss Small Cap Fund,Jamna Auto Industries Ltd,0.49,,Consumer Cyclical,25.13889,5.0300484
HDFC Flexi Cap Fund,Oil & Natural Gas Corp Ltd,0.49,,Energy,,
PGIM India Midcap Fund,Endurance Technologies Ltd,0.49,,Consumer Cyclical,,
HDFC Flexi Cap Fund,Prestige Estates Projects Ltd,0.49,,Real Estate,59.86932,4.183585
Union Flexi Cap Fund,Oil India Ltd,0.49,,Energy,10.88228,1.2416646
Union Flexi Cap Fund,Hindustan Unilever Ltd,0.49,,Consumer Defensive,46.515755,10.1043215
Union Flexi Cap Fund,Bharat Electronics Ltd,0.49,,Industrials,47.852028,12.219276
Edelweiss Flexi Cap Fund,Mazagon Dock Shipbuilders Ltd,0.49,,Industrials,,
Edelweiss Large Cap Fund,CG Power & Industrial Solutions Ltd,0.49,,Industrials,,
Edelweiss Small Cap Fund,Mold-tek Packaging Ltd,0.49,,Consumer Cyclical,29.941023,3.3014596
WhiteOak Capital Flexi Cap Fund,Indigo Paints Ltd Ordinary Shares,0.48,,Basic Materials,,
AXIS Large Cap Fund,Cummins India Ltd,0.48,,Industrials,63.69292,17.746988
WhiteOak Capital Flexi Cap Fund,Ajax Engineering Ltd,0.48,,Industrials,,
WhiteOak Capital Flexi Cap Fund,Power Finance Corp Ltd,0.48,,Financial Services,5.31349,1.0419072
Bandhan Flexi Cap Fund,Bayer CropScience Ltd,0.48,,Basic Materials,27.472542,6.330108
Nippon India Flexi Cap Fund,Info Edge (India) Ltd,0.48,,Communication Services,54.93524,2.101429
Invesco India Midcap Fund,Apar Industries Ltd,0.48,,Industrials,56.81733,12.386799
HSBC Flexi Cap Fund,Atlanta Electricals Ltd,0.48,,Industrials,54.953846,13.301447
WhiteOak Capital Mid Cap Fund,CARE Ratings Ltd,0.48,,Financial Services,,
UTI-Flexi Cap Fund,Eris Lifesciences Ltd Registered Shs,0.48,,Healthcare,,
PGIM India Flexi Cap Fund,Endurance Technologies Ltd,0.48,,Consumer Cyclical,,
HSBC Midcap Fund,TVS Motor Co Ltd,0.48,,Consumer Cyclical,61.730606,63.15901
HSBC Midcap Fund,National Aluminium Co Ltd,0.48,,Basic Materials,11.390134,3.2384465
HSBC Flexi Cap Fund,Vishal Mega Mart Ltd,0.48,,Consumer Cyclical,,
PGIM India Midcap Fund,PGIM India Liquid Dr Pl Gr,0.48,,,,
ITI Mid Cap Fund,Yes Bank Ltd,0.48,,Financial Services,19.07563,1.4123064
Edelweiss Flexi Cap Fund,Bharat Forge Ltd,0.48,,Consumer Cyclical,100.00883,11.304634
Bajaj Finserv Flexi Cap Fund,Vedanta Power Ltd,0.48,,Utilities,,
ICICI Pru Large Cap Fund,Info Edge (India) Ltd,0.48,,Communication Services,54.93524,2.101429
WhiteOak Capital Large Cap Fund,Varun Beverages Ltd,0.48,,Consumer Defensive,,
Bandhan Small Cap Fund,Sanathan Textiles Ltd,0.48,,Consumer Cyclical,,
WhiteOak Capital Large Cap Fund,Citius TransNet Investment Trust,0.48,,Financial Services,,
Mirae Asset Large Cap Fund,Jindal Steel Ltd,0.48,,Basic Materials,,
JM Small Cap Fund,Jyoti CNC Automation Ltd,0.48,,Industrials,53.208954,8.917973
HDFC Flexi Cap Fund,Lenskart Solutions Ltd,0.48,,Healthcare,195.7732,11.320417
SBI Large Cap Fund,Motherson Sumi Wiring India Ltd,0.48,,Consumer Cyclical,,
Mirae Asset Large Cap Fund,Billionbrains Garage Ventures Ltd,0.48,,Financial Services,,
AXIS Midcap Fund,Fine Organic Industries Ltd Ordinary Shares,0.48,,Basic Materials,,
HSBC Small Cap Fund,Carraro India Ltd,0.48,,Consumer Cyclical,21.883173,5.0548787
Edelweiss Small Cap Fund,Bharat Dynamics Ltd Ordinary Shares,0.48,,Industrials,,
JM Midcap Fund,Housing & Urban Development Corp Ltd,0.48,,Financial Services,,
JM Midcap Fund,Ola Electric Mobility Ltd,0.48,,Consumer Cyclical,,5.406081
HDFC Large Cap Fund,Tata Motors Passenger Vehicles Ltd,0.48,,Consumer Cyclical,,
HSBC Small Cap Fund,AU Small Finance Bank Ltd,0.48,,Financial Services,28.249933,3.9927256
Union Flexi Cap Fund,Jindal Steel Ltd,0.47,,Basic Materials,,
WhiteOak Capital Flexi Cap Fund,Tata Capital Ltd,0.47,,Financial Services,,
HDFC Mid Cap Fund,Arvind Ltd,0.47,,Consumer Cyclical,36.28562,3.82178
Edelweiss Small Cap Fund,Clean Science and Technology Ltd,0.47,,Basic Materials,,
Bank of India Flexi Cap Fund,Tata Steel Ltd,0.47,,Basic Materials,34.495415,2.4665117
HDFC Mid Cap Fund,KEC International Ltd,0.47,,Industrials,21.054482,2.0709355
PGIM India Flexi Cap Fund,ICICI Lombard General Insurance Co Ltd,0.47,,Financial Services,,
Kotak Large Cap Fund,Vishal Mega Mart Ltd,0.47,,Consumer Cyclical,,
JM Small Cap Fund,Greenpanel Industries Ltd Ordinary Shares,0.47,,Basic Materials,,
Quant Mid Cap Fund,Godrej Properties Ltd,0.47,,Real Estate,38.909775,3.254932
WhiteOak Capital Mid Cap Fund,TD Power Systems Ltd,0.47,,Industrials,82.627785,18.378323
Baroda BNP Paribas Mid Cap Fund,Inventurus Knowledge Solutions Ltd,0.47,,Healthcare,,
Union Flexi Cap Fund,Sun Pharmaceuticals Industries Ltd,0.47,,Healthcare,,
PGIM India Midcap Fund,Sundaram Finance Ltd,0.47,,Financial Services,22.8837,3.4346478
WhiteOak Capital Mid Cap Fund,Blue Star Limited,0.47,,,59.163734,9.071137
Edelweiss Mid Cap Fund,Bharat Dynamics Ltd Ordinary Shares,0.47,,Industrials,,
HSBC Flexi Cap Fund,Persistent Systems Ltd,0.47,,Technology,44.642857,10.92834
Edelweiss Small Cap Fund,Home First Finance Co India Ltd,0.47,,Financial Services,,
Edelweiss Small Cap Fund,Birlasoft Ltd,0.47,,Technology,,
Canara Robeco Large Cap Fund,HDFC Asset Management Co Ltd,0.47,,Financial Services,,
UTI-Large Cap Fund,SRF Ltd,0.47,,Industrials,35.841557,5.5199285
JM Flexicap Fund,Bosch Home Comfort India Ltd,0.47,,Consumer Cyclical,,
Bandhan Small Cap Fund,Manappuram Finance Ltd,0.47,,Financial Services,30.949366,2.1463308
Nippon India Large Cap Fund,Varun Beverages Ltd,0.47,,Consumer Defensive,,
TRUSTMF Small Cap Fund,Pricol Ltd,0.47,,Consumer Cyclical,,
DSP Small Cap Fund,HLE Glascoat Ltd,0.47,,Industrials,,
Edelweiss Small Cap Fund,KFin Technologies Ltd,0.47,,Technology,,
Bandhan Small Cap Fund,Shilpa Medicare Ltd,0.47,,Healthcare,49.983555,5.7358236
Union Midcap Fund,CarTrade Tech Ltd,0.47,,Consumer Cyclical,,
DSP Large Cap Fund,Indus Towers Ltd Ordinary Shares,0.47,,Communication Services,,
Union Small Cap Fund,Syrma SGS Technology Ltd,0.47,,Technology,73.51393,9.521932
Parag Parikh Flexi Cap Fund,Net Receivables / (Payables),0.47,,,,
Aditya Birla SL Large Cap Fund,Bayer CropScience Ltd,0.47,,Basic Materials,27.472542,6.330108
Mirae Asset Flexi Cap Fund,Tata Motors Passenger Vehicles Ltd,0.47,,Consumer Cyclical,,
Sundaram Mid Cap Fund,Margin Money For Derivatives,0.47,,,,
Edelweiss Small Cap Fund,SPR Auto Technologies Ltd,0.46,,Consumer Cyclical,34.364388,6.672539
Edelweiss Flexi Cap Fund,Muthoot Finance Ltd,0.46,,Financial Services,10.19353,2.9614034
HSBC Flexi Cap Fund,Pearl Global Industries Ltd,0.46,,Consumer Cyclical,,
JM Small Cap Fund,CIE Automotive India Ltd,0.46,,Consumer Cyclical,17.364637,2.011259
Edelweiss Mid Cap Fund,FSN E-Commerce Ventures Ltd,0.46,,Consumer Cyclical,,
Aditya Birla SL Large Cap Fund,Ajanta Pharma Ltd,0.46,,Healthcare,43.00333,10.097092
SBI Large Cap Fund,Indus Towers Ltd Ordinary Shares,0.46,,Communication Services,,
UTI-Flexi Cap Fund,IndiaMART InterMESH Ltd,0.46,,Communication Services,21.552254,4.7546673
Franklin India Mid Cap Fund,Cummins India Ltd,0.46,,Industrials,63.69292,17.746988
Mirae Asset Large Cap Fund,Mphasis Ltd,0.46,,Technology,24.812908,4.174768
PGIM India Flexi Cap Fund,MTAR Technologies Ltd,0.46,,Industrials,,
Sundaram Mid Cap Fund,PI Industries Ltd,0.46,,Basic Materials,31.848026,3.7480412
Parag Parikh Flexi Cap Fund,Tbill,0.46,,,,
UTI-Mid Cap Fund,Bikaji Foods International Ltd,0.46,,Consumer Defensive,,
UTI-Large Cap Fund,Varun Beverages Ltd,0.46,,Consumer Defensive,,
Invesco India Flexi Cap Fund,Shyam Metalics and Energy Ltd,0.46,,Basic Materials,,
Navi Flexi Cap Fund,State Bank of India,0.46,,Financial Services,12.03334,1.698928
Parag Parikh Flexi Cap Fund,Kotak Mahindra Bank Limited (24/09/2026),0.46,,,,
HSBC Small Cap Fund,CreditAccess Grameen Ltd Ordinary Shares,0.46,,Financial Services,,
Edelweiss Large Cap Fund,Glenmark Pharmaceuticals Ltd,0.46,,Healthcare,35.97043,6.1400094
Aditya Birla SL Large Cap Fund,Bandhan Bank Ltd,0.46,,Financial Services,,
DSP Flexi Cap Fund,Havells India Ltd,0.46,,Industrials,54.349113,9.294542
Mahindra Manulife Flexi Cap Fund,Escorts Kubota Ltd,0.46,,Industrials,,
HSBC Flexi Cap Fund,DLF Ltd,0.46,,Real Estate,35.97323,3.5110068
Quant Small Cap Fund,Nitin Spinners Ltd,0.46,,Consumer Cyclical,19.422882,2.3619754
TRUSTMF Flexi Cap Fund,Kirloskar Oil Engines Ltd,0.46,,Industrials,55.561123,8.686619
Bandhan Small Cap Fund,Jubilant Ingrevia Ltd Ordinary Shares,0.46,,Basic Materials,,
Bandhan Small Cap Fund,Kirloskar Ferrous Industries Ltd,0.46,,Industrials,,
Bandhan Flexi Cap Fund,NMDC Ltd,0.46,,Basic Materials,10.014152,2.1878703
Mirae Asset Midcap Fund,Jyothy Labs Ltd,0.46,,Consumer Defensive,,
Bandhan Midcap Fund,SRF Ltd,0.46,,Industrials,35.841557,5.5199285
Quant Small Cap Fund,TVS Srichakra Ltd,0.46,,Consumer Cyclical,42.735516,2.5626037
Bandhan Large Cap Fund,Tube Investments of India Ltd Ordinary Shares,0.46,,Industrials,,
DSP Small Cap Fund,Ujjivan Small Finance Bank Ltd Ordinary Shares,0.46,,Financial Services,,
Franklin India Flexi Cap Fund,Lemon Tree Hotels Ltd,0.46,,Consumer Cyclical,38.54514,6.315281
Invesco India Smallcap Fund,Innova Captab Ltd,0.46,,Healthcare,,
DSP Small Cap Fund,Canara HSBC Life Insurance Co Ltd,0.46,,Financial Services,,
JM Flexicap Fund,Neogen Chemicals Ltd,0.46,,Basic Materials,,
Bank of India Flexi Cap Fund,National Bank for Agriculture and Rural Development,0.46,,,,
Nippon India Growth Mid Cap Fund,Timken India Ltd,0.46,,Industrials,60.607704,8.648188
Union Midcap Fund,Data Patterns (India) Ltd,0.46,,Industrials,91.74241,14.127508
Bandhan Small Cap Fund,Mastek Ltd,0.45,,Technology,13.679809,1.8369911
Nippon India Large Cap Fund,Colgate-Palmolive (India) Ltd,0.45,,Consumer Defensive,41.325695,34.725204
JM Small Cap Fund,Ccil,0.45,,,,
Bandhan Large Cap Fund,Torrent Pharmaceuticals Ltd,0.45,,Healthcare,78.29249,19.85032
JM Small Cap Fund,Ola Electric Mobility Ltd,0.45,,Consumer Cyclical,,5.406081
Bandhan Large Cap Fund,Sona BLW Precision Forgings Ltd,0.45,,Consumer Cyclical,,
PGIM India Large Cap Fund,GE Vernova T&D India Ltd,0.45,,Industrials,84.030495,40.910908
DSP Midcap Fund,Westlife Foodworld Ltd,0.45,,Consumer Cyclical,294.4802,14.863075
HSBC Small Cap Fund,Senores Pharmaceuticals Ltd,0.45,,Healthcare,,
UTI-Mid Cap Fund,JSW Energy Ltd,0.45,,Utilities,44.45055,3.234078
WhiteOak Capital Flexi Cap Fund,Computer Age Management Services Ltd Ordinary Shares,0.45,,Technology,,
Bandhan Small Cap Fund,E2E Networks Ltd Ordinary Shares,0.45,,Technology,,
Bandhan Small Cap Fund,Pennar Industries Ltd,0.45,,Industrials,15.535472,1.855407
Bank of India Small Cap Fund,Castrol India Ltd,0.45,,Energy,17.884436,9.958484
Tata Flexi Cap Fund,Metro Brands Ltd,0.45,,Consumer Cyclical,,
Mirae Asset Large Cap Fund,Crompton Greaves Consumer Electricals Ltd,0.45,,Consumer Cyclical,,
Edelweiss Large Cap Fund,Tata Power Co Ltd,0.45,,Utilities,31.554724,3.080304
Edelweiss Mid Cap Fund,Elecon Engineering Co Ltd,0.45,,Industrials,,
Bandhan Small Cap Fund,Epigral Ltd,0.45,,Basic Materials,,
Shriram Flexi Cap Fund,Max Financial Services Ltd,0.45,,Financial Services,,
PGIM India Large Cap Fund,Tata Steel Ltd,0.45,,Basic Materials,34.495415,2.4665117
DSP Flexi Cap Fund,Atul Ltd,0.45,,Basic Materials,25.062899,3.2053952
HDFC Flexi Cap Fund,Bank of Baroda,0.45,,Financial Services,7.138383,0.7690585
WhiteOak Capital Flexi Cap Fund,Fortis Healthcare Ltd,0.45,,Healthcare,69.465454,7.287105
ICICI Pru Large Cap Fund,Titan Co Ltd,0.45,,Consumer Cyclical,,
UTI-Mid Cap Fund,ICICI Lombard General Insurance Co Ltd,0.45,,Financial Services,,
Tata Mid Cap Fund,ETERNAL LTD^,0.45,,,,
WhiteOak Capital Flexi Cap Fund,Lenskart Solutions Ltd,0.45,,Healthcare,195.7732,11.320417
HDFC Mid Cap Fund,ICICI Lombard General Insurance Co Ltd,0.45,,Financial Services,,
DSP Flexi Cap Fund,ICICI Prudential Asset Management Co Ltd,0.45,,Financial Services,,
ICICI Pru Large Cap Fund,Tech Mahindra Ltd,0.45,,Technology,31.637583,5.315708
WhiteOak Capital Mid Cap Fund,Kirloskar Oil Engines Ltd,0.45,,Industrials,55.561123,8.686619
LIC MF Midcap Fund,Max Financial Services Ltd,0.45,,Financial Services,,
Invesco India Largecap Fund,Lodha Developers Ltd,0.45,,Real Estate,,
Edelweiss Large Cap Fund,Ashok Leyland Ltd,0.45,,Industrials,30.033842,7.320795
Nippon India Large Cap Fund,Meesho Ltd,0.45,,Consumer Cyclical,,
Baroda BNP Paribas Large Cap Fund,04/02/2027 Maturing 364 DTB,0.45,,,,
JM Midcap Fund,Coromandel International Ltd,0.45,,Basic Materials,33.319637,4.850019
Canara Robeco Small Cap Fund,Rolex Rings Ltd,0.45,,Industrials,,
Mirae Asset Flexi Cap Fund,Hero MotoCorp Ltd,0.44,,Consumer Cyclical,21.683006,5.4568286
ICICI Pru Large Cap Fund,NHPC Ltd,0.44,,Utilities,27.97091,1.8693043
Bandhan Midcap Fund,Ujjivan Small Finance Bank Ltd Ordinary Shares,0.44,,Financial Services,,
Bandhan Small Cap Fund,Vikram Solar Ltd,0.44,,Technology,,
WhiteOak Capital Mid Cap Fund,Neuland Laboratories Ltd,0.44,,Healthcare,75.7588,15.6353445
Bank of India Flexi Cap Fund,Senco Gold Ltd,0.44,,Consumer Cyclical,,
HSBC Small Cap Fund,LG Electronics India Ltd,0.44,,Technology,63.68928,14.048153
DSP Flexi Cap Fund,Niva Bupa Health Insurance Co Ltd,0.44,,Financial Services,,
Bandhan Small Cap Fund,Deepak Fertilisers & Petrochemicals Corp Ltd,0.44,,Basic Materials,,
NJ Flexi Cap Fund,Bajaj Auto Ltd,0.44,,Consumer Cyclical,27.70058,8.37947
Invesco India Midcap Fund,Wework India Management Ltd,0.44,,Real Estate,,
Bandhan Large Cap Fund,Cummins India Ltd,0.44,,Industrials,63.69292,17.746988
Bandhan Small Cap Fund,Cohance Lifesciences Ltd,0.44,,Healthcare,94.84043,4.368642
Canara Robeco Small Cap Fund,RHI Magnesita India Ltd,0.44,,Industrials,22.475494,2.3941674
Bank of India Small Cap Fund,Xpro India Ltd,0.44,,Basic Materials,77.54053,3.3992715
Nippon India Flexi Cap Fund,Zensar Technologies Ltd,0.44,,Technology,14.837942,2.3970907
WhiteOak Capital Mid Cap Fund,Supreme Industries Ltd,0.44,,Industrials,42.736526,7.087394
Bandhan Small Cap Fund,Nuvama Wealth Management Ltd,0.44,,Financial Services,,
Navi Flexi Cap Fund,Kewal Kiran Clothing Ltd,0.44,,Consumer Cyclical,22.671082,3.7576928
PGIM India Flexi Cap Fund,Gillette India Ltd,0.44,,Consumer Defensive,46.94794,26.453505
Bajaj Finserv Flexi Cap Fund,JSW Cement Ltd,0.44,,Basic Materials,,
Bandhan Flexi Cap Fund,Tata Chemicals Ltd,0.44,,Basic Materials,21.66209,0.80916333
Aditya Birla SL Large Cap Fund,Whirlpool of India Ltd,0.44,,Consumer Cyclical,41.151318,2.4800913
Motilal Oswal Flexi Cap Fund,Net Receivables / (Payables),0.44,,,,
Aditya Birla SL Flexi Cap Fund,Whirlpool of India Ltd,0.44,,Consumer Cyclical,41.151318,2.4800913
Union Midcap Fund,Lupin Ltd,0.44,,Healthcare,25.007946,5.4900575
Bajaj Finserv Flexi Cap Fund,Tech Mahindra Ltd,0.44,,Technology,31.637583,5.315708
ITI Small Cap Fund,KPIT Technologies Ltd,0.44,,Technology,29.503763,4.822329
Edelweiss Mid Cap Fund,360 One Wam Ltd Ordinary Shares,0.44,,Financial Services,,
JM Flexicap Fund,Cohance Lifesciences Ltd,0.44,,Healthcare,94.84043,4.368642
HDFC Flexi Cap Fund,Ashok Leyland Ltd,0.44,,Industrials,30.033842,7.320795
ITI Small Cap Fund,Aditya Birla Real Estate Ltd,0.44,,Real Estate,,
AXIS Flexi Cap Fund,Tata Motors Ltd,0.44,,Consumer Cyclical,,
Quantum Small Cap Fund,InterGlobe Aviation Ltd,0.44,,Industrials,23.408157,29.576513
HDFC Flexi Cap Fund,Cyient Ltd,0.44,,Industrials,,
ITI Small Cap Fund,Birla Corp Ltd,0.43,,Basic Materials,12.7151985,0.95604503
Bandhan Midcap Fund,Aster DM Quality Care Ltd Ordinary Shares,0.43,,Healthcare,,
Bandhan Midcap Fund,One97 Communications Ltd,0.43,,Technology,,
Invesco India Flexi Cap Fund,Concord Biotech Ltd,0.43,,Healthcare,,
Mirae Asset Large Cap Fund,Lenskart Solutions Ltd,0.43,,Healthcare,195.7732,11.320417
HSBC Small Cap Fund,Pine Labs Ltd,0.43,,Technology,,
Union Small Cap Fund,Power Mech Projects Ltd,0.43,,Industrials,22.72822,3.2848563
PGIM India Large Cap Fund,Persistent Systems Ltd,0.43,,Technology,44.642857,10.92834
Canara Robeco Small Cap Fund,Jyothy Labs Ltd,0.43,,Consumer Defensive,,
Quantum Small Cap Fund,V-Guard Industries Ltd,0.43,,Industrials,38.480095,5.8717422
Bandhan Small Cap Fund,Vintage Coffee & Beverages Ltd,0.43,,Consumer Defensive,,
DSP Small Cap Fund,Angel One Ltd Ordinary Shares,0.43,,Financial Services,,
HDFC Flexi Cap Fund,Corona Remedies Ltd,0.43,,Healthcare,,
HDFC Flexi Cap Fund,CIE Automotive India Ltd,0.43,,Consumer Cyclical,17.364637,2.011259
Nippon India Flexi Cap Fund,Meesho Ltd,0.43,,Consumer Cyclical,,
Bandhan Midcap Fund,OnEMI Technology Solutions Ltd,0.43,,Financial Services,,
Union Small Cap Fund,Dodla Dairy Ltd,0.43,,Consumer Defensive,,
Motilal Oswal Small Cap Fund,Styrenix Performance Materials Ltd,0.43,,Basic Materials,,
WhiteOak Capital Mid Cap Fund,Aditya Birla Real Estate Ltd,0.43,,Real Estate,,
JM Flexicap Fund,Titagarh Rail Systems Ltd,0.43,,Industrials,94.37083,4.6903887
Navi Flexi Cap Fund,Computer Age Management Services Ltd Ordinary Shares,0.43,,Technology,,
Bandhan Large Cap Fund,Vedanta Power Ltd,0.43,,Utilities,,
WhiteOak Capital Mid Cap Fund,Ajax Engineering Ltd,0.43,,Industrials,,
ITI Mid Cap Fund,Ipca Laboratories Ltd,0.43,,Healthcare,38.607655,5.4611874
Union Midcap Fund,FSN E-Commerce Ventures Ltd,0.43,,Consumer Cyclical,,
Union Small Cap Fund,Anthem Biosciences Ltd,0.43,,Healthcare,83.34985,15.526631
JM Flexicap Fund,Aarti Industries Ltd,0.43,,Basic Materials,34.366875,3.0478146
WhiteOak Capital Flexi Cap Fund,Shaily Engineering Plastics Ltd,0.43,,Basic Materials,,
Bandhan Large Cap Fund,Prestige Estates Projects Ltd,0.43,,Real Estate,59.86932,4.183585
Kotak Large Cap Fund,Gujarat Energy Ltd,0.43,,Utilities,,
PGIM India Flexi Cap Fund,Astral Ltd,0.43,,Industrials,,
Nippon India Flexi Cap Fund,Brigade Enterprises Ltd,0.43,,Real Estate,29.064838,27.865442
Nippon India Flexi Cap Fund,Ambuja Cements Ltd,0.43,,Basic Materials,24.327354,1.8076178
PGIM India Midcap Fund,Jindal Steel Ltd,0.43,,Basic Materials,,
HSBC Flexi Cap Fund,Oil India Ltd,0.42,,Energy,10.88228,1.2416646
WhiteOak Capital Large Cap Fund,Ambuja Cements Ltd,0.42,,Basic Materials,24.327354,1.8076178
HSBC Small Cap Fund,Century Plyboards (India) Ltd,0.42,,Basic Materials,,
DSP Midcap Fund,Alembic Pharmaceuticals Ltd,0.42,,Healthcare,23.529497,2.8737247
Mirae Asset Midcap Fund,Crompton Greaves Consumer Electricals Ltd,0.42,,Consumer Cyclical,,
Nippon India Growth Mid Cap Fund,Astral Ltd,0.42,,Industrials,,
Mirae Asset Flexi Cap Fund,LTM Ltd,0.42,,Technology,,
Bajaj Finserv Flexi Cap Fund,Vesuvius India Ltd,0.42,,Industrials,34.976635,5.4780984
Quant Small Cap Fund,Aurobindo Pharma Ltd,0.42,,Healthcare,25.90625,2.5414207
JM Midcap Fund,JSW Infrastructure Ltd,0.42,,Industrials,46.310345,6.4361844
Bandhan Large Cap Fund,Billionbrains Garage Ventures Ltd,0.42,,Financial Services,,
UTI-Flexi Cap Fund,Page Industries Ltd,0.42,,Consumer Cyclical,58.260082,29.617994
Aditya Birla SL Flexi Cap Fund,Sai Life Sciences Ltd,0.42,,Healthcare,,
Franklin India Flexi Cap Fund,Syrma SGS Technology Ltd,0.42,,Technology,73.51393,9.521932
Bandhan Large Cap Fund,Net Receivables/Payables,0.42,,,,
WhiteOak Capital Flexi Cap Fund,Gland Pharma Ltd,0.42,,Healthcare,,
Tata Small Cap Fund,Ganesha Ecosphere Ltd,0.42,,Consumer Cyclical,50.366085,2.2351234
Quant Small Cap Fund,Lloyds Metals & Energy Ltd,0.42,,Basic Materials,,
WhiteOak Capital Flexi Cap Fund,Cholamandalam Investment and Finance Co Ltd,0.42,,Financial Services,,
Bajaj Finserv Flexi Cap Fund,Crompton Greaves Consumer Electricals Ltd,0.42,,Consumer Cyclical,,
Bandhan Small Cap Fund,Eternal Ltd,0.42,,Consumer Cyclical,,
Nippon India Large Cap Fund,Max Financial Services Ltd,0.42,,Financial Services,,
JM Flexicap Fund,Subros Ltd,0.42,,Consumer Cyclical,32.46776,4.357689
Franklin India Mid Cap Fund,Abbott India Ltd,0.42,,Healthcare,39.10034,14.718281
DSP Flexi Cap Fund,PG Electroplast Ltd,0.42,,Technology,90.87176,5.911051
Nippon India Flexi Cap Fund,Electronics Mart India Ltd,0.42,,Consumer Cyclical,,
WhiteOak Capital Mid Cap Fund,Dynamatic Technologies Ltd,0.42,,Consumer Cyclical,238.094,9.645585
Invesco India Midcap Fund,Max Estates Ltd,0.42,,Real Estate,,
Bandhan Flexi Cap Fund,Shriram Finance Ltd,0.42,,Financial Services,,
UTI-Large Cap Fund,6.75% Govt Stock 2029,0.42,,,,
JM Flexicap Fund,Elecon Engineering Co Ltd,0.42,,Industrials,,
WhiteOak Capital Mid Cap Fund,Poly Medicure Ltd,0.42,,Healthcare,53.19868,5.5223246
WhiteOak Capital Flexi Cap Fund,Corona Remedies Ltd,0.42,,Healthcare,,
Bajaj Finserv Flexi Cap Fund,Multi Commodity Exchange of India Ltd,0.42,,Financial Services,,
Bandhan Small Cap Fund,Hindustan Zinc Ltd,0.42,,Basic Materials,21.51808,18.537941
AXIS Midcap Fund,Craftsman Automation Ltd,0.42,,Consumer Cyclical,54.34704,7.6615663
SBI Large Cap Fund,SKF India (Industrial) Ltd,0.42,,Industrials,,
WhiteOak Capital Flexi Cap Fund,Sun Pharmaceuticals Industries Ltd,0.42,,Healthcare,,
HDFC Flexi Cap Fund,TVS Motor Co Ltd,0.42,,Consumer Cyclical,61.730606,63.15901
Bandhan Flexi Cap Fund,Tube Investments of India Ltd Ordinary Shares,0.42,,Industrials,,
Tata Small Cap Fund,Eureka Forbes Ltd,0.41,,Consumer Cyclical,,
PGIM India Midcap Fund,Affle 3i Ltd,0.41,,Communication Services,,
PGIM India Midcap Fund,Polycab India Ltd,0.41,,Industrials,,
PGIM India Midcap Fund,Tech Mahindra Ltd,0.41,,Technology,31.637583,5.315708
Bank of India Small Cap Fund,KSB Ltd,0.41,,Industrials,,
Canara Robeco Mid Cap Fund,Supreme Industries Ltd,0.41,,Industrials,42.736526,7.087394
Tata Small Cap Fund,Natco Pharma Ltd,0.41,,Healthcare,11.520045,1.7801726
JM Small Cap Fund,Leela Palaces Hotels and Resorts Ltd,0.41,,Consumer Cyclical,,
DSP Small Cap Fund,Just Dial Ltd,0.41,,Communication Services,11.541061,1.1374859
PGIM India Midcap Fund,Escorts Kubota Ltd,0.41,,Industrials,,
AXIS Midcap Fund,LG Electronics India Ltd,0.41,,Technology,63.68928,14.048153
Union Midcap Fund,Eternal Ltd,0.41,,Consumer Cyclical,,
Bandhan Flexi Cap Fund,Greenpanel Industries Ltd Ordinary Shares,0.41,,Basic Materials,,
SBI Small Cap Fund,Clean Science and Technology Ltd,0.41,,Basic Materials,,
Canara Robeco Large Cap Fund,Abbott India Ltd,0.41,,Healthcare,39.10034,14.718281
Edelweiss Large Cap Fund,Hindalco Industries Ltd,0.41,,Basic Materials,14.367457,1.7221315
Shriram Flexi Cap Fund,Persistent Systems Ltd,0.41,,Technology,44.642857,10.92834
ICICI Pru Large Cap Fund,HCL Technologies Ltd,0.41,,Technology,21.097977,4.9742002
Union Flexi Cap Fund,Tech Mahindra Ltd,0.41,,Technology,31.637583,5.315708
Aditya Birla SL Flexi Cap Fund,Tube Investments of India Ltd Ordinary Shares,0.41,,Industrials,,
JM Small Cap Fund,Manorama Industries Ltd,0.41,,Consumer Defensive,45.386963,14.322103
WhiteOak Capital Flexi Cap Fund,PNB Housing Finance Ltd,0.41,,Financial Services,,
Nippon India Flexi Cap Fund,SBI Life Insurance Co Ltd,0.41,,Financial Services,71.42033,9.250212
HSBC Small Cap Fund,Nesco Ltd,0.41,,Industrials,17.69946,2.4614942
WhiteOak Capital Flexi Cap Fund,Torrent Pharmaceuticals Limited,0.41,,,78.7462,19.866693
WhiteOak Capital Large Cap Fund,Oil India Ltd,0.41,,Energy,10.88228,1.2416646
Sundaram Mid Cap Fund,Berger Paints India Ltd,0.41,,Basic Materials,57.216827,9.844281
Taurus Flexi Cap Fund,Concord Biotech Ltd,0.41,,Healthcare,,
Bandhan Small Cap Fund,IndusInd Bank Ltd,0.41,,Financial Services,60.223267,1.2141788
Bandhan Midcap Fund,United Spirits Ltd,0.41,,Consumer Defensive,63.68353,11.682224
HSBC Midcap Fund,Schaeffler India Ltd,0.41,,Consumer Cyclical,,
Parag Parikh Flexi Cap Fund,Small Industries Development Bank of India,0.41,,,,
Nippon India Growth Mid Cap Fund,Bank of India,0.41,,Financial Services,12.03334,1.698928
SBI Small Cap Fund,Rajratan Global Wire Ltd,0.41,,Basic Materials,33.333332,4.0979447
HSBC Flexi Cap Fund,Amber Enterprises India Ltd Ordinary Shares,0.41,,Consumer Cyclical,,
Bajaj Finserv Flexi Cap Fund,Bajaj Money Market Dir Gr,0.4,,,,
Nippon India Growth Mid Cap Fund,Sundaram Fasteners Ltd,0.4,,Consumer Cyclical,,
Nippon India Growth Mid Cap Fund,Devyani International Ltd,0.4,,Consumer Cyclical,131.89297,10.77409
Nippon India Growth Mid Cap Fund,3M India Ltd,0.4,,Industrials,77.51976,22.932638
Aditya Birla SL Flexi Cap Fund,Vedant Fashions Ltd,0.4,,Consumer Cyclical,,
WhiteOak Capital Large Cap Fund,Poly Medicure Ltd,0.4,,Healthcare,53.19868,5.5223246
DSP Large Cap Fund,Page Industries Ltd,0.4,,Consumer Cyclical,58.260082,29.617994
Quant Mid Cap Fund,L&T Technology Services Ltd,0.4,,Technology,,
HSBC Midcap Fund,Safari Industries (India) Ltd,0.4,,Consumer Cyclical,44.051006,6.528887
Canara Robeco Small Cap Fund,Indian Bank,0.4,,Financial Services,9.372036,1.4279683
WhiteOak Capital Flexi Cap Fund,SJS Enterprises Ltd,0.4,,Consumer Cyclical,,
WhiteOak Capital Flexi Cap Fund,360 One Wam Ltd Ordinary Shares,0.4,,Financial Services,,
Edelweiss Mid Cap Fund,Berger Paints India Ltd,0.4,,Basic Materials,57.216827,9.844281
Navi Flexi Cap Fund,Gulf Oil Lubricants India Ltd,0.4,,Basic Materials,15.127944,3.820581
PGIM India Midcap Fund,Hindustan Petroleum Corp Ltd,0.4,,Energy,,
Taurus Mid Cap Fund,Hindustan Copper Ltd,0.4,,Basic Materials,56.491043,15.52563
PGIM India Flexi Cap Fund,Clean Max Enviro Energy Solutions Ltd,0.4,,Utilities,,
Canara Robeco Large Cap Fund,Oberoi Realty Ltd,0.4,,Real Estate,24.57135,3.6052597
WhiteOak Capital Flexi Cap Fund,Eureka Forbes Ltd,0.4,,Consumer Cyclical,,
HDFC Flexi Cap Fund,BSE Ltd,0.4,,Financial Services,,
Kotak Midcap Fund,Techno Electric & Engineering Co Ltd,0.4,,Industrials,,
Franklin India Large Cap Fund,Endurance Technologies Ltd,0.4,,Consumer Cyclical,,
UTI-Mid Cap Fund,KPIT Technologies Ltd,0.4,,Technology,29.503763,4.822329
Bandhan Large Cap Fund,Avenue Supermarts Ltd,0.4,,Consumer Defensive,,
ICICI Pru Large Cap Fund,Havells India Ltd,0.4,,Industrials,54.349113,9.294542
Quant Small Cap Fund,HDFC Life Insurance Co Ltd,0.4,,Financial Services,,
WhiteOak Capital Flexi Cap Fund,Oil & Natural Gas Corp Ltd,0.4,,Energy,,
Canara Robeco Small Cap Fund,Rossari Biotech Ltd Ordinary Shares,0.4,,Basic Materials,,
ITI Mid Cap Fund,Thermax Ltd,0.4,,Industrials,77.06719,8.242397
Sundaram Mid Cap Fund,JSW Infrastructure Ltd,0.4,,Industrials,46.310345,6.4361844
Bank of India Small Cap Fund,Senco Gold Ltd,0.4,,Consumer Cyclical,,
Bank of India Small Cap Fund,Laxmi Dental Ltd,0.4,,Healthcare,,
PGIM India Midcap Fund,REC Ltd,0.4,,Financial Services,34.348328,5.7735553
PGIM India Midcap Fund,Bharat Petroleum Corp Ltd,0.4,,Energy,,
PGIM India Midcap Fund,Oil India Ltd,0.4,,Energy,10.88228,1.2416646
Edelweiss Small Cap Fund,SBFC Finance Ltd,0.4,,Financial Services,,
Edelweiss Small Cap Fund,Aditya Birla Sun Life AMC Ltd,0.4,,Financial Services,,
ICICI Pru Large Cap Fund,Tata Motors Passenger Vehicles Ltd,0.39,,Consumer Cyclical,,
WhiteOak Capital Mid Cap Fund,Endurance Technologies Ltd,0.39,,Consumer Cyclical,,
WhiteOak Capital Mid Cap Fund,PNB Housing Finance Ltd,0.39,,Financial Services,,
Bank of India Small Cap Fund,CMS Info Systems Ltd,0.39,,Industrials,,
ICICI Pru Large Cap Fund,Zydus Lifesciences Ltd,0.39,,Healthcare,22.221779,4.1353354
AXIS Midcap Fund,Mankind Pharma Ltd,0.39,,Healthcare,,
Edelweiss Mid Cap Fund,Oil India Ltd,0.39,,Energy,10.88228,1.2416646
Union Small Cap Fund,Lumax Auto Technologies Ltd,0.39,,Consumer Cyclical,55.389194,11.1216955
Bajaj Finserv Flexi Cap Fund,Exide Industries Ltd,0.39,,Consumer Cyclical,44.626595,2.9953663
WhiteOak Capital Flexi Cap Fund,Embassy Office Parks REIT,0.39,,Real Estate,,
UTI-Mid Cap Fund,Billionbrains Garage Ventures Ltd,0.39,,Financial Services,,
AXIS Midcap Fund,Tata Communications Ltd,0.39,,Communication Services,52.915287,14.511902
Bandhan Flexi Cap Fund,Havells India Ltd,0.39,,Industrials,54.349113,9.294542
Edelweiss Large Cap Fund,Eicher Motors Ltd,0.39,,Consumer Cyclical,37.87843,8.764883
UTI-Flexi Cap Fund,Rossari Biotech Ltd Ordinary Shares,0.39,,Basic Materials,,
HDFC Mid Cap Fund,Aster DM Quality Care Ltd Ordinary Shares,0.39,,Healthcare,,
HDFC Mid Cap Fund,SKF India Ltd,0.39,,Industrials,28.49211,5.705648
Edelweiss Flexi Cap Fund,Billionbrains Garage Ventures Ltd,0.39,,Financial Services,,
Nippon India Flexi Cap Fund,Syngene International Ltd,0.39,,Healthcare,73.00181,3.352851
Bandhan Small Cap Fund,Akums Drugs and Pharmaceuticals Ltd,0.39,,Healthcare,,
Bandhan Small Cap Fund,Birla Corp Ltd,0.39,,Basic Materials,12.7151985,0.95604503
Bandhan Small Cap Fund,Grasim Industries Ltd,0.39,,Basic Materials,45.452057,2.1782508
HDFC Mid Cap Fund,Vardhman Textiles Ltd,0.39,,Consumer Cyclical,20.406586,1.7023746
Parag Parikh Flexi Cap Fund,HDFC Bank Limited,0.39,,,16.051823,1.856211
Parag Parikh Flexi Cap Fund,Bank Of Baroda,0.39,,,7.138383,0.7690585
Invesco India Flexi Cap Fund,Cube Highways Trust,0.39,,Industrials,,
Nippon India Growth Mid Cap Fund,NMDC Ltd,0.39,,Basic Materials,10.014152,2.1878703
Nippon India Growth Mid Cap Fund,Sanofi Consumer Healthcare India Ltd,0.39,,Healthcare,,
Mirae Asset Flexi Cap Fund,Solar Industries India Ltd,0.39,,Basic Materials,99.0099,26.524855
TRUSTMF Small Cap Fund,Paras Defence And Space Technologies Ltd,0.39,,Industrials,,
WhiteOak Capital Mid Cap Fund,The South Indian Bank Ltd,0.38,,Financial Services,8.189236,1.0470821
Edelweiss Flexi Cap Fund,Cummins India Ltd,0.38,,Industrials,63.69292,17.746988
Bandhan Flexi Cap Fund,NTPC Ltd,0.38,,Utilities,10.470804,1.635282
PGIM India Midcap Fund,InterGlobe Aviation Ltd,0.38,,Industrials,23.408157,29.576513
Bandhan Small Cap Fund,Tata Communications Ltd,0.38,,Communication Services,52.915287,14.511902
Helios Flexi Cap Fund,Acutaas Chemicals Ltd,0.38,,Basic Materials,,
Quant Small Cap Fund,Apeejay Surrendra Park Hotels Ltd,0.38,,Consumer Cyclical,,
Parag Parikh Flexi Cap Fund,Bajaj Finance Limited July 2026 Future,0.38,,,,
Mirae Asset Large Cap Fund,Timken India Ltd,0.38,,Industrials,60.607704,8.648188
ITI Mid Cap Fund,Bank of India,0.38,,Financial Services,12.03334,1.698928
Aditya Birla SL Large Cap Fund,The Federal Bank Ltd,0.38,,Financial Services,,
Bandhan Small Cap Fund,Wockhardt Ltd,0.38,,Healthcare,155.19968,7.174966
DSP Flexi Cap Fund,Hindustan Petroleum Corp Ltd,0.38,,Energy,,
PGIM India Flexi Cap Fund,Net Receivables / (Payables),0.38,,,,
Nippon India Flexi Cap Fund,Medplus Health Services Ltd,0.38,,Healthcare,,
UTI-Large Cap Fund,Vedanta Aluminium Metal Ltd,0.38,,Basic Materials,,
PGIM India Midcap Fund,Global Health Ltd,0.38,,Healthcare,,
WhiteOak Capital Flexi Cap Fund,Vijaya Diagnostic Centre Ltd,0.38,,Healthcare,,
PGIM India Midcap Fund,Jubilant Foodworks Ltd,0.38,,Consumer Cyclical,85.50088,13.959026
Bank of India Flexi Cap Fund,Punjab National Bank Red,0.38,,,,
AXIS Flexi Cap Fund,Sterlite Technologies Ltd,0.38,,Technology,138.89131,13.750727
WhiteOak Capital Large Cap Fund,TBO Tek Ltd,0.38,,Consumer Cyclical,,
WhiteOak Capital Flexi Cap Fund,Info Edge (India) Ltd,0.38,,Communication Services,54.93524,2.101429
Aditya Birla SL Large Cap Fund,Crompton Greaves Consumer Electricals Ltd,0.38,,Consumer Cyclical,,
DSP Large Cap Fund,Jubilant Ingrevia Ltd Ordinary Shares,0.38,,Basic Materials,,
DSP Large Cap Fund,Net Receivables/Payables,0.38,,,,
JM Small Cap Fund,Hi-Tech Pipes Ltd,0.38,,Basic Materials,,
SBI Small Cap Fund,Lemon Tree Hotels Ltd,0.38,,Consumer Cyclical,38.54514,6.315281
Mirae Asset Large Cap Fund,Bharat Electronics Ltd,0.38,,Industrials,47.852028,12.219276
Kotak Large Cap Fund,Voltas Ltd,0.38,,Consumer Cyclical,113.616264,6.6683273
Canara Robeco Large Cap Fund,ICICI Prudential Asset Management Co Ltd,0.38,,Financial Services,,
Bandhan Small Cap Fund,Neuland Laboratories Ltd,0.38,,Healthcare,75.7588,15.6353445
DSP Small Cap Fund,JNK India Ltd,0.38,,Industrials,,
Bandhan Small Cap Fund,Aditya Birla Sun Life AMC Ltd,0.38,,Financial Services,,
Bandhan Small Cap Fund,Trualt Bioenergy Ltd,0.38,,Energy,,
Invesco India Midcap Fund,Sobha Ltd,0.37,,Real Estate,,
HSBC Flexi Cap Fund,TARC Ltd Ordinary Shares,0.37,,Real Estate,,
Aditya Birla SL Large Cap Fund,PI Industries Ltd,0.37,,Basic Materials,31.848026,3.7480412
Bandhan Small Cap Fund,Electronics Mart India Ltd,0.37,,Consumer Cyclical,,
Parag Parikh Flexi Cap Fund,Reliance Industries Ltd,0.37,,Energy,24.154905,1.9980692
UTI-Large Cap Fund,HCL Technologies Ltd,0.37,,Technology,21.097977,4.9742002
Bandhan Small Cap Fund,Kilburn Engineering Ltd,0.37,,Industrials,13.790779,3.0984097
ICICI Pru Large Cap Fund,ICICI Lombard General Insurance Co Ltd,0.37,,Financial Services,,
DSP Small Cap Fund,Engineers India Ltd,0.37,,Industrials,19.576893,4.309897
Parag Parikh Flexi Cap Fund,Bajaj Finance Ltd,0.37,,Financial Services,,
Bank of India Small Cap Fund,Firstsource Solutions Ltd,0.37,,Technology,30.763737,4.407898
Edelweiss Flexi Cap Fund,Cipla Ltd,0.37,,Healthcare,35.08629,3.4341109
Parag Parikh Flexi Cap Fund,Reliance Industries Limited July 2026 Future,0.37,,,,
Mirae Asset Midcap Fund,Pine Labs Ltd,0.37,,Technology,,
Franklin India Large Cap Fund,Cognizant Technology Solutions Corp Class A,0.37,,Technology,,
ICICI Pru Large Cap Fund,Swiggy Ltd,0.37,,Consumer Cyclical,,
HSBC Midcap Fund,CreditAccess Grameen Ltd Ordinary Shares,0.37,,Financial Services,,
ICICI Pru Large Cap Fund,ITC Hotels Ltd,0.37,,Consumer Cyclical,,
360 ONE FlexiCap Fund,IIFL Finance Ltd,0.37,,Financial Services,,
AXIS Flexi Cap Fund,DOMS Industries Ltd,0.37,,Industrials,,
WhiteOak Capital Flexi Cap Fund,CarTrade Tech Ltd,0.37,,Consumer Cyclical,,
WhiteOak Capital Flexi Cap Fund,Repco Home Finance Ltd,0.37,,Financial Services,5.1493545,0.59245616
Aditya Birla SL Large Cap Fund,Delhivery Ltd,0.37,,Industrials,,
Aditya Birla SL Flexi Cap Fund,Honeywell Automation India Ltd,0.37,,Industrials,60.97585,7.5087953
Quant Small Cap Fund,Gujarat State Fertilizers & Chemicals Ltd,0.37,,Basic Materials,,
Aditya Birla SL Flexi Cap Fund,PI Industries Ltd,0.37,,Basic Materials,31.848026,3.7480412
HDFC Mid Cap Fund,Cholamandalam Financial Holdings Ltd,0.37,,Financial Services,,
SBI Large Cap Fund,Adani Energy Solutions Ltd,0.37,,Utilities,,
Quant Small Cap Fund,LIC Housing Finance Ltd,0.37,,Financial Services,4.8332214,0.6696014
Edelweiss Small Cap Fund,Action Construction Equipment Ltd,0.37,,Industrials,,
Canara Robeco Small Cap Fund,VRL Logistics Ltd,0.37,,Industrials,,
WhiteOak Capital Mid Cap Fund,Embassy Office Parks REIT,0.37,,Real Estate,,
HDFC Flexi Cap Fund,Crompton Greaves Consumer Electricals Ltd,0.37,,Consumer Cyclical,,
Edelweiss Small Cap Fund,Net Receivables/(Payables),0.36,,,,
Kotak Midcap Fund,United Spirits Ltd,0.36,,Consumer Defensive,63.68353,11.682224
Invesco India Flexi Cap Fund,Metro Brands Ltd,0.36,,Consumer Cyclical,,
WhiteOak Capital Flexi Cap Fund,Neogen Chemicals Ltd,0.36,,Basic Materials,,
Helios Flexi Cap Fund,Aadhar Housing Finance Ltd,0.36,,Financial Services,,
DSP Large Cap Fund,Indian Oil Corp Ltd,0.36,,Energy,5.8642125,0.899374
UTI-Large Cap Fund,Trent Ltd,0.36,,Consumer Cyclical,96.15015,22.879957
HDFC Mid Cap Fund,Oracle Financial Services Software Ltd,0.36,,Technology,,
Helios Flexi Cap Fund,ITC Hotels Ltd,0.36,,Consumer Cyclical,,
Mirae Asset Flexi Cap Fund,Wonderla Holidays Ltd,0.36,,Consumer Cyclical,30.86045,1.8109343
Nippon India Flexi Cap Fund,LTM Ltd,0.36,,Technology,,
Bandhan Small Cap Fund,Hi-Tech Pipes Ltd,0.36,,Basic Materials,,
SBI Small Cap Fund,Vedant Fashions Ltd,0.36,,Consumer Cyclical,,
HSBC Small Cap Fund,Metro Brands Ltd,0.36,,Consumer Cyclical,,
Nippon India Growth Mid Cap Fund,Shree Cement Ltd,0.36,,Basic Materials,55.361866,4.2382216
JM Flexicap Fund,ICICI Prudential Life Insurance Co Ltd,0.36,,Financial Services,,
WhiteOak Capital Mid Cap Fund,Vertis Infrastructure Trust Unit,0.36,,Real Estate,,
JM Flexicap Fund,GE Vernova T&D India Ltd,0.36,,Industrials,84.030495,40.910908
HSBC Small Cap Fund,CarTrade Tech Ltd,0.36,,Consumer Cyclical,,
HSBC Small Cap Fund,Somany Ceramics Ltd,0.36,,Industrials,25.065823,2.4102457
Bandhan Small Cap Fund,Redington Ltd,0.36,,Technology,,
AXIS Midcap Fund,Anthem Biosciences Ltd,0.36,,Healthcare,83.34985,15.526631
ITI Flexi Cap Fund,ITI Banking & PSU Dir Gr,0.36,,,,
HSBC Small Cap Fund,Jindal Saw Ltd,0.36,,Basic Materials,15.391157,1.4340041
Bandhan Midcap Fund,Ajanta Pharma Ltd,0.36,,Healthcare,43.00333,10.097092
Sundaram Large Cap Fund,Cummins India Ltd,0.36,,Industrials,63.69292,17.746988
Quant Flexi Cap Fund,Tata Communications Ltd,0.36,,Communication Services,52.915287,14.511902
WhiteOak Capital Flexi Cap Fund,Gillette India Ltd,0.35,,Consumer Defensive,46.94794,26.453505
PGIM India Midcap Fund,ACME Solar Holdings Ltd,0.35,,Utilities,38.03922,4.411149
PGIM India Midcap Fund,TBO Tek Ltd,0.35,,Consumer Cyclical,,
HDFC Mid Cap Fund,Aarti Industries Ltd,0.35,,Basic Materials,34.366875,3.0478146
HDFC Flexi Cap Fund,Bharat Electronics Ltd,0.35,,Industrials,47.852028,12.219276
HDFC Flexi Cap Fund,Ramco Cements Ltd,0.35,,Basic Materials,,
WhiteOak Capital Flexi Cap Fund,Ather Energy Ltd,0.35,,Consumer Cyclical,,
WhiteOak Capital Flexi Cap Fund,09/07/2026 Maturing 182 DTB,0.35,,,,
DSP Flexi Cap Fund,Hindustan Unilever Ltd,0.35,,Consumer Defensive,46.515755,10.1043215
WhiteOak Capital Flexi Cap Fund,Pb Fintech Limited,0.35,,,98.98212,10.141264
Mirae Asset Large Cap Fund,DLF Ltd,0.35,,Real Estate,35.97323,3.5110068
Kotak Large Cap Fund,India Cements Ltd,0.35,,Basic Materials,131.77153,1.2180974
Bandhan Midcap Fund,360 One Wam Ltd Ordinary Shares,0.35,,Financial Services,,
AXIS Flexi Cap Fund,Arvind Fashions Ltd,0.35,,Consumer Cyclical,,
PGIM India Midcap Fund,Supreme Industries Ltd,0.35,,Industrials,42.736526,7.087394
NJ Flexi Cap Fund,Abbott India Ltd,0.35,,Healthcare,39.10034,14.718281
DSP Small Cap Fund,Graphite India Ltd,0.35,,Industrials,65.13303,2.3673997
DSP Small Cap Fund,Equitas Small Finance Bank Ltd Ordinary Shares,0.35,,Financial Services,,
Invesco India Smallcap Fund,JK Cement Ltd,0.35,,Basic Materials,,
Bandhan Small Cap Fund,INOX Green Energy Services Ltd,0.35,,Utilities,,
Nippon India Flexi Cap Fund,DLF Ltd,0.35,,Real Estate,35.97323,3.5110068
Bandhan Small Cap Fund,RHI Magnesita India Ltd,0.35,,Industrials,22.475494,2.3941674
Bandhan Small Cap Fund,JSW Cement Ltd,0.35,,Basic Materials,,
Quant Small Cap Fund,IDFC First Bank Ltd,0.35,,Financial Services,,
Bank of India Large Cap Fund,Net Receivables / (Payables),0.35,,,,
ITI Mid Cap Fund,ITI Banking & PSU Dir Gr,0.35,,,,
Bandhan Small Cap Fund,Axis Bank Ltd,0.35,,Financial Services,13.927326,1.7253225
Quant Flexi Cap Fund,IRB Infrastructure Developers Ltd,0.35,,Industrials,,
HSBC Small Cap Fund,Hindustan Foods Ltd,0.35,,Industrials,46.73842,5.9820747
Union Largecap Fund,Persistent Systems Ltd,0.35,,Technology,44.642857,10.92834
WhiteOak Capital Flexi Cap Fund,Tech Mahindra Limited,0.35,,,28.248098,4.8892374
WhiteOak Capital Flexi Cap Fund,Oil India Ltd,0.35,,Energy,10.88228,1.2416646
DSP Midcap Fund,Syngene International Ltd,0.35,,Healthcare,73.00181,3.352851
Mirae Asset Large Cap Fund,Net Receivables / (Payables),0.35,,,,
Shriram Flexi Cap Fund,Pricol Ltd,0.35,,Consumer Cyclical,,
WhiteOak Capital Flexi Cap Fund,PB Fintech Ltd,0.34,,Financial Services,,
Bandhan Flexi Cap Fund,Exide Industries Ltd,0.34,,Consumer Cyclical,44.626595,2.9953663
Parag Parikh Flexi Cap Fund,Kotak Mahindra Bank Limited,0.34,,,19.154411,2.1446095
Shriram Flexi Cap Fund,Muthoot Finance Ltd,0.34,,Financial Services,10.19353,2.9614034
Aditya Birla SL Large Cap Fund,Varun Beverages Ltd,0.34,,Consumer Defensive,,
Quant Small Cap Fund,Blackbuck Ltd,0.34,,Technology,,
Quant Small Cap Fund,Juniper Hotels Ltd,0.34,,Consumer Cyclical,,
SBI Small Cap Fund,PVR INOX Ltd,0.34,,Communication Services,,
Parag Parikh Flexi Cap Fund,National Bank For Agriculture And Rural Development (18/09/2026),0.34,,,,
Aditya Birla SL Flexi Cap Fund,ZF Commercial Vehicle Control Systems India Ltd,0.34,,Consumer Cyclical,,
WhiteOak Capital Large Cap Fund,ICICI Prudential Asset Management Co Ltd,0.34,,Financial Services,,
ICICI Pru Large Cap Fund,Grasim Industries Ltd,0.34,,Basic Materials,45.452057,2.1782508
Sundaram Large Cap Fund,Cash And Other Net Current Assets,0.34,,,,
Bandhan Small Cap Fund,Marksans Pharma Ltd,0.34,,Healthcare,35.2835,4.6118345
Union Small Cap Fund,RHI Magnesita India Ltd,0.34,,Industrials,22.475494,2.3941674
Nippon India Growth Mid Cap Fund,Crompton Greaves Consumer Electricals Ltd,0.34,,Consumer Cyclical,,
PGIM India Midcap Fund,National Aluminium Co Ltd,0.34,,Basic Materials,11.390134,3.2384465
WhiteOak Capital Mid Cap Fund,Eureka Forbes Ltd,0.34,,Consumer Cyclical,,
HDFC Large Cap Fund,DLF Ltd,0.34,,Real Estate,35.97323,3.5110068
Bandhan Small Cap Fund,Awfis Space Solutions Ltd,0.34,,Industrials,27.384071,3.5174153
Edelweiss Mid Cap Fund,Firstsource Solutions Ltd,0.34,,Technology,30.763737,4.407898
Bandhan Small Cap Fund,Afcom Holdings Ltd,0.34,,Industrials,,
UTI-Flexi Cap Fund,Sheela Foam Ltd,0.34,,Consumer Cyclical,,
HDFC Flexi Cap Fund,Sapphire Foods India Ltd,0.34,,Consumer Cyclical,96.42999,5.182001
Invesco India Smallcap Fund,Net Receivables / (Payables),0.34,,,,
Bank of India Small Cap Fund,OnEMI Technology Solutions Ltd,0.34,,Financial Services,,
Invesco India Smallcap Fund,Neogen Chemicals Ltd,0.34,,Basic Materials,,
Bandhan Small Cap Fund,S H Kelkar & Co Ltd,0.34,,Basic Materials,,
JM Small Cap Fund,KSB Ltd,0.34,,Industrials,,
AXIS Midcap Fund,Billionbrains Garage Ventures Ltd,0.34,,Financial Services,,
AXIS Midcap Fund,Endurance Technologies Ltd,0.34,,Consumer Cyclical,,
Franklin India Flexi Cap Fund,Amara Raja Energy & Mobility Ltd,0.33,,Industrials,,
HSBC Midcap Fund,ACME Solar Holdings Ltd,0.33,,Utilities,38.03922,4.411149
HDFC Flexi Cap Fund,Metropolis Healthcare Ltd,0.33,,Healthcare,57.82341,7.7167597
HDFC Flexi Cap Fund,Escorts Kubota Ltd,0.33,,Industrials,,
Mirae Asset Large Cap Fund,EPL Ltd Ordinary Shares,0.33,,Consumer Cyclical,,
WhiteOak Capital Flexi Cap Fund,Pidilite Industries Ltd,0.33,,Basic Materials,64.94523,15.596959
Canara Robeco Large Cap Fund,Lenskart Solutions Ltd,0.33,,Healthcare,195.7732,11.320417
Edelweiss Mid Cap Fund,Supreme Industries Ltd,0.33,,Industrials,42.736526,7.087394
Bajaj Finserv Flexi Cap Fund,Sedemac Mechatronics Ltd,0.33,,Consumer Cyclical,103.09611,27.419071
Bandhan Small Cap Fund,Steel Authority Of India Ltd,0.33,,Basic Materials,28.473343,1.2537969
HSBC Midcap Fund,CG Power & Industrial Solutions Ltd,0.33,,Industrials,,
HDFC Large Cap Fund,Cummins India Ltd,0.33,,Industrials,63.69292,17.746988
WhiteOak Capital Mid Cap Fund,Anthem Biosciences Ltd,0.33,,Healthcare,83.34985,15.526631
Bandhan Small Cap Fund,Styrenix Performance Materials Ltd,0.33,,Basic Materials,,
Tata Small Cap Fund,Digitide Solutions Ltd,0.33,,Industrials,,1.8470203
Tata Small Cap Fund,Sri Lotus Developers And Realty Ltd,0.33,,Industrials,,
Canara Robeco Small Cap Fund,Tata Elxsi Ltd,0.33,,Technology,40.527504,8.713673
HSBC Midcap Fund,Kaynes Technology India Ltd,0.33,,Technology,,
WhiteOak Capital Flexi Cap Fund,Sona BLW Precision Forgings Ltd,0.33,,Consumer Cyclical,,
JM Flexicap Fund,Optiemus Infracom Ltd,0.33,,Technology,78.72549,6.4189377
WhiteOak Capital Mid Cap Fund,TBO Tek Ltd,0.33,,Consumer Cyclical,,
SBI Small Cap Fund,Acutaas Chemicals Ltd,0.33,,Basic Materials,,
Bandhan Large Cap Fund,Asian Paints Ltd,0.33,,Basic Materials,67.65291,13.316042
Union Flexi Cap Fund,Dixon Technologies (India) Ltd,0.33,,Technology,,
HSBC Small Cap Fund,Aditya Birla Real Estate Ltd,0.33,,Real Estate,,
Canara Robeco Large Cap Fund,PI Industries Ltd,0.33,,Basic Materials,31.848026,3.7480412
Nippon India Large Cap Fund,Devyani International Ltd,0.33,,Consumer Cyclical,131.89297,10.77409
Mirae Asset Flexi Cap Fund,Century Plyboards (India) Ltd,0.33,,Basic Materials,,
Mirae Asset Flexi Cap Fund,Voltamp Transformers Ltd,0.33,,Industrials,31.847237,6.1297164
AXIS Midcap Fund,Astral Ltd,0.33,,Industrials,,
Nippon India Growth Mid Cap Fund,JK Cement Ltd,0.33,,Basic Materials,,
Mahindra Manulife Small Cap Fund,Navin Fluorine International Ltd,0.33,,Basic Materials,,
Navi Flexi Cap Fund,Info Edge (India) Ltd,0.33,,Communication Services,54.93524,2.101429
WhiteOak Capital Large Cap Fund,Future on Trent Ltd,0.33,,,,
Invesco India Smallcap Fund,Orchid Pharma Ltd,0.33,,Healthcare,,
ICICI Pru Large Cap Fund,Cipla Ltd,0.33,,Healthcare,35.08629,3.4341109
Nippon India Flexi Cap Fund,Somany Ceramics Ltd,0.33,,Industrials,25.065823,2.4102457
AXIS Flexi Cap Fund,Adani Enterprises Ltd,0.33,,Energy,52.359394,4.8032765
HDFC Mid Cap Fund,Vesuvius India Ltd,0.33,,Industrials,34.976635,5.4780984
Motilal Oswal Large Cap Fund,TANFAC Industries Ltd,0.33,,Basic Materials,90.08816,16.391838
Franklin India Flexi Cap Fund,Jyothy Labs Ltd,0.32,,Consumer Defensive,,
Mirae Asset Large Cap Fund,Hindustan Unilever Ltd,0.32,,Consumer Defensive,46.515755,10.1043215
Tata Small Cap Fund,Allcargo Global Ltd,0.32,,,,
Quant Small Cap Fund,Rishabh Instruments Ltd,0.32,,Technology,30.308203,3.307102
Mirae Asset Midcap Fund,Prince Pipes And Fittings Ltd Ordinary Shares,0.32,,Industrials,,
Bandhan Small Cap Fund,Mahindra Lifespace Developers Ltd,0.32,,Real Estate,,
Edelweiss Small Cap Fund,KNR Constructions Ltd,0.32,,Industrials,9.022581,0.790305
HSBC Midcap Fund,Anthem Biosciences Ltd,0.32,,Healthcare,83.34985,15.526631
Nippon India Flexi Cap Fund,Tata Capital Ltd,0.32,,Financial Services,,
WhiteOak Capital Flexi Cap Fund,Intellect Design Arena Ltd,0.32,,Technology,,
Mirae Asset Large Cap Fund,SKF India (Industrial) Ltd,0.32,,Industrials,,
AXIS Flexi Cap Fund,Kaynes Technology India Ltd,0.32,,Technology,,
Bandhan Small Cap Fund,V2 Retail Ltd,0.32,,Consumer Cyclical,48.074394,8.878202
Mirae Asset Large Cap Fund,GAIL (India) Ltd,0.32,,Utilities,11.544548,1.2809391
WhiteOak Capital Large Cap Fund,Max Healthcare Institute Limited,0.32,,,72.44414,9.689133
SBI Small Cap Fund,Go Fashion (India) Ltd,0.32,,Consumer Cyclical,32.795315,2.505095
WhiteOak Capital Flexi Cap Fund,Aether Industries Ltd,0.32,,Basic Materials,,
Baroda BNP Paribas Small Cap Fund,Net Receivables / (Payables),0.32,,,,
HSBC Small Cap Fund,Rolex Rings Ltd,0.32,,Industrials,,
Bandhan Flexi Cap Fund,Dixon Technologies (India) Ltd,0.32,,Technology,,
Bandhan Small Cap Fund,Can Fin Homes Ltd,0.32,,Financial Services,9.523417,1.8063651
WhiteOak Capital Mid Cap Fund,09/07/2026 Maturing 182 DTB,0.32,,,,
Navi Flexi Cap Fund,PI Industries Ltd,0.32,,Basic Materials,31.848026,3.7480412
Bandhan Large Cap Fund,Ethos Ltd,0.32,,Consumer Cyclical,,
Bandhan Small Cap Fund,Skipper Ltd,0.32,,Industrials,27.46822,3.900245
Bandhan Flexi Cap Fund,Atul Ltd,0.31,,Basic Materials,25.062899,3.2053952
Bandhan Small Cap Fund,Amara Raja Energy & Mobility Ltd,0.31,,Industrials,,
DSP Small Cap Fund,Amrutanjan Health Care Ltd,0.31,,Healthcare,26.108337,4.0843024
Aditya Birla SL Large Cap Fund,Vedanta Ltd,0.31,,Basic Materials,,
Kotak Large Cap Fund,Swiggy Ltd,0.31,,Consumer Cyclical,,
Invesco India Smallcap Fund,Max Estates Ltd,0.31,,Real Estate,,
Nippon India Flexi Cap Fund,Cyient Ltd,0.31,,Industrials,,
Quant Flexi Cap Fund,Tata Chemicals Ltd,0.31,,Basic Materials,21.66209,0.80916333
WhiteOak Capital Flexi Cap Fund,Travel Food Services Ltd,0.31,,Consumer Cyclical,40.0056,13.0443125
JM Small Cap Fund,OnEMI Technology Solutions Ltd,0.31,,Financial Services,,
Edelweiss Mid Cap Fund,Netweb Technologies India Ltd,0.31,,Technology,,
Mirae Asset Flexi Cap Fund,Go Digit General Insurance Ltd,0.31,,Financial Services,,
Quantum Small Cap Fund,Afcom Holdings Ltd,0.31,,Industrials,,
Quant Small Cap Fund,Aditya Birla Fashion and Retail Ltd,0.31,,Consumer Cyclical,,
Bajaj Finserv Flexi Cap Fund,CarTrade Tech Ltd,0.31,,Consumer Cyclical,,
WhiteOak Capital Large Cap Fund,National Highways Infra Trust Units,0.31,,Real Estate,,
WhiteOak Capital Flexi Cap Fund,Prudent Corporate Advisory Services Ltd,0.31,,Financial Services,,
Bandhan Large Cap Fund,MTAR Technologies Ltd,0.31,,Industrials,,
Aditya Birla SL Large Cap Fund,Pine Labs Ltd,0.31,,Technology,,
WhiteOak Capital Flexi Cap Fund,IIFL Finance Ltd,0.31,,Financial Services,,
AXIS Large Cap Fund,ICICI Prudential Asset Management Co Ltd,0.31,,Financial Services,,
ICICI Pru Large Cap Fund,Godrej Consumer Products Ltd,0.31,,Consumer Defensive,58.899498,8.822688
Union Largecap Fund,SBI Life Insurance Co Ltd,0.31,,Financial Services,71.42033,9.250212
AXIS Flexi Cap Fund,Neogen Chemicals Ltd,0.31,,Basic Materials,,
WhiteOak Capital Mid Cap Fund,JSW Cement Ltd,0.3,,Basic Materials,,
Quant Flexi Cap Fund,Adani Green Energy Limited,0.3,,,131.58197,11.718897
Quant Small Cap Fund,Indoco Remedies Ltd,0.3,,Healthcare,,1.9877185
Kotak Large Cap Fund,Mahindra Lifespace Developers Ltd,0.3,,Real Estate,,
JM Flexicap Fund,India Cements Ltd,0.3,,Basic Materials,131.77153,1.2180974
AXIS Midcap Fund,Balkrishna Industries Ltd,0.3,,Consumer Cyclical,36.381264,4.568192
Edelweiss Mid Cap Fund,Swiggy Ltd,0.3,,Consumer Cyclical,,
Aditya Birla SL Large Cap Fund,Clearing Corporation Of India Limited,0.3,,,,
WhiteOak Capital Mid Cap Fund,Ather Energy Ltd,0.3,,Consumer Cyclical,,
PGIM India Midcap Fund,Sumitomo Chemical India Ltd Ordinary Shares,0.3,,Basic Materials,,
PGIM India Midcap Fund,Info Edge (India) Ltd,0.3,,Communication Services,54.93524,2.101429
HDFC Large Cap Fund,Billionbrains Garage Ventures Ltd,0.3,,Financial Services,,
Edelweiss Mid Cap Fund,PNB Housing Finance Ltd,0.3,,Financial Services,,
Invesco India Flexi Cap Fund,Indus Infra Trust Unit,0.3,,Financial Services,,
Nippon India Large Cap Fund,Linde India Ltd,0.3,,Basic Materials,,
WhiteOak Capital Large Cap Fund,Eicher Motors Ltd,0.3,,Consumer Cyclical,37.87843,8.764883
Edelweiss Flexi Cap Fund,Lupin Ltd,0.3,,Healthcare,25.007946,5.4900575
Bandhan Small Cap Fund,Stove Kraft Ltd Ordinary Shares,0.3,,Consumer Cyclical,,
Aditya Birla SL Flexi Cap Fund,OneSource Specialty Pharma Ltd,0.3,,Healthcare,,
Edelweiss Small Cap Fund,Rolex Rings Ltd,0.3,,Industrials,,
UTI-Flexi Cap Fund,Cohance Lifesciences Ltd,0.3,,Healthcare,94.84043,4.368642
Quantum Small Cap Fund,EPL Ltd Ordinary Shares,0.3,,Consumer Cyclical,,
WhiteOak Capital Flexi Cap Fund,Rainbow Childrens Medicare Ltd,0.3,,Healthcare,,
HDFC Flexi Cap Fund,Dixon Technologies (India) Ltd,0.3,,Technology,,
HDFC Mid Cap Fund,Emami Ltd,0.3,,Consumer Defensive,24.025671,6.1474614
PGIM India Midcap Fund,Thermax Ltd,0.3,,Industrials,77.06719,8.242397
ICICI Pru Large Cap Fund,Bank of Baroda,0.3,,Financial Services,7.138383,0.7690585
ICICI Pru Large Cap Fund,Life Insurance Corporation of India,0.3,,Financial Services,8.291245,2.8221679
Taurus Flexi Cap Fund,Jindal Saw Ltd,0.3,,Basic Materials,15.391157,1.4340041
Shriram Flexi Cap Fund,Hindustan Petroleum Corporation Ltd.,0.3,,,,
Mirae Asset Large Cap Fund,Titagarh Rail Systems Ltd,0.3,,Industrials,94.37083,4.6903887
ICICI Pru Large Cap Fund,Bajaj Finserv Ltd,0.3,,Financial Services,31.746208,4.122072
DSP Flexi Cap Fund,Emami Ltd,0.29,,Consumer Defensive,24.025671,6.1474614
Edelweiss Flexi Cap Fund,Dr Reddy's Laboratories Ltd,0.29,,Healthcare,,
Taurus Flexi Cap Fund,Shree Cement Ltd,0.29,,Basic Materials,55.361866,4.2382216
Bandhan Small Cap Fund,Aurobindo Pharma Ltd,0.29,,Healthcare,25.90625,2.5414207
Bandhan Small Cap Fund,EFC (I) Ltd,0.29,,Real Estate,,
ICICI Pru Large Cap Fund,United Breweries Ltd,0.29,,Consumer Defensive,93.477974,8.186209
UTI-Mid Cap Fund,ACME Solar Holdings Ltd,0.29,,Utilities,38.03922,4.411149
Quant Large Cap Fund,Day Tbill,0.29,,,,
Edelweiss Mid Cap Fund,Navin Fluorine International Ltd,0.29,,Basic Materials,,
Edelweiss Mid Cap Fund,Astral Ltd,0.29,,Industrials,,
SBI Large Cap Fund,Torrent Power Ltd,0.29,,Utilities,28.734314,3.5683436
DSP Small Cap Fund,Sudarshan Chemical Industries Ltd,0.29,,Basic Materials,,
Quant Flexi Cap Fund,Dixon Technologies (India) Ltd,0.29,,Technology,,
Navi Flexi Cap Fund,Nippon Life India Asset Management Ltd Ordinary Shares,0.29,,Financial Services,,
Invesco India Midcap Fund,Sonata Software Ltd,0.29,,Technology,19.01076,4.622148
LIC MF Small Cap Fund,Net Receivables / (Payables),0.29,,,,
WhiteOak Capital Mid Cap Fund,Repco Home Finance Ltd,0.29,,Financial Services,5.1493545,0.59245616
Helios Flexi Cap Fund,Piramal Finance Ltd,0.29,,Financial Services,,
WhiteOak Capital Mid Cap Fund,Cholamandalam Financial Holdings Ltd,0.29,,Financial Services,,
Aditya Birla SL Large Cap Fund,Sanofi India Ltd,0.29,,Healthcare,23.809694,10.284163
HDFC Flexi Cap Fund,Hexaware Technologies Ltd Ordinary Shares,0.29,,Technology,,
HSBC Small Cap Fund,Firstsource Solutions Ltd,0.29,,Technology,30.763737,4.407898
HSBC Small Cap Fund,PNC Infratech Ltd,0.29,,Industrials,6.9210367,0.8456543
Aditya Birla SL Flexi Cap Fund,Go Digit General Insurance Ltd,0.29,,Financial Services,,
Kotak Large Cap Fund,Tata Motors Passenger Vehicles Ltd,0.29,,Consumer Cyclical,,
TRUSTMF Flexi Cap Fund,Paras Defence And Space Technologies Ltd,0.29,,Industrials,,
Mahindra Manulife Small Cap Fund,Fedbank Financial Services Ltd,0.29,,Financial Services,,
Mirae Asset Midcap Fund,Campus Activewear Ltd,0.29,,Consumer Cyclical,,
Aditya Birla SL Large Cap Fund,Honeywell Automation India Ltd,0.29,,Industrials,60.97585,7.5087953
Bandhan Small Cap Fund,Eris Lifesciences Ltd Registered Shs,0.29,,Healthcare,,
WhiteOak Capital Mid Cap Fund,IIFL Finance Ltd,0.29,,Financial Services,,
HSBC Small Cap Fund,Data Patterns (India) Ltd,0.28,,Industrials,91.74241,14.127508
HDFC Flexi Cap Fund,JK Lakshmi Cement Ltd,0.28,,Basic Materials,18.972464,1.8051522
PGIM India Midcap Fund,KPIT Technologies Ltd,0.28,,Technology,29.503763,4.822329
Bandhan Small Cap Fund,NCC Ltd,0.28,,Industrials,,
Kotak Large Cap Fund,PG Electroplast Ltd,0.28,,Technology,90.87176,5.911051
WhiteOak Capital Mid Cap Fund,CarTrade Tech Ltd,0.28,,Consumer Cyclical,,
Bandhan Small Cap Fund,Kewal Kiran Clothing Ltd,0.28,,Consumer Cyclical,22.671082,3.7576928
WhiteOak Capital Mid Cap Fund,Shilpa Medicare Ltd,0.28,,Healthcare,49.983555,5.7358236
Bandhan Small Cap Fund,OneSource Specialty Pharma Ltd,0.28,,Healthcare,,
Bandhan Small Cap Fund,Sirca Paints India Ltd Ordinary Shares,0.28,,Basic Materials,,
AXIS Midcap Fund,IndusInd Bank Ltd,0.28,,Financial Services,60.223267,1.2141788
Edelweiss Small Cap Fund,Indigo Paints Ltd Ordinary Shares,0.28,,Basic Materials,,
ICICI Pru Large Cap Fund,India (Republic of),0.28,,,,
Nippon India Growth Mid Cap Fund,GlaxoSmithKline Pharmaceuticals Ltd,0.28,,Healthcare,,
Edelweiss Flexi Cap Fund,Prestige Estates Projects Ltd,0.28,,Real Estate,59.86932,4.183585
Nippon India Growth Mid Cap Fund,Apar Industries Ltd,0.28,,Industrials,56.81733,12.386799
Samco Flexi Cap Fund,Net Receivables / (Payables),0.28,,,,
Franklin India Flexi Cap Fund,Syngene International Ltd,0.28,,Healthcare,73.00181,3.352851
Mahindra Manulife Small Cap Fund,AGI Greenpac Ltd,0.28,,Consumer Cyclical,,
Canara Robeco Large Cap Fund,Tata Motors Ltd,0.28,,Consumer Cyclical,,
Aditya Birla SL Large Cap Fund,Sobha Ltd,0.28,,Real Estate,,
Nippon India Flexi Cap Fund,Cash Offset For Derivatives,0.28,,,,
Nippon India Flexi Cap Fund,Kaynes Technology India Limited_28/07/2026,0.28,,,,
Helios Flexi Cap Fund,V2 Retail Ltd,0.28,,Consumer Cyclical,48.074394,8.878202
WhiteOak Capital Flexi Cap Fund,Karur Vysya Bank Ltd,0.28,,Financial Services,11.819303,2.299122
Bandhan Midcap Fund,Metro Brands Ltd,0.28,,Consumer Cyclical,,
HDFC Flexi Cap Fund,7.38% Govt Stock 2027,0.28,,,,
WhiteOak Capital Flexi Cap Fund,Vishal Mega Mart Ltd,0.28,,Consumer Cyclical,,
Edelweiss Flexi Cap Fund,Bharat Dynamics Ltd.28/07/2026,0.28,,,,
SBI Small Cap Fund,Happiest Minds Technologies Ltd Ordinary Shares,0.27,,Technology,,
Navi Flexi Cap Fund,Union Bank of India,0.27,,Financial Services,6.789941,1.0045413
HSBC Small Cap Fund,Vinati Organics Ltd,0.27,,Basic Materials,30.676085,4.343379
UTI-Large Cap Fund,Balkrishna Industries Ltd,0.27,,Consumer Cyclical,36.381264,4.568192
Bandhan Small Cap Fund,ACME Solar Holdings Ltd,0.27,,Utilities,38.03922,4.411149
Parag Parikh Flexi Cap Fund,Narayana Hrudayalaya Ltd,0.27,,Healthcare,46.511227,8.438228
Mirae Asset Large Cap Fund,KPIT Technologies Ltd,0.27,,Technology,29.503763,4.822329
Bandhan Small Cap Fund,Kolte-Patil Developers Ltd,0.27,,Real Estate,75.81772,3.270142
PGIM India Midcap Fund,Bikaji Foods International Ltd,0.27,,Consumer Defensive,,
HDFC Flexi Cap Fund,Nippon Life India Asset Management Ltd Ordinary Shares,0.27,,Financial Services,,
AXIS Flexi Cap Fund,Neuland Laboratories Ltd,0.27,,Healthcare,75.7588,15.6353445
AXIS Large Cap Fund,LG Electronics India Ltd,0.27,,Technology,63.68928,14.048153
WhiteOak Capital Flexi Cap Fund,Lemon Tree Hotels Ltd,0.27,,Consumer Cyclical,38.54514,6.315281
Bandhan Small Cap Fund,Updater Services Ltd,0.27,,Industrials,,
WhiteOak Capital Flexi Cap Fund,Safari Industries (India) Ltd,0.27,,Consumer Cyclical,44.051006,6.528887
TRUSTMF Flexi Cap Fund,Data Patterns (India) Ltd,0.27,,Industrials,91.74241,14.127508
Mirae Asset Midcap Fund,Net Receivables / (Payables),0.27,,,,
JM Flexicap Fund,Oil & Natural Gas Corp Ltd,0.27,,Energy,,
Quantum Small Cap Fund,ICICI Bank Ltd,0.27,,Financial Services,18.382923,2.6792262
Quant Small Cap Fund,S.P. Apparels Ltd,0.27,,Consumer Cyclical,,
JM Midcap Fund,Ccil,0.27,,,,
Edelweiss Mid Cap Fund,ITC Hotels Ltd,0.27,,Consumer Cyclical,,
Invesco India Midcap Fund,Bharat Forge Ltd,0.27,,Consumer Cyclical,100.00883,11.304634
Bank of India Small Cap Fund,Tata Technologies Ltd,0.27,,Technology,,
DSP Small Cap Fund,CSB Bank Ltd Ordinary Shares,0.26,,Financial Services,,
WhiteOak Capital Flexi Cap Fund,REC Ltd,0.26,,Financial Services,34.348328,5.7735553
PGIM India Midcap Fund,Bharat Rasayan Ltd,0.26,,Basic Materials,3.872936,1.7709291
Franklin India Large Cap Fund,Maruti Suzuki India Ltd,0.26,,Consumer Cyclical,30.770073,4.1185155
Mahindra Manulife Small Cap Fund,GlaxoSmithKline Pharmaceuticals Ltd,0.26,,Healthcare,,
Mirae Asset Midcap Fund,Ola Electric Mobility Ltd,0.26,,Consumer Cyclical,,5.406081
Nippon India Growth Mid Cap Fund,Bata India Ltd,0.26,,Consumer Cyclical,69.212296,5.8036976
HSBC Small Cap Fund,KSH International Ltd,0.26,,Industrials,,
Bandhan Small Cap Fund,Ethos Ltd,0.26,,Consumer Cyclical,,
Bandhan Flexi Cap Fund,HCL Technologies Ltd,0.26,,Technology,21.097977,4.9742002
JM Midcap Fund,Devyani International Ltd,0.26,,Consumer Cyclical,131.89297,10.77409
Franklin India Flexi Cap Fund,India (Republic of),0.26,,,,
HSBC Small Cap Fund,Godfrey Phillips India Ltd,0.26,,Consumer Defensive,27.37881,6.106945
Bandhan Small Cap Fund,Max Estates Ltd,0.26,,Real Estate,,
Aditya Birla SL Large Cap Fund,Afcons Infrastructure Ltd,0.26,,Industrials,40.153732,1.8508021
WhiteOak Capital Flexi Cap Fund,eClerx Services Ltd,0.26,,Technology,22.936602,6.389295
Mirae Asset Flexi Cap Fund,Brigade Enterprises Ltd,0.26,,Real Estate,29.064838,27.865442
Bank of India Small Cap Fund,Clean Science and Technology Ltd,0.26,,Basic Materials,,
ICICI Pru Large Cap Fund,Cash Offset For Derivatives,0.26,,,,
Bank of India Small Cap Fund,Tbill,0.26,,,,
SBI Small Cap Fund,Manappuram Finance Ltd,0.26,,Financial Services,30.949366,2.1463308
Aditya Birla SL Flexi Cap Fund,H.G. Infra Engineering Ltd Ordinary Shares,0.26,,Industrials,,
WhiteOak Capital Flexi Cap Fund,International Gemological Institute Ltd,0.26,,Basic Materials,,
Bandhan Small Cap Fund,Signatureglobal (India) Ltd,0.26,,Real Estate,10.309689,6.095393
WhiteOak Capital Mid Cap Fund,DOMS Industries Ltd,0.25,,Industrials,,
Invesco India Smallcap Fund,City Union Bank Ltd,0.25,,Financial Services,14.732452,1.988053
Bandhan Small Cap Fund,Juniper Hotels Ltd,0.25,,Consumer Cyclical,,
Bandhan Small Cap Fund,Sansera Engineering Ltd,0.25,,Consumer Cyclical,74.63396,7.787878
DSP Large Cap Fund,Hindustan Petroleum Corp Ltd,0.25,,Energy,,
Bandhan Small Cap Fund,Tilaknagar Industries Ltd,0.25,,Consumer Defensive,31.50883,4.089004
Edelweiss Flexi Cap Fund,Hindustan Petroleum Corp Ltd,0.25,,Energy,,
Invesco India Smallcap Fund,Trualt Bioenergy Ltd,0.25,,Energy,,
Mirae Asset Large Cap Fund,Indian Energy Exchange Ltd,0.25,,Financial Services,,
WhiteOak Capital Mid Cap Fund,Metro Brands Ltd,0.25,,Consumer Cyclical,,
Bank of India Large Cap Fund,Pidilite Industries Ltd,0.25,,Basic Materials,64.94523,15.596959
Kotak Large Cap Fund,Lenskart Solutions Ltd,0.25,,Healthcare,195.7732,11.320417
Bandhan Small Cap Fund,National Aluminium Co Ltd,0.25,,Basic Materials,11.390134,3.2384465
HSBC Small Cap Fund,Net Current Assets (Including Cash & Bank Balances),0.25,,,,
ITI Flexi Cap Fund,Shakti Pumps (India) Ltd,0.25,,Industrials,30.11662,3.7369044
Bandhan Small Cap Fund,KFin Technologies Ltd,0.25,,Technology,,
Edelweiss Small Cap Fund,GMM Pfaudler Ltd,0.25,,Industrials,76.915306,3.694746
HDFC Flexi Cap Fund,Restaurant Brands Asia Ltd Ordinary Shares,0.25,,Consumer Cyclical,,
Bandhan Small Cap Fund,Samvardhana Motherson International Ltd,0.25,,Consumer Cyclical,,
DSP Small Cap Fund,R Systems International Ltd,0.25,,Technology,16.652145,4.2457747
Edelweiss Small Cap Fund,Ratnamani Metals & Tubes Ltd,0.25,,Basic Materials,34.481056,3.7558336
Bandhan Small Cap Fund,Star Health and Allied Insurance Co Ltd,0.25,,Financial Services,,
DSP Small Cap Fund,Aadhar Housing Finance Ltd,0.25,,Financial Services,,
Bandhan Midcap Fund,DOMS Industries Ltd,0.25,,Industrials,,
Nippon India Growth Mid Cap Fund,Cash Margin - Derivatives,0.25,,,,
Bandhan Flexi Cap Fund,TBO Tek Ltd,0.25,,Consumer Cyclical,,
Invesco India Flexi Cap Fund,Dredging Corp of India Ltd,0.25,,Industrials,,
WhiteOak Capital Flexi Cap Fund,Future on Trent Ltd,0.25,,,,
WhiteOak Capital Flexi Cap Fund,DOMS Industries Ltd,0.25,,Industrials,,
WhiteOak Capital Flexi Cap Fund,Vedant Fashions Ltd,0.25,,Consumer Cyclical,,
ICICI Pru Large Cap Fund,ABB India Ltd,0.25,,Industrials,39.10034,14.718281
HDFC Mid Cap Fund,Symphony Ltd,0.25,,Consumer Cyclical,,
Edelweiss Mid Cap Fund,Oberoi Realty Ltd,0.24,,Real Estate,24.57135,3.6052597
Bandhan Flexi Cap Fund,Cholamandalam Investment and Finance Co Ltd,0.24,,Financial Services,,
Mirae Asset Large Cap Fund,Sobha Ltd,0.24,,Real Estate,,
HDFC Flexi Cap Fund,Swiggy Ltd,0.24,,Consumer Cyclical,,
HDFC Flexi Cap Fund,Hindustan Petroleum Corp Ltd,0.24,,Energy,,
SBI Large Cap Fund,SKF India Ltd,0.24,,Industrials,28.49211,5.705648
WhiteOak Capital Flexi Cap Fund,Fine Organic Industries Ltd Ordinary Shares,0.24,,Basic Materials,,
Mirae Asset Large Cap Fund,UltraTech Cement Ltd,0.24,,Basic Materials,41.494347,4.6217
Parag Parikh Flexi Cap Fund,Hindustan Petroleum Corp Ltd.,0.24,,,,
Nippon India Growth Mid Cap Fund,Restaurant Brands Asia Ltd Ordinary Shares,0.24,,Consumer Cyclical,,
JM Midcap Fund,National Aluminium Co Ltd,0.24,,Basic Materials,11.390134,3.2384465
Edelweiss Flexi Cap Fund,Deepak Nitrite Ltd,0.24,,Basic Materials,31.248913,4.197999
Bajaj Finserv Flexi Cap Fund,Sun Pharmaceuticals Industries Ltd,0.24,,Healthcare,,
Nippon India Growth Mid Cap Fund,Tata Communications Ltd,0.24,,Communication Services,52.915287,14.511902
Nippon India Flexi Cap Fund,PG Electroplast Ltd,0.24,,Technology,90.87176,5.911051
Mirae Asset Flexi Cap Fund,PB Fintech Ltd,0.24,,Financial Services,,
Edelweiss Large Cap Fund,16/07/2026 Maturing 364 DTB,0.24,,,,
Bank of India Flexi Cap Fund,Netweb Technologies India Ltd,0.24,,Technology,,
Quant Small Cap Fund,K.P.R. Mill Ltd,0.24,,Consumer Cyclical,,
Bandhan Small Cap Fund,Amir Chand Jagdish Kumar Exports Ltd,0.24,,Consumer Defensive,,
Bandhan Small Cap Fund,EPACK Durable Ltd,0.23,,Consumer Cyclical,,
Nippon India Flexi Cap Fund,Honeywell Automation India Ltd,0.23,,Industrials,60.97585,7.5087953
PGIM India Midcap Fund,Kaynes Technology India Ltd,0.23,,Technology,,
Bandhan Small Cap Fund,KEC International Ltd,0.23,,Industrials,21.054482,2.0709355
PGIM India Midcap Fund,Mrs Bectors Food Specialities Ltd Ordinary Shares,0.23,,Consumer Defensive,,
Bandhan Small Cap Fund,Krishna Institute of Medical Sciences Ltd,0.23,,Healthcare,,
Bank of India Small Cap Fund,ICICI Prudential Asset Management Co Ltd,0.23,,Financial Services,,
SBI Midcap Fund,Navin Fluorine International Ltd,0.23,,Basic Materials,,
Bandhan Small Cap Fund,Aegis Vopak Terminals Ltd,0.23,,Energy,102.99638,7.3675237
Mirae Asset Large Cap Fund,PB Fintech Ltd,0.23,,Financial Services,,
Aditya Birla SL Large Cap Fund,Ambuja Cements Ltd,0.23,,Basic Materials,24.327354,1.8076178
HSBC Small Cap Fund,Sterlite Technologies Ltd,0.23,,Technology,138.89131,13.750727
Tata Large Cap Fund,F) Repo,0.23,,,,
Union Largecap Fund,Net Receivable / Payable,0.23,,,,
UTI-Flexi Cap Fund,Anthem Biosciences Ltd,0.23,,Healthcare,83.34985,15.526631
WhiteOak Capital Large Cap Fund,Vedanta Aluminium Metal Ltd,0.23,,Basic Materials,,
Mirae Asset Flexi Cap Fund,Wakefit Innovations Ltd,0.23,,Consumer Cyclical,21.293333,3.7141695
Shriram Flexi Cap Fund,Bharat Petroleum Corporation Ltd.,0.23,,,,
WhiteOak Capital Mid Cap Fund,Travel Food Services Ltd,0.23,,Consumer Cyclical,40.0056,13.0443125
Parag Parikh Flexi Cap Fund,Great Eastern Shipping Co Ltd,0.23,,Industrials,,
Franklin India Mid Cap Fund,JSW Infrastructure Ltd,0.23,,Industrials,46.310345,6.4361844
Nippon India Flexi Cap Fund,Titan Co Ltd,0.23,,Consumer Cyclical,,
Sundaram Mid Cap Fund,Oberoi Realty Ltd,0.23,,Real Estate,24.57135,3.6052597
Bandhan Small Cap Fund,Power Mech Projects Ltd,0.23,,Industrials,22.72822,3.2848563
Baroda BNP Paribas Small Cap Fund,DCM Shriram Ltd,0.23,,Industrials,,
SBI Small Cap Fund,Welspun Corp Ltd,0.23,,Basic Materials,,
Quant Small Cap Fund,Maharashtra Seamless Ltd,0.23,,Basic Materials,11.273179,1.1497189
Quant Small Cap Fund,Himadri Speciality Chemical Ltd,0.23,,Basic Materials,,
Quant Small Cap Fund,SMS Pharmaceuticals Ltd,0.23,,Healthcare,34.12455,4.50618
WhiteOak Capital Mid Cap Fund,International Gemological Institute Ltd,0.23,,Basic Materials,,
WhiteOak Capital Flexi Cap Fund,17/09/2026 Maturing 364 DTB,0.23,,,,
WhiteOak Capital Mid Cap Fund,Gillette India Ltd,0.23,,Consumer Defensive,46.94794,26.453505
ITI Small Cap Fund,Kpit Technologies Limited,0.22,,,29.58666,4.8427024
HDFC Mid Cap Fund,Navneet Education Ltd,0.22,,Communication Services,8.766863,1.4400043
Bandhan Small Cap Fund,Cash / Bank Balance,0.22,,,,
Bandhan Small Cap Fund,HEG Ltd,0.22,,Industrials,36.100697,2.7336922
HDFC Large Cap Fund,Hindalco Industries Ltd,0.22,,Basic Materials,14.367457,1.7221315
Taurus Flexi Cap Fund,Chemtech Industrial Valves Ltd,0.22,,Industrials,25.492857,1.1970886
Bank of India Flexi Cap Fund,Vedanta Power Ltd,0.22,,Utilities,,
Bandhan Small Cap Fund,Sagility Ltd,0.22,,Healthcare,,
Canara Robeco Large Cap Fund,Dr Reddy's Laboratories Ltd,0.22,,Healthcare,,
DSP Flexi Cap Fund,AU Small Finance Bank Ltd,0.22,,Financial Services,28.249933,3.9927256
ICICI Pru Large Cap Fund,Vedanta Ltd,0.22,,Basic Materials,,
Invesco India Midcap Fund,Vishal Mega Mart Ltd,0.22,,Consumer Cyclical,,
WhiteOak Capital Flexi Cap Fund,Firstsource Solutions Ltd,0.22,,Technology,30.763737,4.407898
UTI-Flexi Cap Fund,6.75% Govt Stock 2029,0.22,,,,
UTI-Large Cap Fund,InterGlobe Aviation Ltd,0.22,,Industrials,23.408157,29.576513
Bandhan Small Cap Fund,Oil India Ltd,0.22,,Energy,10.88228,1.2416646
Bandhan Midcap Fund,K.P.R. Mill Ltd,0.22,,Consumer Cyclical,,
Bandhan Small Cap Fund,Quess Corp Ltd,0.22,,Industrials,,
WhiteOak Capital Flexi Cap Fund,OnEMI Technology Solutions Ltd,0.22,,Financial Services,,
LIC MF Large Cap Fund,Net Receivables / (Payables),0.22,,,,
Bandhan Small Cap Fund,Jupiter Wagons Ltd,0.22,,Industrials,,
Bandhan Small Cap Fund,Ujjivan Small Finance Bank Ltd Ordinary Shares,0.22,,Financial Services,,
AXIS Flexi Cap Fund,Brigade Hotel Ventures Ltd,0.21,,Consumer Cyclical,,
Bank of India Large Cap Fund,Vedanta Power Ltd,0.21,,Utilities,,
Edelweiss Large Cap Fund,India (Republic of),0.21,,,,
Edelweiss Flexi Cap Fund,LTM Ltd,0.21,,Technology,,
Bandhan Large Cap Fund,PG Electroplast Ltd,0.21,,Technology,90.87176,5.911051
Bandhan Small Cap Fund,Syrma SGS Technology Ltd,0.21,,Technology,73.51393,9.521932
Bandhan Small Cap Fund,Sterlite Technologies Ltd,0.21,,Technology,138.89131,13.750727
Union Small Cap Fund,Venus Pipes & Tubes Ltd,0.21,,Basic Materials,32.469635,4.941603
SBI Large Cap Fund,Net Receivable / Payable,0.21,,,,
ICICI Pru Large Cap Fund,Tata Power Co Ltd,0.21,,Utilities,31.554724,3.080304
WhiteOak Capital Mid Cap Fund,OnEMI Technology Solutions Ltd,0.21,,Financial Services,,
Parag Parikh Flexi Cap Fund,Central Depository Services (India) Ltd,0.21,,Financial Services,,
Bandhan Midcap Fund,Crompton Greaves Consumer Electricals Ltd,0.21,,Consumer Cyclical,,
HSBC Small Cap Fund,Safari Industries (India) Ltd,0.21,,Consumer Cyclical,44.051006,6.528887
ICICI Pru Large Cap Fund,09/07/2026 Maturing 182 DTB,0.21,,,,
Edelweiss Mid Cap Fund,Net Receivables/(Payables),0.21,,,,
HDFC Mid Cap Fund,Bharti Hexacom Ltd,0.2,,Communication Services,,
Aditya Birla SL Large Cap Fund,Net Receivables / (Payables),0.2,,,,
ICICI Pru Large Cap Fund,Lupin Ltd,0.2,,Healthcare,25.007946,5.4900575
PGIM India Midcap Fund,Krishna Institute of Medical Sciences Ltd,0.2,,Healthcare,,
WhiteOak Capital Mid Cap Fund,Lemon Tree Hotels Ltd,0.2,,Consumer Cyclical,38.54514,6.315281
Bandhan Small Cap Fund,Apeejay Surrendra Park Hotels Ltd,0.2,,Consumer Cyclical,,
Bandhan Small Cap Fund,Aditya Birla Fashion and Retail Ltd,0.2,,Consumer Cyclical,,
Bandhan Flexi Cap Fund,Bharat Petroleum Corp Ltd,0.2,,Energy,,
JM Flexicap Fund,Ccil,0.2,,,,
JM Flexicap Fund,Newgen Software Technologies Ltd,0.2,,Technology,,
Canara Robeco Large Cap Fund,Net Current Assets,0.2,,,,
Franklin India Mid Cap Fund,India (Republic of),0.2,,,,
Bandhan Small Cap Fund,Heritage Foods Ltd,0.2,,Consumer Defensive,24.814814,3.0429697
Canara Robeco Small Cap Fund,Net Current Assets,0.2,,,,
Bandhan Small Cap Fund,Usha Martin Ltd,0.2,,Basic Materials,29.498856,4.7534885
Tata Small Cap Fund,Automotive Axles Ltd,0.2,,Consumer Cyclical,16.834635,2.5202658
Kotak Midcap Fund,City Union Bank Ltd,0.2,,Financial Services,14.732452,1.988053
WhiteOak Capital Large Cap Fund,Info Edge (India) Ltd,0.2,,Communication Services,54.93524,2.101429
HDFC Mid Cap Fund,Billionbrains Garage Ventures Ltd,0.2,,Financial Services,,
Parag Parikh Flexi Cap Fund,Petronet LNG Ltd,0.2,,Energy,10.671012,1.8728886
Edelweiss Flexi Cap Fund,Firstsource Solutions Ltd,0.2,,Technology,30.763737,4.407898
Edelweiss Flexi Cap Fund,Hindustan Aeronautics Ltd Ordinary Shares,0.2,,Industrials,,
Union Midcap Fund,Net Receivable / Payable,0.2,,,,
Bajaj Finserv Flexi Cap Fund,Senores Pharmaceuticals Ltd,0.2,,Healthcare,,
UTI-Large Cap Fund,Samvardhana Motherson International Ltd,0.2,,Consumer Cyclical,,
Bajaj Finserv Flexi Cap Fund,Sanofi Consumer Healthcare India Ltd,0.2,,Healthcare,,
Nippon India Growth Mid Cap Fund,Deepak Nitrite Ltd,0.2,,Basic Materials,31.248913,4.197999
Bandhan Small Cap Fund,Computer Age Management Services Ltd Ordinary Shares,0.2,,Technology,,
Bandhan Small Cap Fund,Vishnu Chemicals Ltd,0.2,,Basic Materials,27.696125,3.665791
WhiteOak Capital Mid Cap Fund,Aditya Birla Capital Limited,0.2,,,26.376858,3.1052613
Bandhan Midcap Fund,Motilal Oswal Financial Services Ltd,0.19,,Financial Services,,
WhiteOak Capital Flexi Cap Fund,Sobha Ltd,0.19,,Real Estate,,
WhiteOak Capital Flexi Cap Fund,Epack Prefab Technologies Ltd,0.19,,Industrials,,
Parag Parikh Flexi Cap Fund,CMS Info Systems Ltd,0.19,,Industrials,,
WhiteOak Capital Flexi Cap Fund,Tenneco Clean Air India Ltd,0.19,,Consumer Cyclical,,
WhiteOak Capital Mid Cap Fund,AU Small Finance Bank Ltd,0.19,,Financial Services,28.249933,3.9927256
Mirae Asset Midcap Fund,Mirae Asset Liquid Dir Gr,0.19,,,,
Bandhan Small Cap Fund,Pondy Oxides And Chemicals Ltd,0.19,,Basic Materials,,
DSP Small Cap Fund,Jamna Auto Industries Ltd,0.19,,Consumer Cyclical,25.13889,5.0300484
ICICI Pru Large Cap Fund,Punjab National Bank,0.19,,,5.9734654,0.8438561
Bandhan Midcap Fund,PG Electroplast Ltd,0.19,,Technology,90.87176,5.911051
Quant Small Cap Fund,Triveni Turbine Ltd,0.19,,Industrials,57.806538,13.972252
Bandhan Small Cap Fund,Sapphire Foods India Ltd,0.19,,Consumer Cyclical,96.42999,5.182001
Bandhan Small Cap Fund,Baazar Style Retail Ltd,0.19,,Consumer Cyclical,51.058914,5.310005
Bank of India Flexi Cap Fund,Vedanta Iron and Steel Ltd,0.19,,Basic Materials,,
Motilal Oswal Small Cap Fund,Netweb Technologies India Ltd,0.19,,Technology,,
SBI Large Cap Fund,Cipla Ltd,0.19,,Healthcare,35.08629,3.4341109
Union Small Cap Fund,Net Receivable / Payable,0.19,,,,
Nippon India Flexi Cap Fund,LG Electronics India Ltd,0.19,,Technology,63.68928,14.048153
Invesco India Smallcap Fund,Birla Corp Ltd,0.19,,Basic Materials,12.7151985,0.95604503
PGIM India Midcap Fund,PI Industries Ltd,0.19,,Basic Materials,31.848026,3.7480412
Bank of India Small Cap Fund,Unicommerce eSolutions Ltd,0.19,,Technology,,
WhiteOak Capital Mid Cap Fund,Intellect Design Arena Ltd,0.19,,Technology,,
WhiteOak Capital Mid Cap Fund,Safari Industries (India) Ltd,0.19,,Consumer Cyclical,44.051006,6.528887
Kotak Midcap Fund,Cash Offset For Derivatives,0.19,,,,
PGIM India Midcap Fund,Dr Agarwal’s Health Care Ltd,0.19,,Healthcare,,
Nippon India Flexi Cap Fund,Niva Bupa Health Insurance Co Ltd,0.19,,Financial Services,,
Bandhan Large Cap Fund,Indian Oil Corp Ltd,0.19,,Energy,5.8642125,0.899374
HDFC Mid Cap Fund,Net Current Assets,0.19,,,,
HDFC Mid Cap Fund,Five-Star Business Finance Ltd,0.19,,Financial Services,14.521263,2.171574
HSBC Small Cap Fund,Hi-Tech Pipes Ltd,0.19,,Basic Materials,,
Edelweiss Small Cap Fund,Carraro India Ltd,0.19,,Consumer Cyclical,21.883173,5.0548787
WhiteOak Capital Flexi Cap Fund,Indiqube Spaces Ltd,0.18,,Real Estate,,
Bandhan Flexi Cap Fund,Vinati Organics Ltd,0.18,,Basic Materials,30.676085,4.343379
Bandhan Small Cap Fund,Motilal Oswal Financial Services Ltd,0.18,,Financial Services,,
Mahindra Manulife Flexi Cap Fund,ACME Solar Holdings Ltd,0.18,,Utilities,38.03922,4.411149
Bandhan Midcap Fund,Amber Enterprises India Ltd Ordinary Shares,0.18,,Consumer Cyclical,,
Quant Small Cap Fund,Bata India Ltd,0.18,,Consumer Cyclical,69.212296,5.8036976
WhiteOak Capital Flexi Cap Fund,Canara HSBC Life Insurance Co Ltd,0.18,,Financial Services,,
Bandhan Small Cap Fund,Hindustan Petroleum Corp Ltd,0.18,,Energy,,
Bandhan Small Cap Fund,Birlasoft Ltd,0.18,,Technology,,
Bandhan Small Cap Fund,Net Receivables/Payables,0.18,,,,
Kotak Large Cap Fund,ICICI Bank Ltd.-JUL2026,0.18,,,,
Nippon India Large Cap Fund,PVR INOX Ltd,0.18,,Communication Services,,
WhiteOak Capital Mid Cap Fund,ICICI Lombard General Insurance Co Ltd,0.18,,Financial Services,,
WhiteOak Capital Flexi Cap Fund,Tata Consultancy Services Ltd,0.18,,Technology,17.2117,8.097646
Bandhan Small Cap Fund,Sunteck Realty Ltd,0.18,,Real Estate,20.574675,1.2137046
WhiteOak Capital Flexi Cap Fund,Future on LTM Ltd,0.18,,,,
HDFC Large Cap Fund,SBI Life Insurance Co Ltd,0.18,,Financial Services,71.42033,9.250212
Mirae Asset Large Cap Fund,Oil & Natural Gas Corp Ltd,0.18,,Energy,,
WhiteOak Capital Flexi Cap Fund,Clean Max Enviro Energy Solutions Ltd,0.18,,Utilities,,
Bank of India Large Cap Fund,Vedanta Iron and Steel Ltd,0.18,,Basic Materials,,
PGIM India Flexi Cap Fund,TD Power Systems Ltd,0.18,,Industrials,82.627785,18.378323
Edelweiss Mid Cap Fund,Muthoot Finance Ltd,0.18,,Financial Services,10.19353,2.9614034
AXIS Flexi Cap Fund,Tata Capital Ltd,0.18,,Financial Services,,
Mirae Asset Large Cap Fund,Tata Steel Ltd,0.18,,Basic Materials,34.495415,2.4665117
Aditya Birla SL Large Cap Fund,CG Power & Industrial Solutions Ltd,0.18,,Industrials,,
ICICI Pru Large Cap Fund,Supreme Industries Ltd,0.18,,Industrials,42.736526,7.087394
Edelweiss Large Cap Fund,Hindustan Petroleum Corp Ltd,0.18,,Energy,,
Bandhan Small Cap Fund,Bank of Baroda,0.18,,Financial Services,7.138383,0.7690585
WhiteOak Capital Flexi Cap Fund,Nuvoco Vista Corp Ltd,0.18,,Basic Materials,32.018517,1.207436
Quant Small Cap Fund,Oswal Pumps Ltd,0.18,,Industrials,,
WhiteOak Capital Flexi Cap Fund,Cholamandalam Financial Holdings Ltd,0.18,,Financial Services,,
Motilal Oswal Large Cap Fund,JSW Infrastructure Ltd,0.17,,Industrials,46.310345,6.4361844
WhiteOak Capital Flexi Cap Fund,Elgi Equipments Ltd,0.17,,Industrials,43.30022,8.31144
WhiteOak Capital Flexi Cap Fund,Force Motors Ltd,0.17,,Consumer Cyclical,19.493238,5.918244
DSP Flexi Cap Fund,Net Receivables/Payables,0.17,,,,
Bandhan Small Cap Fund,GPT Healthcare Ltd,0.17,,Healthcare,,
Bandhan Small Cap Fund,Petronet LNG Ltd,0.17,,Energy,10.671012,1.8728886
Invesco India Smallcap Fund,Aster DM Quality Care Ltd Ordinary Shares,0.17,,Healthcare,,
Parag Parikh Flexi Cap Fund,Small Industries Development Bank Of India,0.17,,,,
DSP Large Cap Fund,ICICI Prudential Life Insurance Co Ltd,0.17,,Financial Services,,
WhiteOak Capital Flexi Cap Fund,Sudeep Pharma Ltd,0.17,,Healthcare,,
WhiteOak Capital Flexi Cap Fund,Tata Consultancy Services Limited,0.17,,,17.240967,8.094345
WhiteOak Capital Flexi Cap Fund,Jupiter Life Line Hospitals Ltd,0.17,,Healthcare,,
Parag Parikh Flexi Cap Fund,Bank Of Baroda (16/10/2026),0.17,,,,
Bandhan Small Cap Fund,Satin Creditcare Network Ltd,0.17,,Financial Services,,
Parag Parikh Flexi Cap Fund,Punjab National Bank,0.17,,,5.9734654,0.8438561
Shriram Flexi Cap Fund,Cohance Lifesciences Ltd,0.17,,Healthcare,94.84043,4.368642
Aditya Birla SL Large Cap Fund,Aditya BSL Nifty Next 50 ETF,0.17,,,,
AXIS Midcap Fund,Persistent Systems Ltd,0.17,,Technology,44.642857,10.92834
Tata Mid Cap Fund,F) Repo,0.17,,,,
Navi Flexi Cap Fund,Supreme Industries Ltd,0.17,,Industrials,42.736526,7.087394
Aditya Birla SL Large Cap Fund,India (Republic of),0.17,,,,
Bandhan Small Cap Fund,Zee Entertainment Enterprises Ltd,0.17,,Communication Services,,
Kotak Midcap Fund,Kotak Liquid Dir Gr,0.17,,,,
AXIS Large Cap Fund,Tata Motors Ltd,0.17,,Consumer Cyclical,,
ICICI Pru Large Cap Fund,Bajaj Auto Ltd,0.17,,Consumer Cyclical,27.70058,8.37947
Edelweiss Small Cap Fund,National Aluminium Co Ltd,0.17,,Basic Materials,11.390134,3.2384465
HSBC Small Cap Fund,Seshaasai Technologies Ltd,0.17,,Technology,,
Quant Small Cap Fund,Castrol India Ltd,0.17,,Energy,17.884436,9.958484
Bandhan Small Cap Fund,Ramco Cements Ltd,0.17,,Basic Materials,,
Canara Robeco Large Cap Fund,SRF Ltd,0.17,,Industrials,35.841557,5.5199285
Mirae Asset Large Cap Fund,Mirae Asset Liquid Dir Gr,0.17,,,,
HDFC Flexi Cap Fund,Neuland Laboratories Ltd,0.17,,Healthcare,75.7588,15.6353445
HDFC Mid Cap Fund,Greenlam Industries Ltd,0.16,,Consumer Cyclical,123.84616,5.9218073
SBI Small Cap Fund,Day Tbill,0.16,,,,
SBI Small Cap Fund,PhysicsWallah Ltd,0.16,,Consumer Defensive,,
Bandhan Small Cap Fund,Narayana Hrudayalaya Ltd,0.16,,Healthcare,46.511227,8.438228
Bandhan Small Cap Fund,Keystone Realtors Ltd,0.16,,Real Estate,,
HDFC Mid Cap Fund,Greenply Industries Ltd,0.16,,Basic Materials,36.246838,3.964584
Quant Small Cap Fund,Capacit'e Infraprojects Ltd,0.16,,Industrials,,
Franklin India Flexi Cap Fund,Metropolis Healthcare Ltd,0.16,,Healthcare,57.82341,7.7167597
Bandhan Small Cap Fund,NTPC Green Energy Ltd,0.16,,Utilities,,
Sundaram Large Cap Fund,JSW Infrastructure Ltd,0.16,,Industrials,46.310345,6.4361844
SBI Small Cap Fund,Ajax Engineering Ltd,0.16,,Industrials,,
Bandhan Small Cap Fund,Jyothy Labs Ltd,0.16,,Consumer Defensive,,
Bandhan Small Cap Fund,Aarti Industries Ltd,0.16,,Basic Materials,34.366875,3.0478146
Nippon India Flexi Cap Fund,Bluestone Jewellery And Lifestyle Ltd,0.16,,Consumer Cyclical,,
ITI Small Cap Fund,ITI Dynamic Term Dir Gr,0.16,,,,
WhiteOak Capital Mid Cap Fund,Epack Prefab Technologies Ltd,0.16,,Industrials,,
Navi Flexi Cap Fund,Suprajit Engineering Ltd,0.16,,Consumer Cyclical,39.203606,4.985239
PGIM India Midcap Fund,Coforge Ltd,0.16,,Technology,,
Edelweiss Large Cap Fund,Clearing Corporation Of India Ltd.,0.16,,,,
Bandhan Small Cap Fund,CESC Ltd,0.16,,Utilities,13.964226,1.7352923
WhiteOak Capital Mid Cap Fund,Sobha Ltd,0.16,,Real Estate,,
HDFC Mid Cap Fund,Colgate-Palmolive (India) Ltd,0.16,,Consumer Defensive,41.325695,34.725204
Bandhan Small Cap Fund,Voltamp Transformers Ltd,0.15,,Industrials,31.847237,6.1297164
UTI-Mid Cap Fund,Ceat Ltd,0.15,,Consumer Cyclical,27.161146,3.2932618
Parag Parikh Flexi Cap Fund,Eternal Ltd,0.15,,Consumer Cyclical,,
WhiteOak Capital Mid Cap Fund,3M India Ltd,0.15,,Industrials,77.51976,22.932638
Quant Flexi Cap Fund,Tech Mahindra Limited,0.15,,,28.248098,4.8892374
PGIM India Midcap Fund,29/10/2026 Maturing 364 DTB,0.15,,,,
Bandhan Small Cap Fund,Orchid Pharma Ltd,0.15,,Healthcare,,
SBI Small Cap Fund,Margin Amount For Derivative Positions,0.15,,,,
Quant Small Cap Fund,Embassy Developments Ltd,0.15,,Real Estate,,0.8877373
Quant Small Cap Fund,Sula Vineyards Ltd,0.15,,Consumer Defensive,,
WhiteOak Capital Mid Cap Fund,Blue Star Ltd,0.15,,Industrials,62.967583,10.043221
Parag Parikh Flexi Cap Fund,Eternal Limited July 2026 Future,0.15,,,,
WhiteOak Capital Flexi Cap Fund,Nucleus Software Exports Ltd,0.15,,Technology,17.300299,2.0112016
Parag Parikh Flexi Cap Fund,Future on BANK Index,0.15,,,,
Franklin India Flexi Cap Fund,TeamLease Services Ltd,0.15,,Industrials,151.58403,2.0153174
Aditya Birla SL Flexi Cap Fund,Happy Forgings Ltd,0.15,,Industrials,,
WhiteOak Capital Mid Cap Fund,Krishna Institute of Medical Sciences Ltd,0.15,,Healthcare,,
HDFC Mid Cap Fund,LG Electronics India Ltd,0.15,,Technology,63.68928,14.048153
WhiteOak Capital Mid Cap Fund,Kpit Technologies Limited,0.15,,,29.58666,4.8427024
WhiteOak Capital Flexi Cap Fund,ICICI Prudential Asset Management Co Ltd,0.15,,Financial Services,,
Nippon India Flexi Cap Fund,Awfis Space Solutions Ltd,0.15,,Industrials,27.384071,3.5174153
NJ Flexi Cap Fund,Tbill,0.15,,,,
Bandhan Small Cap Fund,Steel Strips Wheels Ltd,0.15,,Consumer Cyclical,22.885757,2.6875398
WhiteOak Capital Flexi Cap Fund,Vedanta Aluminium Metal Ltd,0.15,,Basic Materials,,
Bandhan Flexi Cap Fund,Pfizer Ltd,0.15,,Healthcare,30.488506,5.3124375
WhiteOak Capital Flexi Cap Fund,Jyothy Labs Ltd,0.14,,Consumer Defensive,,
HSBC Small Cap Fund,Swiggy Ltd,0.14,,Consumer Cyclical,,
Franklin India Large Cap Fund,India (Republic of),0.14,,,,
Parag Parikh Flexi Cap Fund,ICICI Bank Ltd.,0.14,,,18.382923,2.6792262
DSP Large Cap Fund,Cash Margin,0.14,,,,
Motilal Oswal Small Cap Fund,Allied Blenders and Distillers Ltd,0.14,,Consumer Defensive,,
Bank of India Flexi Cap Fund,Rane Holdings Ltd,0.14,,Consumer Cyclical,25.642094,2.1693964
WhiteOak Capital Flexi Cap Fund,Xpro India Ltd,0.14,,Basic Materials,77.54053,3.3992715
Kotak Large Cap Fund,Titan Co Ltd,0.14,,Consumer Cyclical,,
Quantum Small Cap Fund,Net Receivable/(Payable),0.14,,,,
Parag Parikh Flexi Cap Fund,Hindustan Aeronautics Ltd Ordinary Shares,0.14,,Industrials,,
Parag Parikh Flexi Cap Fund,REC Ltd.,0.14,,,34.348328,5.7735553
SBI Large Cap Fund,Vedanta Ltd,0.14,,Basic Materials,,
Quant Small Cap Fund,Prime Securities Ltd,0.14,,Financial Services,36.263805,4.2510495
DSP Flexi Cap Fund,Bajaj Finserv Ltd,0.14,,Financial Services,31.746208,4.122072
Bandhan Small Cap Fund,Bharat Coking Coal Ltd,0.14,,Basic Materials,,2.7455878
Bandhan Small Cap Fund,Blue Star Ltd,0.14,,Industrials,62.967583,10.043221
Bandhan Small Cap Fund,JK Lakshmi Cement Ltd,0.14,,Basic Materials,18.972464,1.8051522
Kotak Midcap Fund,KEI INDUSTRIES LTD.-JUL2026,0.14,,,,
HDFC Mid Cap Fund,KNR Constructions Ltd,0.14,,Industrials,9.022581,0.790305
Bandhan Small Cap Fund,Metropolis Healthcare Ltd,0.14,,Healthcare,57.82341,7.7167597
Baroda BNP Paribas Small Cap Fund,Ramco Cements Ltd,0.14,,Basic Materials,,
Bandhan Small Cap Fund,Craftsman Automation Ltd,0.14,,Consumer Cyclical,54.34704,7.6615663
Bandhan Midcap Fund,Ellenbarrie Industrial Gases Ltd,0.14,,Basic Materials,,
AXIS Flexi Cap Fund,Sobha Ltd,0.14,,Real Estate,,
Edelweiss Flexi Cap Fund,Net Receivables/(Payables),0.14,,,,
Parag Parikh Flexi Cap Fund,Hindustan Aeronautics Limited July 2026 Future,0.14,,,,
Invesco India Midcap Fund,Tube Investments of India Ltd Ordinary Shares,0.14,,Industrials,,
WhiteOak Capital Flexi Cap Fund,Mastek Ltd,0.13,,Technology,13.679809,1.8369911
Bandhan Small Cap Fund,Archean Chemical Industries Ltd,0.13,,Basic Materials,,
WhiteOak Capital Large Cap Fund,Anantam Highways Trust Invits,0.13,,Financial Services,,
Bandhan Flexi Cap Fund,GlaxoSmithKline Pharmaceuticals Ltd,0.13,,Healthcare,,
Mahindra Manulife Small Cap Fund,Wakefit Innovations Ltd,0.13,,Consumer Cyclical,21.293333,3.7141695
WhiteOak Capital Flexi Cap Fund,Anantam Highways Trust Invits,0.13,,Financial Services,,
Parag Parikh Flexi Cap Fund,Mahanagar Gas Ltd,0.13,,Utilities,15.504762,1.7513447
WhiteOak Capital Flexi Cap Fund,Mankind Pharma Ltd,0.13,,Healthcare,,
WhiteOak Capital Flexi Cap Fund,Latent View Analytics Ltd,0.13,,Industrials,31.549894,3.5037668
Parag Parikh Flexi Cap Fund,ICICI Bank Limited,0.13,,,18.382923,2.6792262
Parag Parikh Flexi Cap Fund,Kotak Mahindra Bank Limited (Formerly Kotak Mahindra Finance Limited),0.13,,,,
DSP Flexi Cap Fund,REC Ltd,0.13,,Financial Services,34.348328,5.7735553
Quant Small Cap Fund,The Orissa Minerals Development Co Ltd,0.13,,Basic Materials,,
Baroda BNP Paribas Mid Cap Fund,Net Receivables / (Payables),0.13,,,,
Nippon India Growth Mid Cap Fund,Sanofi India Ltd,0.13,,Healthcare,23.809694,10.284163
Bandhan Small Cap Fund,Emcure Pharmaceuticals Ltd,0.13,,Healthcare,,
ICICI Pru Large Cap Fund,Oil India Ltd,0.13,,Energy,10.88228,1.2416646
Bandhan Small Cap Fund,Jindal Saw Ltd,0.13,,Basic Materials,15.391157,1.4340041
Bandhan Small Cap Fund,Vedanta Aluminium Metal Ltd,0.13,,Basic Materials,,
Bandhan Small Cap Fund,Edelweiss Financial Services Ltd,0.13,,Financial Services,,
UTI-Mid Cap Fund,Ashok Leyland Ltd,0.13,,Industrials,30.033842,7.320795
Bandhan Small Cap Fund,Landmark Cars Ltd,0.13,,Consumer Cyclical,,
Quant Small Cap Fund,Ravindra Energy Ltd,0.13,,Technology,,
ICICI Pru Large Cap Fund,Wipro Ltd,0.13,,Technology,14.906995,2.3944075
Bandhan Midcap Fund,Adani Enterprises Ltd,0.13,,Energy,52.359394,4.8032765
WhiteOak Capital Mid Cap Fund,Oracle Financial Services Software Ltd,0.13,,Technology,,
UTI-Mid Cap Fund,JSW Infrastructure Ltd,0.13,,Industrials,46.310345,6.4361844
Quant Small Cap Fund,Bharti Airtel Ltd,0.13,,Communication Services,40.983265,7.5497437
UTI-Mid Cap Fund,La Opala RG Ltd,0.13,,Consumer Cyclical,22.827131,2.5728629
SBI Large Cap Fund,Day Tbill,0.12,,,,
Bandhan Small Cap Fund,Greenply Industries Ltd,0.12,,Basic Materials,36.246838,3.964584
Bandhan Small Cap Fund,Krsnaa Diagnostics Ltd,0.12,,Healthcare,18.150484,1.855798
Bandhan Small Cap Fund,Time Technoplast Ltd,0.12,,Consumer Cyclical,18.147034,2.474516
Bandhan Small Cap Fund,Medplus Health Services Ltd,0.12,,Healthcare,,
Bandhan Small Cap Fund,CSB Bank Ltd Ordinary Shares,0.12,,Financial Services,,
Bandhan Small Cap Fund,Emami Ltd,0.12,,Consumer Defensive,24.025671,6.1474614
ITI Small Cap Fund,ITI Banking & PSU Dir Gr,0.12,,,,
Aditya Birla SL Large Cap Fund,7.38% Govt Stock 2027,0.12,,,,
Edelweiss Small Cap Fund,RHI Magnesita India Ltd,0.12,,Industrials,22.475494,2.3941674
WhiteOak Capital Mid Cap Fund,Carraro India Ltd,0.12,,Consumer Cyclical,21.883173,5.0548787
WhiteOak Capital Mid Cap Fund,Page Industries Ltd,0.12,,Consumer Cyclical,58.260082,29.617994
SBI Midcap Fund,Day Tbill,0.12,,,,
Bandhan Small Cap Fund,Five-Star Business Finance Ltd,0.12,,Financial Services,14.521263,2.171574
Bandhan Small Cap Fund,NLC India Ltd,0.12,,Utilities,,
Mirae Asset Large Cap Fund,Solar Industries India Ltd,0.12,,Basic Materials,99.0099,26.524855
Bandhan Small Cap Fund,Amanta Healthcare Ltd,0.12,,Healthcare,,
WhiteOak Capital Flexi Cap Fund,Newgen Software Technologies Ltd,0.12,,Technology,,
Nippon India Growth Mid Cap Fund,Cash Offset For Derivatives,0.12,,,,
Nippon India Growth Mid Cap Fund,Astral Limited_28/07/2026,0.12,,,,
Nippon India Growth Mid Cap Fund,Net Current Assets,0.12,,,,
WhiteOak Capital Flexi Cap Fund,Orkla India Ltd,0.12,,Consumer Defensive,,
Baroda BNP Paribas Large Cap Fund,Future on UltraTech Cement Ltd,0.12,,,,
Parag Parikh Flexi Cap Fund,Sun Pharmaceutical Industries Limited July 2026 Future,0.12,,,,
AXIS Midcap Fund,Indus Towers Ltd Ordinary Shares,0.12,,Communication Services,,
Bandhan Flexi Cap Fund,ICICI Lombard General Insurance Co Ltd,0.12,,Financial Services,,
WhiteOak Capital Flexi Cap Fund,CSB Bank Ltd Ordinary Shares,0.12,,Financial Services,,
NJ Flexi Cap Fund,India (Republic of),0.12,,,,
Parag Parikh Flexi Cap Fund,Small Industries Dev Bank Of India,0.12,,,,
Parag Parikh Flexi Cap Fund,Sun Pharmaceuticals Industries Ltd,0.12,,Healthcare,,
Mirae Asset Large Cap Fund,Chemplast Sanmar Ltd,0.11,,Basic Materials,,
Tata Small Cap Fund,Allcargo Logistics Ltd,0.11,,Industrials,231.50002,2.4819083
Bandhan Flexi Cap Fund,Mahanagar Gas Ltd,0.11,,Utilities,15.504762,1.7513447
Mirae Asset Large Cap Fund,Gujarat Energy Ltd,0.11,,Utilities,,
Bandhan Flexi Cap Fund,JK Cement Ltd,0.11,,Basic Materials,,
Invesco India Largecap Fund,Net Receivables / (Payables),0.11,,,,
Parag Parikh Flexi Cap Fund,ICRA Ltd,0.11,,Financial Services,24.691954,4.0801554
Nippon India Flexi Cap Fund,Vedanta Iron and Steel Ltd,0.11,,Basic Materials,,
HDFC Mid Cap Fund,Dhanuka Agritech Ltd,0.11,,Basic Materials,17.15294,2.7353275
Edelweiss Small Cap Fund,PhysicsWallah Ltd,0.11,,Consumer Defensive,,
WhiteOak Capital Mid Cap Fund,Orkla India Ltd,0.11,,Consumer Defensive,,
Bank of India Flexi Cap Fund,OnEMI Technology Solutions Ltd,0.11,,Financial Services,,
PGIM India Flexi Cap Fund,29/10/2026 Maturing 364 DTB,0.11,,,,
LIC MF Midcap Fund,Net Receivables / (Payables),0.11,,,,
LIC MF Midcap Fund,Balkrishna Industries Ltd,0.11,,Consumer Cyclical,36.381264,4.568192
UTI-Flexi Cap Fund,Motherson Sumi Wiring India Ltd,0.11,,Consumer Cyclical,,
WhiteOak Capital Flexi Cap Fund,Omnitech Engineering Ltd,0.11,,Industrials,77.52681,9.409266
Bandhan Small Cap Fund,Clean Science and Technology Ltd,0.11,,Basic Materials,,
WhiteOak Capital Mid Cap Fund,Prudent Corporate Advisory Services Ltd,0.11,,Financial Services,,
DSP Small Cap Fund,Net Receivables/Payables,0.11,,,,
Bandhan Small Cap Fund,Eureka Forbes Ltd,0.11,,Consumer Cyclical,,
HDFC Flexi Cap Fund,ICICI Prudential Asset Management Co Ltd,0.11,,Financial Services,,
Quant Small Cap Fund,Intellect Design Arena Ltd,0.11,,Technology,,
Bandhan Small Cap Fund,Bombay Burmah Trading Corp Ltd,0.11,,Consumer Defensive,,
HDFC Flexi Cap Fund,7.32% Govt Stock 2030,0.11,,,,
JM Flexicap Fund,Shaily Engineering Plastics Ltd,0.1,,Basic Materials,,
Bajaj Finserv Flexi Cap Fund,Vedanta Iron and Steel Ltd,0.1,,Basic Materials,,
Bandhan Small Cap Fund,Flair Writing Industries Ltd,0.1,,Industrials,,
Bandhan Flexi Cap Fund,Swiggy Ltd,0.1,,Consumer Cyclical,,
WhiteOak Capital Mid Cap Fund,Fine Organic Industries Ltd Ordinary Shares,0.1,,Basic Materials,,
Tata Small Cap Fund,Rallis India Ltd,0.1,,Basic Materials,19.383986,2.0278141
HDFC Flexi Cap Fund,Net Current Assets,0.1,,,,
UTI-Mid Cap Fund,Triveni Turbine Ltd,0.1,,Industrials,57.806538,13.972252
WhiteOak Capital Mid Cap Fund,Aether Industries Ltd,0.1,,Basic Materials,,
WhiteOak Capital Mid Cap Fund,Indiqube Spaces Ltd,0.1,,Real Estate,,
WhiteOak Capital Mid Cap Fund,Max Healthcare Institute Limited,0.1,,,72.44414,9.689133
HDFC Flexi Cap Fund,7.37% Govt Stock 2028,0.1,,,,
Bandhan Large Cap Fund,Cash Margin - Derivatives,0.1,,,,
Baroda BNP Paribas Large Cap Fund,Future on Persistent Systems Ltd,0.1,,,,
ICICI Pru Large Cap Fund,Hdfc Bank Ltd. $$,0.1,,,16.051823,1.856211
Bandhan Small Cap Fund,Brigade Hotel Ventures Ltd,0.1,,Consumer Cyclical,,
Nippon India Large Cap Fund,ICICI Lombard General Insurance Co Ltd,0.1,,Financial Services,,
Parag Parikh Flexi Cap Fund,Titan Co Ltd,0.1,,Consumer Cyclical,,
Bandhan Small Cap Fund,Suryoday Small Finance Bank Ltd,0.1,,Financial Services,,
Bandhan Small Cap Fund,J.B. Chemicals & Pharmaceuticals Ltd,0.1,,Healthcare,,
Bandhan Small Cap Fund,Filatex India Ltd,0.1,,Consumer Cyclical,19.37907,3.8462958
WhiteOak Capital Flexi Cap Fund,Blue Star Limited,0.1,,,59.163734,9.071137
JM Large Cap Fund,Anirit Ventures Ltd,0.1,,Real Estate,,
Bandhan Small Cap Fund,Triveni Engineering & Industries Ltd,0.1,,Consumer Defensive,,
Parag Parikh Flexi Cap Fund,Titan Company Limited July 2026 Future,0.1,,,,
HSBC Midcap Fund,Bharti Hexacom Ltd,0.1,,Communication Services,,
Bajaj Finserv Flexi Cap Fund,Aditya Birla Real Estate Ltd,0.1,,Real Estate,,
Bandhan Small Cap Fund,Ventive Hospitality Ltd,0.1,,Consumer Cyclical,37.16853,2.54417
Bandhan Small Cap Fund,GMM Pfaudler Ltd,0.09,,Industrials,76.915306,3.694746
Parag Parikh Flexi Cap Fund,NTPC Ltd.,0.09,,,10.470804,1.635282
WhiteOak Capital Flexi Cap Fund,Mankind Pharma Limited,0.09,,,49.74681,6.2201624
WhiteOak Capital Flexi Cap Fund,Awfis Space Solutions Ltd,0.09,,Industrials,27.384071,3.5174153
WhiteOak Capital Flexi Cap Fund,Force Motors Limited,0.09,,,19.68504,5.9150467
360 ONE FlexiCap Fund,Vedanta Iron and Steel Ltd,0.09,,Basic Materials,,
Motilal Oswal Small Cap Fund,Net Receivables / (Payables),0.09,,,,
PGIM India Large Cap Fund,29/10/2026 Maturing 364 DTB,0.09,,,,
Bandhan Small Cap Fund,Indus Towers Ltd Ordinary Shares,0.09,,Communication Services,,
Quant Small Cap Fund,Man Infraconstruction Ltd,0.09,,Industrials,15.84895,2.0739007
Bandhan Small Cap Fund,Innova Captab Ltd,0.09,,Healthcare,,
Bandhan Small Cap Fund,Greenpanel Industries Ltd Ordinary Shares,0.09,,Basic Materials,,
Bank of India Large Cap Fund,Canara Bank,0.09,,Financial Services,6.025114,1.016846
Bandhan Small Cap Fund,AstraZeneca Pharma India Ltd,0.09,,Healthcare,108.69706,23.453953
UTI-Large Cap Fund,Polycab India Ltd,0.09,,Industrials,,
Mirae Asset Flexi Cap Fund,Net Receivables / (Payables),0.09,,,,
Bandhan Small Cap Fund,Windlas Biotech Ltd,0.09,,Healthcare,,
Bandhan Small Cap Fund,Rane Holdings Ltd,0.09,,Consumer Cyclical,25.642094,2.1693964
Quant Small Cap Fund,Oriental Hotels Ltd,0.09,,Consumer Cyclical,41.477272,3.299158
HSBC Midcap Fund,Hindalco Industries Ltd,0.09,,Basic Materials,14.367457,1.7221315
Edelweiss Flexi Cap Fund,Dixon Technologies (India) Ltd,0.09,,Technology,,
Mahindra Manulife Small Cap Fund,LMW Ltd,0.09,,Industrials,,
Parag Parikh Flexi Cap Fund,Maharashtra Scooters Ltd,0.09,,Financial Services,56.817436,0.5714534
Helios Flexi Cap Fund,India Shelter Finance Corporation Ltd,0.09,,Financial Services,,
HDFC Flexi Cap Fund,ABB India Ltd,0.09,,Industrials,39.10034,14.718281
WhiteOak Capital Mid Cap Fund,Xpro India Ltd,0.09,,Basic Materials,77.54053,3.3992715
Aditya Birla SL Flexi Cap Fund,Solara Active Pharma Sciences Ltd Ordinary Shares,0.09,,Healthcare,,
Nippon India Growth Mid Cap Fund,Bajaj Housing Finance Ltd,0.09,,Financial Services,26.560371,3.1723552
UTI-Mid Cap Fund,IFB Industries Ltd,0.09,,Consumer Cyclical,39.68353,5.7198715
WhiteOak Capital Mid Cap Fund,Oil India Limited,0.09,,,10.88228,1.2416646
WhiteOak Capital Mid Cap Fund,Omnitech Engineering Ltd,0.09,,Industrials,77.52681,9.409266
HDFC Flexi Cap Fund,Birlasoft Ltd,0.09,,Technology,,
Bandhan Midcap Fund,Net Receivables/Payables,0.09,,,,
WhiteOak Capital Mid Cap Fund,Tube Investments Of India Limited,0.09,,,84.02546,6.921694
Bandhan Small Cap Fund,Interarch Building Solutions Ltd,0.09,,Industrials,,
ICICI Pru Large Cap Fund,Hindustan Unilever Ltd. $$,0.09,,,46.515755,10.1043215
Bandhan Midcap Fund,Cash Margin - Derivatives,0.09,,,,
Parag Parikh Flexi Cap Fund,UltraTech Cement Ltd,0.09,,Basic Materials,41.494347,4.6217
Mirae Asset Large Cap Fund,Restaurant Brands Asia Ltd Ordinary Shares,0.09,,Consumer Cyclical,,
Parag Parikh Flexi Cap Fund,State Bank of India Future July 26,0.09,,,,
Parag Parikh Flexi Cap Fund,Ultratech Cement Limited July 2026 Future,0.09,,,,
Parag Parikh Flexi Cap Fund,State Bank of India,0.09,,Financial Services,12.03334,1.698928
ICICI Pru Large Cap Fund,28/08/2026 Maturing 364 DTB,0.09,,,,
WhiteOak Capital Flexi Cap Fund,NMDC Ltd,0.08,,Basic Materials,10.014152,2.1878703
NJ Flexi Cap Fund,Net Receivables / (Payables),0.08,,,,
ICICI Pru Large Cap Fund,Apollo Hospitals Enterprise Ltd,0.08,,Healthcare,,
SBI Large Cap Fund,Vedanta Power Ltd,0.08,,Utilities,,
WhiteOak Capital Flexi Cap Fund,Arman Financial Services Ltd,0.08,,Financial Services,37.875397,2.2843328
ICICI Pru Large Cap Fund,Hindalco Industries Ltd,0.08,,Basic Materials,14.367457,1.7221315
360 ONE FlexiCap Fund,Vedanta Oil and Gas Ltd,0.08,,Basic Materials,,
Bandhan Flexi Cap Fund,Net Current Assets,0.08,,,,
Quant Small Cap Fund,Graphite India Ltd,0.08,,Industrials,65.13303,2.3673997
Aditya Birla SL Flexi Cap Fund,Cash Offset For Derivatives,0.08,,,,
AXIS Midcap Fund,Linde India Ltd,0.08,,Basic Materials,,
HSBC Small Cap Fund,Cello World Ltd,0.08,,Consumer Cyclical,,
Mirae Asset Large Cap Fund,Vedanta Power Ltd,0.08,,Utilities,,
WhiteOak Capital Flexi Cap Fund,Varroc Engineering Ltd Ordinary Shares,0.08,,Consumer Cyclical,,
Bandhan Small Cap Fund,Anlon Technology Solutions Ltd,0.08,,Industrials,,
Tata Small Cap Fund,POWERGRID Infrastructure Investment Trust Units,0.08,,Utilities,,
Canara Robeco Mid Cap Fund,Metro Brands Ltd,0.08,,Consumer Cyclical,,
HDFC Mid Cap Fund,Greenpanel Industries Ltd Ordinary Shares,0.08,,Basic Materials,,
Bandhan Small Cap Fund,Exide Industries Ltd,0.08,,Consumer Cyclical,44.626595,2.9953663
HDFC Large Cap Fund,Net Current Assets,0.08,,,,
WhiteOak Capital Mid Cap Fund,Newgen Software Technologies Ltd,0.08,,Technology,,
Bandhan Small Cap Fund,Alicon Castalloy Ltd,0.08,,Industrials,,
Bandhan Small Cap Fund,Lumax Auto Technologies Ltd,0.08,,Consumer Cyclical,55.389194,11.1216955
Bandhan Small Cap Fund,Ecos (India) Mobility & Hospitality Ltd,0.08,,Industrials,,
Bandhan Small Cap Fund,Oswal Pumps Ltd,0.08,,Industrials,,
Parag Parikh Flexi Cap Fund,Future on Unilever,0.07,,,,
Bandhan Small Cap Fund,JK Paper Ltd,0.07,,Basic Materials,22.122856,1.272285
Bandhan Small Cap Fund,Gulf Oil Lubricants India Ltd,0.07,,Basic Materials,15.127944,3.820581
PGIM India Midcap Fund,Net Receivables / (Payables),0.07,,,,
HSBC Midcap Fund,Bosch Home Comfort India Ltd,0.07,,Consumer Cyclical,,
HSBC Midcap Fund,Oil India Ltd,0.07,,Energy,10.88228,1.2416646
Bandhan Small Cap Fund,FDC Ltd,0.07,,Healthcare,21.41122,2.4256165
WhiteOak Capital Flexi Cap Fund,Blue Star Ltd,0.07,,Industrials,62.967583,10.043221
Bandhan Small Cap Fund,Hexagon Nutrition Ltd,0.07,,Consumer Defensive,,
Invesco India Flexi Cap Fund,Net Receivables / (Payables),0.07,,,,
Union Largecap Fund,09/07/2026 Maturing 364 DTB,0.07,,,,
WhiteOak Capital Flexi Cap Fund,Bharat Bijlee Ltd,0.07,,Industrials,23.529291,1.2978308
WhiteOak Capital Flexi Cap Fund,Brigade Enterprises Ltd,0.07,,Real Estate,29.064838,27.865442
ICICI Pru Large Cap Fund,Hexaware Technologies Ltd Ordinary Shares,0.07,,Technology,,
Parag Parikh Flexi Cap Fund,Hindustan Unilever Ltd,0.07,,Consumer Defensive,46.515755,10.1043215
WhiteOak Capital Mid Cap Fund,Awfis Space Solutions Ltd,0.07,,Industrials,27.384071,3.5174153
UTI-Flexi Cap Fund,Syngene International Ltd,0.07,,Healthcare,73.00181,3.352851
WhiteOak Capital Mid Cap Fund,Multi Commodity Exchange of India Ltd,0.07,,Financial Services,,
Tata Small Cap Fund,Transindia Real Estate Ltd,0.07,,Real Estate,,
PGIM India Large Cap Fund,Net Receivables / (Payables),0.07,,,,
Quant Small Cap Fund,Digitide Solutions Ltd,0.07,,Industrials,,1.8470203
Quant Small Cap Fund,Mahindra Holidays & Resorts India Ltd,0.07,,Consumer Cyclical,,
Quant Small Cap Fund,Ethos Ltd,0.07,,Consumer Cyclical,,
Quant Small Cap Fund,Sai Silks (Kalamandir) Ltd,0.07,,Consumer Cyclical,,
Parag Parikh Flexi Cap Fund,HDFC Bank Ltd.,0.07,,,16.051823,1.856211
SBI Large Cap Fund,Vedanta Iron and Steel Ltd,0.07,,Basic Materials,,
Quant Small Cap Fund,Newgen Software Technologies Ltd,0.07,,Technology,,
WhiteOak Capital Mid Cap Fund,National Securities Depository Ltd,0.07,,Financial Services,,
Quant Small Cap Fund,Emami Ltd,0.07,,Consumer Defensive,24.025671,6.1474614
WhiteOak Capital Mid Cap Fund,Brigade Enterprises Ltd,0.07,,Real Estate,29.064838,27.865442
Aditya Birla SL Large Cap Fund,Margin (Future And Options),0.07,,,,
WhiteOak Capital Mid Cap Fund,ICICI Prudential Life Insurance Co Ltd,0.07,,Financial Services,,
Bandhan Flexi Cap Fund,Indraprastha Gas Ltd,0.07,,Utilities,13.7129965,1.8475419
Edelweiss Mid Cap Fund,MRF Ltd,0.07,,Consumer Cyclical,23.474194,2.7133775
Bandhan Small Cap Fund,Karur Vysya Bank Ltd,0.06,,Financial Services,11.819303,2.299122
Aditya Birla SL Flexi Cap Fund,United Spirits Limited,0.06,,,64.111916,11.994702
Mirae Asset Midcap Fund,Mirae Asset Money Market Dir Gr,0.06,,,,
DSP Flexi Cap Fund,SRF Ltd,0.06,,Industrials,35.841557,5.5199285
Parag Parikh Flexi Cap Fund,Hindalco Industries Ltd,0.06,,Basic Materials,14.367457,1.7221315
Bandhan Small Cap Fund,Poly Medicure Ltd,0.06,,Healthcare,53.19868,5.5223246
Bandhan Small Cap Fund,MOIL Ltd,0.06,,Basic Materials,18.660416,2.093116
Bandhan Small Cap Fund,Premier Energies Ltd,0.06,,Technology,,
Bandhan Small Cap Fund,IndiaMART InterMESH Ltd,0.06,,Communication Services,21.552254,4.7546673
Bandhan Small Cap Fund,Bansal Wire Industries Ltd,0.06,,Basic Materials,,
Quant Small Cap Fund,PTC India Ltd,0.06,,Utilities,9.929131,1.0050861
Quant Small Cap Fund,Sanofi India Ltd,0.06,,Healthcare,23.809694,10.284163
Nippon India Flexi Cap Fund,Net Current Assets,0.06,,,,
Parag Parikh Flexi Cap Fund,Bharat Electronics Limited July 2026 Future,0.06,,,,
Parag Parikh Flexi Cap Fund,Hindalco Industries Limited July 2026 Future,0.06,,,,
Quant Small Cap Fund,Safari Industries (India) Ltd,0.06,,Consumer Cyclical,44.051006,6.528887
WhiteOak Capital Mid Cap Fund,SJS Enterprises Ltd,0.06,,Consumer Cyclical,,
WhiteOak Capital Large Cap Fund,Nifty,0.06,,,,
WhiteOak Capital Mid Cap Fund,Bharat Bijlee Ltd,0.06,,Industrials,23.529291,1.2978308
Parag Parikh Flexi Cap Fund,Divi's Laboratories Limited July 2026 Future,0.06,,,,
Parag Parikh Flexi Cap Fund,Bharat Electronics Ltd,0.06,,Industrials,47.852028,12.219276
Parag Parikh Flexi Cap Fund,Divi's Laboratories Ltd,0.06,,Healthcare,85.46783,13.0643635
SBI Large Cap Fund,Vedanta Oil and Gas Ltd,0.06,,Basic Materials,,
Bandhan Small Cap Fund,Artemis Medicare Services Ltd Ordinary Shares,0.06,,Healthcare,,
Bandhan Small Cap Fund,All Time Plastics Ltd,0.05,,Consumer Defensive,,
Parag Parikh Flexi Cap Fund,Tata Steel Ltd,0.05,,Basic Materials,34.495415,2.4665117
Kotak Midcap Fund,PERSISTENT SYSTEMS LIMITED-JUL2026,0.05,,,,
DSP Flexi Cap Fund,PI Industries Ltd,0.05,,Basic Materials,31.848026,3.7480412
Bandhan Small Cap Fund,TBO Tek Ltd,0.05,,Consumer Cyclical,,
Bandhan Small Cap Fund,Cash Margin - Ccil,0.05,,,,
ICICI Pru Large Cap Fund,Oberoi Realty Ltd,0.05,,Real Estate,24.57135,3.6052597
ICICI Pru Large Cap Fund,Life Insurance Corporation Of India. $$,0.05,,,8.291245,2.8221679
Bandhan Small Cap Fund,Aster DM Quality Care Ltd Ordinary Shares,0.05,,Healthcare,,
Bandhan Small Cap Fund,Cash Margin - Derivatives,0.05,,,,
Bandhan Small Cap Fund,Concord Enviro Systems Ltd,0.05,,Utilities,25.136862,0.99748725
HSBC Small Cap Fund,DOMS Industries Ltd,0.05,,Industrials,,
HSBC Midcap Fund,Tata Steel Ltd,0.05,,Basic Materials,34.495415,2.4665117
Bandhan Small Cap Fund,Dhanuka Agritech Ltd,0.05,,Basic Materials,17.15294,2.7353275
Bandhan Small Cap Fund,Arvind Fashions Ltd,0.05,,Consumer Cyclical,,
Bandhan Small Cap Fund,Pine Labs Ltd,0.05,,Technology,,
ICICI Pru Large Cap Fund,Tbill,0.05,,,,
AXIS Midcap Fund,L&T Technology Services Ltd,0.05,,Technology,,
AXIS Midcap Fund,Swiggy Ltd,0.05,,Consumer Cyclical,,
Parag Parikh Flexi Cap Fund,Oil & Natural Gas Corp Ltd,0.05,,Energy,,
Union Small Cap Fund,09/07/2026 Maturing 364 DTB,0.05,,,,
Parag Parikh Flexi Cap Fund,Tata Steel Limited July 2026 Future,0.05,,,,
Parag Parikh Flexi Cap Fund,S-Oil Future July 26,0.05,,,,
Aditya Birla SL Large Cap Fund,Cash Offset For Derivatives,0.05,,,,
DSP Small Cap Fund,Cash Margin,0.05,,,,
Mirae Asset Flexi Cap Fund,Vedanta Oil and Gas Ltd,0.05,,Basic Materials,,
Mirae Asset Midcap Fund,AU Small Finance Bank Ltd,0.05,,Financial Services,28.249933,3.9927256
PGIM India Flexi Cap Fund,KSB Ltd,0.05,,Industrials,,
WhiteOak Capital Mid Cap Fund,Alkem Laboratories Limited,0.05,,,29.153913,4.8621597
Union Flexi Cap Fund,09/07/2026 Maturing 364 DTB,0.05,,,,
PGIM India Large Cap Fund,Tvs Motor Company Limited,0.05,,,61.730606,63.15901
Aditya Birla SL Large Cap Fund,United Spirits Limited,0.05,,,64.111916,11.994702
Parag Parikh Flexi Cap Fund,Bank of Baroda,0.05,,,7.138383,0.7690585
WhiteOak Capital Mid Cap Fund,EMA Partners India Ltd,0.05,,Industrials,,
Bandhan Small Cap Fund,Ellenbarrie Industrial Gases Ltd,0.04,,Basic Materials,,
Bandhan Small Cap Fund,Vedant Fashions Ltd,0.04,,Consumer Cyclical,,
Bandhan Small Cap Fund,Bluestone Jewellery And Lifestyle Ltd,0.04,,Consumer Cyclical,,
UTI-Mid Cap Fund,Ipca Laboratories Ltd,0.04,,Healthcare,38.607655,5.4611874
Invesco India Smallcap Fund,Deepak Nitrite Ltd,0.04,,Basic Materials,31.248913,4.197999
Bank of India Small Cap Fund,E I D Parry India Ltd,0.04,,Basic Materials,,
Nippon India Flexi Cap Fund,CESC Ltd,0.04,,Utilities,13.964226,1.7352923
HDFC Mid Cap Fund,Jagran Prakashan Ltd,0.04,,Communication Services,7.0022097,0.68449646
WhiteOak Capital Large Cap Fund,Persistent Systems Ltd,0.04,,Technology,44.642857,10.92834
HSBC Midcap Fund,IDFC First Bank Ltd,0.04,,Financial Services,,
ICICI Pru Large Cap Fund,Vedanta Power Ltd,0.04,,Utilities,,
Quant Small Cap Fund,Gillette India Ltd,0.04,,Consumer Defensive,46.94794,26.453505
ITI Flexi Cap Fund,Axis Bank Limited,0.04,,,13.927326,1.7253225
Quant Small Cap Fund,Heritage Foods Ltd,0.04,,Consumer Defensive,24.814814,3.0429697
Quant Small Cap Fund,E I D Parry India Ltd,0.04,,Basic Materials,,
Quant Small Cap Fund,Sudeep Pharma Ltd,0.04,,Healthcare,,
Bandhan Small Cap Fund,Orient Electric Ltd Ordinary Shares,0.04,,Consumer Cyclical,,
Bandhan Small Cap Fund,Powerica Ltd,0.04,,Industrials,40.333836,2.9711103
Bandhan Small Cap Fund,Horizon Reclaim (India) Ltd,0.04,,Basic Materials,,
Bandhan Small Cap Fund,Blackbuck Ltd,0.04,,Technology,,
WhiteOak Capital Flexi Cap Fund,Aye Finance Ltd,0.04,,Financial Services,,
ICICI Pru Large Cap Fund,Indian Hotels Co Ltd,0.04,,Consumer Cyclical,48.539177,7.9719944
SBI Large Cap Fund,Margin Amount For Derivative Positions,0.04,,,,
DSP Flexi Cap Fund,GAIL (India) Ltd,0.04,,Utilities,11.544548,1.2809391
Union Midcap Fund,09/07/2026 Maturing 364 DTB,0.04,,,,
Parag Parikh Flexi Cap Fund,BSE Ltd,0.04,,Financial Services,,
Parag Parikh Flexi Cap Fund,Bse Limited July 2026 Future,0.04,,,,
Mahindra Manulife Small Cap Fund,Margin Placed With Ccil & Arcl,0.04,,,,
WhiteOak Capital Mid Cap Fund,Aye Finance Ltd,0.04,,Financial Services,,
PGIM India Flexi Cap Fund,Tvs Motor Company Limited,0.04,,,61.730606,63.15901
HSBC Midcap Fund,CRISIL Ltd,0.04,,Financial Services,38.169014,10.298539
AXIS Flexi Cap Fund,Wakefit Innovations Ltd,0.04,,Consumer Cyclical,21.293333,3.7141695
Bandhan Small Cap Fund,Thirumalai Chemicals Ltd,0.04,,Basic Materials,,1.2938454
Bandhan Small Cap Fund,IRM Energy Ltd,0.04,,Utilities,,
Quant Small Cap Fund,Vishnu Prakash R Punglia Ltd,0.04,,Industrials,,
Parag Parikh Flexi Cap Fund,Grasim Industries Ltd,0.04,,Basic Materials,45.452057,2.1782508
HSBC Midcap Fund,Coforge Ltd,0.04,,Technology,,
ICICI Pru Large Cap Fund,Vedanta Oil and Gas Ltd,0.03,,Basic Materials,,
Bandhan Flexi Cap Fund,Sanofi India Ltd,0.03,,Healthcare,23.809694,10.284163
HSBC Midcap Fund,Muthoot Finance Ltd,0.03,,Financial Services,10.19353,2.9614034
WhiteOak Capital Large Cap Fund,Torrent Pharmaceuticals Ltd,0.03,,Healthcare,78.29249,19.85032
Bandhan Small Cap Fund,Jyoti CNC Automation Ltd,0.03,,Industrials,53.208954,8.917973
UTI-Large Cap Fund,Vedanta Power Ltd,0.03,,Utilities,,
UTI-Large Cap Fund,Vedanta Oil and Gas Ltd,0.03,,Basic Materials,,
Quant Small Cap Fund,Primo Chemicals Ltd Shs Dematerialised,0.03,,Basic Materials,,
Bandhan Small Cap Fund,Wakefit Innovations Ltd,0.03,,Consumer Cyclical,21.293333,3.7141695
JM Flexicap Fund,Indian Hotels Co Ltd,0.03,,Consumer Cyclical,48.539177,7.9719944
HSBC Midcap Fund,Max Financial Services Ltd,0.03,,Financial Services,,
WhiteOak Capital Mid Cap Fund,Persistent Systems Ltd,0.03,,Technology,44.642857,10.92834
WhiteOak Capital Mid Cap Fund,Indigo Paints Ltd Ordinary Shares,0.03,,Basic Materials,,
WhiteOak Capital Mid Cap Fund,Dixon Technologies (India) Ltd,0.03,,Technology,,
Quantum Small Cap Fund,Genus Prime Infra Ltd,0.03,,Real Estate,10.64624,0.22894317
Quant Small Cap Fund,Best Agrolife Ltd,0.03,,Basic Materials,,
HSBC Midcap Fund,Mazagon Dock Shipbuilders Ltd,0.03,,Industrials,,
ICICI Pru Large Cap Fund,Oberoi Realty Ltd. $$,0.03,,,24.57135,3.6052597
Mahindra Manulife Mid Cap Fund,Margin Placed With Ccil & Arcl,0.03,,,,
Bandhan Small Cap Fund,Sudarshan Chemical Industries Ltd,0.03,,Basic Materials,,
DSP Midcap Fund,LG Electronics India Ltd,0.03,,Technology,63.68928,14.048153
Bandhan Small Cap Fund,JSW Infrastructure Ltd,0.03,,Industrials,46.310345,6.4361844
DSP Midcap Fund,Net Receivables/Payables,0.03,,,,
Parag Parikh Flexi Cap Fund,DLF Ltd,0.03,,Real Estate,35.97323,3.5110068
Parag Parikh Flexi Cap Fund,Dlf Limited August 2026 Future,0.03,,,,
Parag Parikh Flexi Cap Fund,IndusInd Bank Ltd,0.03,,Financial Services,60.223267,1.2141788
Bandhan Small Cap Fund,VRL Logistics Ltd,0.03,,Industrials,,
Parag Parikh Flexi Cap Fund,Mindspace Business Parks REIT Unit,0.03,,Real Estate,,
Parag Parikh Flexi Cap Fund,Eicher Motors Limited July 2026 Future,0.03,,,,
Parag Parikh Flexi Cap Fund,Eicher Motors Ltd,0.03,,Consumer Cyclical,37.87843,8.764883
Bank of India Flexi Cap Fund,Brigade Enterprises Ltd,0.03,,Real Estate,29.064838,27.865442
Mahindra Manulife Large Cap Fund,Margin Placed With Ccil & Arcl,0.03,,,,
TRUSTMF Flexi Cap Fund,Tvs Motor Company Limited,0.03,,,61.730606,63.15901
Bandhan Small Cap Fund,OnEMI Technology Solutions Ltd,0.03,,Financial Services,,
Tata Flexi Cap Fund,Gokaldas Exports Ltd,0.03,,Consumer Cyclical,60.60948,2.730805
Tata Flexi Cap Fund,Bayer CropScience Ltd,0.03,,Basic Materials,27.472542,6.330108
Union Flexi Cap Fund,Tvs Motor Company Limited,0.03,,,61.730606,63.15901
Mahindra Manulife Flexi Cap Fund,Margin Placed With Ccil & Arcl,0.03,,,,
Bandhan Small Cap Fund,Digitide Solutions Ltd,0.03,,Industrials,,1.8470203
Bandhan Small Cap Fund,Bluspring Enterprises Ltd,0.03,,Industrials,,2.47268
Parag Parikh Flexi Cap Fund,TVS Motor Co Ltd,0.02,,Consumer Cyclical,61.730606,63.15901
Parag Parikh Flexi Cap Fund,IDFC First Bank Ltd,0.02,,Financial Services,,
Parag Parikh Flexi Cap Fund,Grasim Industries Limited July 2026 Future,0.02,,,,
Parag Parikh Flexi Cap Fund,Bajaj Finserv Ltd,0.02,,Financial Services,31.746208,4.122072
Parag Parikh Flexi Cap Fund,Bajaj Finserv Limited July 2026 Future,0.02,,,,
ICICI Pru Large Cap Fund,Vedanta Iron and Steel Ltd,0.02,,Basic Materials,,
Mahindra Manulife Large Cap Fund,Tvs Motor Company Limited,0.02,,,61.730606,63.15901
Parag Parikh Flexi Cap Fund,Indus Towers Ltd Ordinary Shares,0.02,,Communication Services,,
ITI Mid Cap Fund,Tvs Motor Company Limited,0.02,,,61.730606,63.15901
ICICI Pru Large Cap Fund,Indian Oil Corp Ltd,0.02,,Energy,5.8642125,0.899374
Parag Parikh Flexi Cap Fund,Ashok Leyland Limited July 2026 Future,0.02,,,,
Parag Parikh Flexi Cap Fund,Tvs Motor Company Limited July 2026 Future,0.02,,,,
Aditya Birla SL Flexi Cap Fund,Astral Limited,0.02,,,72.45358,9.559875
Edelweiss Large Cap Fund,Indian Bank,0.02,,Financial Services,9.372036,1.4279683
TRUSTMF Flexi Cap Fund,Net Receivables / (Payables),0.02,,,,
HSBC Midcap Fund,Dixon Technologies (India) Ltd,0.02,,Technology,,
PGIM India Midcap Fund,Tvs Motor Company Limited,0.02,,,61.730606,63.15901
HSBC Midcap Fund,Swiggy Ltd,0.02,,Consumer Cyclical,,
Bandhan Flexi Cap Fund,Cash Margin - Ccil,0.02,,,,
AXIS Flexi Cap Fund,Tvs Motor Company Limited,0.02,,,61.730606,63.15901
Aditya Birla SL Flexi Cap Fund,Net Receivables / (Payables),0.02,,,,
NJ Flexi Cap Fund,SBI Cards and Payment Services Ltd Ordinary Shares,0.02,,Financial Services,,
Bandhan Midcap Fund,Cash Margin - Ccil,0.02,,,,
ICICI Pru Large Cap Fund,Net Current Assets,0.02,,,,
Parag Parikh Flexi Cap Fund,Ashok Leyland Ltd,0.02,,Industrials,30.033842,7.320795
DSP Flexi Cap Fund,LG Electronics India Ltd,0.02,,Technology,63.68928,14.048153
SBI Large Cap Fund,Kwality Walls India Ltd,0.02,,Consumer Defensive,,
DSP Flexi Cap Fund,AIA Engineering Ltd,0.02,,Industrials,38.096615,6.013975
Bandhan Small Cap Fund,Safari Industries (India) Ltd,0.02,,Consumer Cyclical,44.051006,6.528887
PGIM India Midcap Fund,K.P.R. Mill Ltd,0.02,,Consumer Cyclical,,
PGIM India Midcap Fund,Cholamandalam Financial Holdings Ltd,0.02,,Financial Services,,
WhiteOak Capital Flexi Cap Fund,Persistent Systems Ltd,0.02,,Technology,44.642857,10.92834
AXIS Midcap Fund,Bosch Ltd,0.02,,Consumer Cyclical,46.152832,8.837203
AXIS Flexi Cap Fund,Meesho Ltd,0.02,,Consumer Cyclical,,
Bank of India Flexi Cap Fund,Tbill,0.02,,,,
Shriram Flexi Cap Fund,Tvs Motor Company Limited,0.02,,,61.730606,63.15901
PGIM India Flexi Cap Fund,Schaeffler India Ltd,0.02,,Consumer Cyclical,,
ITI Flexi Cap Fund,Tvs Motor Company Limited,0.02,,,61.730606,63.15901
Bandhan Small Cap Fund,Chemplast Sanmar Ltd,0.02,,Basic Materials,,
UTI-Flexi Cap Fund,Clearing Corporation Of India Ltd. Std - Margin,0.02,,,,
Bandhan Small Cap Fund,Finbud Financial Services Ltd,0.02,,Financial Services,,
Bandhan Small Cap Fund,STL Networks Ltd,0.02,,Communication Services,,
Union Largecap Fund,Tvs Motor Company Limited,0.02,,,61.730606,63.15901
Bandhan Small Cap Fund,Kalpataru Projects International Ltd,0.02,,Industrials,,
Mahindra Manulife Flexi Cap Fund,Tvs Motor Company Limited,0.02,,,61.730606,63.15901
Union Midcap Fund,Tvs Motor Company Limited,0.02,,,61.730606,63.15901
Bandhan Small Cap Fund,Gujarat Energy Ltd,0.02,,Utilities,,
HSBC Midcap Fund,JK Cement Ltd,0.02,,Basic Materials,,
Bank of India Large Cap Fund,Tbill,0.02,,,,
Invesco India Flexi Cap Fund,Tvs Motor Company Limited,0.02,,,61.730606,63.15901
Kotak Large Cap Fund,Brainbees Solutions Ltd,0.01,,Consumer Cyclical,49.310524,2.1349332
AXIS Flexi Cap Fund,One Mobikwik Systems Ltd,0.01,,Technology,20.232325,2.9097724
Edelweiss Large Cap Fund,Tvs Motor Company Limited,0.01,,,61.730606,63.15901
Canara Robeco Large Cap Fund,Tvs Motor Company Limited,0.01,,,61.730606,63.15901
Bandhan Small Cap Fund,Bajel Projects Ltd,0.01,,Utilities,,
Parag Parikh Flexi Cap Fund,Jsw Steel Limited July 2026 Future,0.01,,,,
Bandhan Small Cap Fund,Vedanta Power Ltd,0.01,,Utilities,,
Bandhan Small Cap Fund,Butterfly Gandhimathi Appliances Ltd,0.01,,Consumer Cyclical,,
Bandhan Small Cap Fund,GK Energy Ltd,0.01,,Utilities,,
Bandhan Small Cap Fund,Yatra Online Ltd,0.01,,Consumer Cyclical,,
Parag Parikh Flexi Cap Fund,Nesco Ltd,0.01,,Industrials,17.69946,2.4614942
SBI Small Cap Fund,Rossari Biotech Ltd Ordinary Shares,0.01,,Basic Materials,,
NJ Flexi Cap Fund,Wipro Ltd,0.01,,Technology,14.906995,2.3944075
Parag Parikh Flexi Cap Fund,JSW Steel Ltd,0.01,,Basic Materials,12.760185,3.15554
Canara Robeco Large Cap Fund,Kwality Walls India Ltd,0.01,,Consumer Defensive,,
Parag Parikh Flexi Cap Fund,Swaraj Engines Ltd,0.01,,Consumer Cyclical,21.644823,8.947071
Parag Parikh Flexi Cap Fund,Grasim Industries Limited August 2026 Future,0.01,,,,
Parag Parikh Flexi Cap Fund,CIE Automotive India Ltd,0.01,,Consumer Cyclical,17.364637,2.011259
Sundaram Mid Cap Fund,Tvs Motor Company Limited,0.01,,,61.730606,63.15901
Baroda BNP Paribas Mid Cap Fund,Tvs Motor Company Limited,0.01,,,61.730606,63.15901
ITI Large Cap Fund,Tvs Motor Company Limited,0.01,,,61.730606,63.15901
WhiteOak Capital Large Cap Fund,Infosys Ltd,0.01,,Technology,,
Bandhan Small Cap Fund,Vedanta Oil and Gas Ltd,0.01,,Basic Materials,,
Sundaram Large Cap Fund,LG Electronics India Ltd,0.01,,Technology,63.68928,14.048153
WhiteOak Capital Mid Cap Fund,Clean Max Enviro Energy Solutions Ltd,0.01,,Utilities,,
JM Flexicap Fund,Tvs Motor Company Limited,0.01,,,61.730606,63.15901
Bandhan Flexi Cap Fund,Nuvoco Vista Corp Ltd,0.01,,Basic Materials,32.018517,1.207436
Quant Small Cap Fund,Kalyani Steels Ltd,0.01,,Basic Materials,13.904817,1.8791207
Bandhan Midcap Fund,Tvs Motor Company Limited,0.01,,,61.730606,63.15901
Invesco India Smallcap Fund,KSB Ltd,0.01,,Industrials,,
Nippon India Growth Mid Cap Fund,Cash Margin - Ccil,0.01,,,,
SBI Midcap Fund,Margin Amount For Derivative Positions,0.01,,,,
Bank of India Small Cap Fund,Kajaria Ceramics Ltd,0.01,,Industrials,34.01224,6.063991
Bandhan Small Cap Fund,Dam Capital Advisors Ltd,0.01,,Financial Services,14.787938,2.862577
UTI-Mid Cap Fund,Clearing Corporation Of India Ltd. Std - Margin,0.01,,,,
WhiteOak Capital Mid Cap Fund,Page Industries Limited,0.01,,,58.260082,29.617994
HSBC Midcap Fund,APL Apollo Tubes Ltd,0.01,,Basic Materials,44.44946,10.328954
HSBC Midcap Fund,Biocon Ltd,0.01,,Healthcare,125.0,2.0462842
HSBC Midcap Fund,Max Healthcare Institute Ltd Ordinary Shares,0.01,,Healthcare,,
HSBC Midcap Fund,Sundaram Finance Ltd,0.01,,Financial Services,22.8837,3.4346478
HSBC Midcap Fund,Persistent Systems Ltd,0.01,,Technology,44.642857,10.92834
HSBC Midcap Fund,Hindustan Petroleum Corp Ltd,0.01,,Energy,,
WhiteOak Capital Mid Cap Fund,KPIT Technologies Ltd,0.01,,Technology,29.503763,4.822329
Edelweiss Large Cap Fund,Kwality Walls India Ltd,0.01,,Consumer Defensive,,
Nippon India Flexi Cap Fund,Cash Margin - Ccil,0.01,,,,
